Workbook

Sheet BAPR 
B10: BERITA ACARA PEMBAYARAN RETENSI (BAPR)
B11: =DATA!$B$32
Q12: =DATA!$B$35 | R12: ="("&TEXT($Q$12,"[$-21]dd mmmm yyyy")&")"
B13: ="Pada hari ini "&Q13&" tanggal "&Q14&" bulan "&Q15&" tahun "&Q16&" "&R12&", kami yang bertandatangan di bawah ini:" | Q13: =DATA!$B$55
Q14: =DATA!$B$56
B15: 1. | C15: =DATA!$B$69 | F15: : | G15: ="Selaku "&DATA!$B$70&", "&DATA!$B$7&", dalam hal ini bertindak untuk dan atas nama "&DATA!$B$17&", yang berkedudukan di "&DATA!$B$18&", (selanjutnya disebut sebagai PIHAK PERTAMA)." | Q15: =DATA!$B$57
Q16: =DATA!$B$58
B17: 2. | C17: =DATA!$B$22 | F17: : | G17: ="Selaku "&DATA!$B$23&" "&DATA!$B$24&", dalam hal ini bertindak untuk dan atas nama "&DATA!$B$24&" yang berkedudukan di "&DATA!$B$25&", (selanjutnya disebut sebagai PIHAK KEDUA)."
B19: ="Menerangkan bahwa kedua belah pihak telah melakukan pemeriksaan atas "&DATA!$B$6&" untuk "&DATA!$B$7&", dan berdasarkan :"
B21: - | C21: Kontrak dan Tanggal | F21: : | G21: =DATA!$B$4 | K21: Tanggal : | L21: =TEXT(DATA!$B$5,"[$-21]dd mmmm yyyy")
B22: - | C22: Nilai Kontrak | F22: : | G22: =#REF!
B23: - | C23: Waktu Pelaksanaan | F23: : | G23: =TEXT(DATA!$B$8,"[$-21]dd mmmm yyyy") | I23: s/d | J23: =TEXT(DATA!$B$9,"[$-21]dd mmmm yyyy")
B24: - | C24: Berita Acara Serah Terima Pertama | F24: : | G24: ="01/BAST/"&G21 | K24: Tanggal : | L24: =TEXT(DATA!$B$34,"[$-21]dd mmmm yyyy")
B26: - | C26: Uang Muka | F26: : | G26: =DATA!$B$45 | H26: x | I26: =G22 | K26: = | L26: =+G26*I26
B27: - | C27: Retensi | F27: : | G27: =DATA!$B$44 | H27: x | I27: =$I$26 | K27: = | L27: =+G27*I27
B29: ="Menyatakan bahwa masa pemeliharaan atas Surat Perjanjian Konsultan Perencana (SPKP) tersebut diatas telah selesai sesuai BAST, maka Pihak Kedua berhak menerima pembayaran Retensi "&TEXT(DATA!$B$44*100,"General")&" % dengan perincian sebagai berikut :"
B30: Pembayaran Retensi : | G30: BAP | H30: TGL | J30: PROGRESS BAP | O30: Retensi
J31: Saat ini | L31: S/d. Saat Ini | N31: Progress | O31: =DATA!$B$44
B32: - | C32: Atas Potongan Retensi pada : | G32: BAP 1 | H32: =INDEX(DATA!$B$99:$B$104,1) | J32: ='BAP 1'!Q33 | L32: =J32 | N32: =+L32/$I$26 | O32: =+J32*$O$31
G33: BAP 2 | H33: =INDEX(DATA!$B$99:$B$104,2) | J33: ='BAP 2'!Q33 | L33: =J33+L32 | N33: =+L33/$I$26 | O33: =+J33*$O$31
G34: BAP 3 | H34: =INDEX(DATA!$B$99:$B$104,3) | J34: ='BAP 3'!Q33 | L34: =J34+L33 | N34: =+L34/$I$26 | O34: =+J34*$O$31
G35: BAP 4 | H35: =INDEX(DATA!$B$99:$B$104,4) | J35: ='BAP 4'!Q33 | L35: =J35+L34 | N35: =+L35/$I$26 | O35: =+J35*$O$31
G36: BAP 5 | H36: =INDEX(DATA!$B$99:$B$104,5) | J36: ='BAP 5'!Q33 | L36: =J36+L35 | N36: =+L36/$I$26 | O36: =+J36*$O$31
G37: BAP 6 | H37: =INDEX(DATA!$B$99:$B$104,6) | J37: ='BAP 6'!Q33 | L37: =J37+L36 | N37: =+L37/$I$26 | O37: =+J37*$O$31
G38: JUMLAH RETENSI | O38: =SUM(O32:O37)
B40: a) | C40: Perhitungan Pembayaran Retensi :
C41: Hutang Retensi s/d saat ini | H41: : | I41: 1 | J41: x | K41: =O38 | N41: = | O41: =I41*K41
C42: Pembayaran Retensi Periode yang lalu | H42: : | I42: =O42/K42 | J42: x | K42: =K41 | N42: = | O42: 0
C43: Pembayaran Retensi saat ini | H43: : | I43: =I41-I42 | J43: x | K43: =K42 | N43: = | O43: =O41-O42
C44: Pajak Pertambahan Nilai (PPN) | H44: : | N44: = | O44: =ROUNDDOWN($O$43*DATA!$B$11,0)
C46: Jumlah | O46: =O43+O44
B49: Terbilang | D49: : | E49: =" == "&PROPER(IF(O46=0,"nol",IF(O46<0,"minus ","")& SUBSTITUTE(TRIM(SUBSTITUTE(SUBSTITUTE(SUBSTITUTE(SUBSTITUTE(SUBSTITUTE(SUBSTITUTE(SUBSTITUTE(SUBSTITUTE(SUBSTITUTE(SUBSTITUTE(SUBSTITUTE(SUBSTITUTE(SUBSTITUTE(SUBSTITUTE(SUBSTITUTE(SUBSTITUTE(SUBSTITUTE(SUBSTITUTE(SUBSTITUTE(SUBSTITUTE(SUBSTITUTE(SUBSTITUTE(SUBSTITUTE(SUBSTITUTE( IF(--MID(TEXT(ABS(O46),"000000000000000"),1,3)=0,"",MID(TEXT(ABS(O46),"000000000000000"),1,1)&" ratus "&MID(TEXT(ABS(O46),"000000000000000"),2,1)&" puluh "&MID(TEXT(ABS(O46),"000000000000000"),3,1)&" trilyun ")& IF(--MID(TEXT(ABS(O46),"000000000000000"),4,3)=0,"",MID(TEXT(ABS(O46),"000000000000000"),4,1)&" ratus "&MID(TEXT(ABS(O46),"000000000000000"),5,1)&" puluh "&MID(TEXT(ABS(O46),"000000000000000"),6,1)&" milyar ")& IF(--MID(TEXT(ABS(O46),"000000000000000"),7,3)=0,"",MID(TEXT(ABS(O46),"000000000000000"),7,1)&" ratus "&MID(TEXT(ABS(O46),"000000000000000"),8,1)&" puluh "&MID(TEXT(ABS(O46),"000000000000000"),9,1)&" juta ")& IF(--MID(TEXT(ABS(O46),"000000000000000"),10,3)=0,"",IF(--MID(TEXT(ABS(O46),"000000000000000"),10,3)=1,"*",MID(TEXT(ABS(O46),"000000000000000"),10,1)&" ratus "&MID(TEXT(ABS(O46),"000000000000000"),11,1)&" puluh ")&MID(TEXT(ABS(O46),"000000000000000"),12,1)&" ribu ")& IF(--MID(TEXT(ABS(O46),"000000000000000"),13,3)=0,"",MID(TEXT(ABS(O46),"000000000000000"),13,1)&" ratus "&MID(TEXT(ABS(O46),"000000000000000"),14,1)&" puluh "&MID(TEXT(ABS(O46),"000000000000000"),15,1)),1,"satu"),2,"dua"),3,"tiga"),4,"empat"),5,"lima"),6,"enam"),7,"tujuh"),8,"delapan"),9,"sembilan"),"0 ratus",""),"0 puluh",""),"satu puluh 0","sepuluh"),"satu puluh satu","sebelas"),"satu puluh dua","dua belas"),"satu puluh tiga","tiga belas"),"satu puluh empat","empat belas"),"satu puluh lima","lima belas"),"satu puluh enam","enam belas"),"satu puluh tujuh","tujuh belas"),"satu puluh delapan","delapan belas"),"satu puluh sembilan","sembilan belas"),"satu ratus","seratus"),"*satu ribu","seribu"),0,""))," "," ")))&" Rupiah =="
B51: Demikian Berita Acara Pembayaran Retensi ini dibuat untuk dapat dipergunakan sebagaimana mestinya.
B55: PIHAK KEDUA | M55: PIHAK PERTAMA
B56: =UPPER(DATA!$B$24) | M56: =UPPER(DATA!$B$17)
B67: =DATA!$B$22 | M67: =DATA!$B$69
B68: =DATA!$B$23 | M68: =DATA!$B$70
Q71: =O46 | R71: Masukan data
R73: bil asli
R74: =ROUNDUP(Q71,0)
R75: =TEXT(Q71,"0,00")
Q76: bil asli dlm tex | R76: =+IF(RIGHT(R75,0)="00"," Rupiah",CONCATENATE(RIGHT(R75,0)," Rupiah")) | S76: Bil Pecahan ambil dari format utama text
Q77: =TEXT(R75,0)
Q78: =IF(LEN(Q77)>3,VALUE(RIGHT(Q77,3)),+VALUE(RIGHT(Q77,LEN(Q77)))) | R78: =+IF(AND(LEN(Q77)<4,Q78=0)," nol",IF(AND(LEN(Q77)>3,Q78=0),"",VLOOKUP(Q78,sebut,2))) | S78: Bilangan ratusan s/d satuan
Q79: =IF(LEN(Q77)>3,VALUE(+IF(LEN(Q77)>3,RIGHT(LEFT(Q77,(LEN(Q77)-3)),3),0)),0) | R79: =IF(Q79=0,"",IF(AND(Q79=1,LEN(Q79)=1)," Seribu ",VLOOKUP(Q79,sebut,2))) | S79: Bilangan ribuan s/d ratusan
Q80: =IF(LEN(Q77)>6,VALUE(+IF(LEN(Q77)>3,RIGHT(LEFT(Q77,(LEN(Q77)-6)),3),0)),0) | R80: =+IF(Q80=0,"",VLOOKUP(Q80,sebut,2)) | S80: Bilangan jutaan s/d ribuan
Q81: =IF(LEN(Q77)>9,VALUE(+IF(LEN(Q77)>3,RIGHT(LEFT(Q77,(LEN(Q77)-9)),3),0)),0) | R81: =+IF(Q81=0,"",VLOOKUP(Q81,sebut,2)) | S81: Bilangan Milyar s/d jutaan
Q82: =IF(LEN(Q77)>12,VALUE(+IF(LEN(Q77)>3,RIGHT(LEFT(Q77,(LEN(Q77)-12)),3),0)),0) | R82: =+IF(Q82=0,"",VLOOKUP(Q82,sebut,2)) | S82: Bilangan bilyun s/d Milyaran
Q83: =IF(LEN(Q77)>15,VALUE(+IF(LEN(Q77)>3,RIGHT(LEFT(Q77,(LEN(Q77)-15)),3),0)),0) | R83: =+IF(Q83=0,"",VLOOKUP(Q83,sebut,2)) | S83: Bilangan Trilyun s/d bilyunan
R84: =+R76
R85: =+IF(Q78=0,"",R78)
R86: =+IF(Q79=0,"",IF(Q79=1,R79,CONCATENATE(R79," ribu ")))
R87: =+IF(Q80=0,"",CONCATENATE(R80," juta "))
R88: =+IF(Q81=0,"",CONCATENATE(R81," milyar "))
R89: =+IF(Q82=0,"",CONCATENATE(R82," bilyun "))
R90: =+IF(Q83=0,"",CONCATENATE(R83," Trilyun "))
R92: =+Q77
R93: =TRIM(PROPER(+IF(LEN(R92)<19,CONCATENATE(R90,R89,R88,R87,R86,R85," ",R84),"Tulis sendiri …. !!!")))
R94: =IF(Q77="0",CONCATENATE(R78," ",R84),CONCATENATE(UPPER(LEFT(R93,1)),LOWER(RIGHT(R93,LEN(R93)-1))))

Sheet BAP  1
T3: {=INDEX(DATA!$B$99:$B$104,$T$9)} | V3: =TEXT($T$3,"[$-21]dd mmmm yyyy") | W3: =TEXT($T3,"[$-21]dd mmmm yyyy")
T4: =TEXT($T$3,"[$-21]dddd")
T5: =VLOOKUP(DAY($T$3),HELPER!$A$2:$B$100,2,0)
T6: =TEXT($T$3,"[$-21]mmmm")
T7: ="Dua Ribu"&IF(MOD(YEAR($T$3),100)=0,""," "&VLOOKUP(MOD(YEAR($T$3),100),HELPER!$A$2:$B$100,2,0))
T8: TERMIN SHEET INI (1-6)
T9: 1
C10: BERITA ACARA PEMBAYARAN (BAP)
C11: =TEXT($T$9,"00")&"/BAP/"&DATA!$B$4
C13: ="Pada hari ini "&T4&" tanggal "&T5&" bulan "&T6&" tahun "&T7&" ("&V3&"), kami yang bertandatangan di bawah ini:"
C15: 1 | D15: =DATA!$B$69 | I15: : | J15: ="Selaku "&DATA!$B$70&", "&DATA!$B$7&", dalam hal ini bertindak untuk dan atas nama "&DATA!$B$17&" yang berkedudukan di "&DATA!$B$18&" (selanjutnya disebut sebagai PIHAK PERTAMA)."
C16: 2 | D16: =DATA!$B$22 | I16: : | J16: ="Selaku "&DATA!$B$23&" "&DATA!$B$24&", dalam hal ini bertindak untuk dan atas nama "&DATA!$B$24&" yang berkedudukan di "&DATA!$B$25&" (selanjutnya disebut sebagai PIHAK KEDUA)."
C18: ="Menerangkan bahwa kedua belah pihak, telah melakukan pemeriksaan atas "&DATA!$B$6&" pada "&DATA!$B$7&", dan berdasarkan :"
D20: Kontrak / SPK No. dan Tanggal | J20: : | K20: =DATA!$B$4 | N20: Tanggal : | P20: =TEXT(DATA!$B$5,"[$-21]dd mmmm yyyy")
D21: Addendum | J21: : | K21: -
D22: Pekerjaan / Pengadaan | J22: : | K22: =DATA!$B$6
D23: Jangka Waktu Pelaksanaan | J23: : | K23: =TEXT(DATA!$B$8,"[$-21]dd mmmm yyyy") | M23: s/d. | N23: =TEXT(DATA!$B$9,"[$-21]dd mmmm yyyy")
D24: Nilai Kontrak | J24: : | K24: =lamp1!K41 | P24: (Exclude PPN)
D25: Nilai Addendum I | J25: : | K25: 0 | P25: (Exclude PPN 10%)
D26: Uang Muka | J26: : | K26: =DATA!$B$46
D27: Retensi | J27: : | K27: =DATA!$B$47
C28: ="Menyatakan bahwa prestasi pekerjaan yang dicapai oleh PIHAK KEDUA sampai dengan tanggal "&TEXT($T$3,"[$-21]dd mmmm yyyy")&" adalah "&TEXT(BAPP!$K$66,"0.00%")&" sesuai dengan Berita Acara Pemeriksaan Pekerjaan No. "&BAPP!$B$10&", dengan rincian sebagai berikut :"
C29: a | D29: Perhitungan Pembayaran | M29: `
C30: - | D30: Prestasi s/d saat ini | I30: = | J30: =J32+J31 | L30: x | M30: =$K$24 | N30: = | P30: =J30*M30
C31: - | D31: Prestasi yang lalu | I31: = | J31: ='rincian '!T38 | L31: x | M31: =$K$24 | N31: = | P31: =J31*M31
C32: - | D32: Prestasi saat ini | I32: = | J32: =BAPP!K66 | L32: x | M32: =$K$24 | N32: = | P32: =J32*M32
Q33: =P32
C34: b | D34: Potongan Retensi
D35: Potongan Retensi s/d saat ini | I35: = | J35: =$K$27 | L35: x | M35: =M36+M37 | N35: = | P35: =ROUND(J35*M35,0)
D36: Potongan Retensi yang lalu | I36: = | J36: 0 | L36: x | M36: 0 | N36: = | P36: =J36*M36
D37: Potongan Retensi saat ini | I37: = | J37: 0.05 | L37: x | M37: =P32 | N37: = | P37: =ROUND(J37*M37,0)
Q38: =P37
C39: c | D39: Pengembalian Uang Muka
D40: Pengembalian Uang Muka s/d saat ini | I40: = | J40: =$K$26 | L40: x | M40: =M42+M41 | N40: = | P40: =ROUND(J40*M40,0)
D41: Pengembalian Uang Muka yang lalu | I41: = | J41: 0 | L41: x | M41: 0 | N41: = | P41: =J41*M41
D42: Pengembalian Uang saat ini | I42: = | J42: 0 | L42: x | M42: =Q33 | N42: = | P42: =ROUND(J42*M42,0)
Q43: =P42
C45: d. | D45: Potongan Pembayaran
Q47: =SUM(P46)
D48: JUMLAH SETELAH DIKURANGI RETENSI, UANG MUKA (a-b-c) | Q48: =ROUND((Q33-Q38-Q43-Q47),0)
D49: PAJAK PERTAMBAHAN NILAI (PPN) | Q49: =ROUND($Q$48*DATA!$B$11,0)
D50: TOTAL | Q50: =Q48+Q49
D51: Total Pembayaran | Q51: =Q50
C53: Terbilang | E53: : | F53: =" == "&PROPER(IF(Q51=0,"nol",IF(Q51<0,"minus ","")& SUBSTITUTE(TRIM(SUBSTITUTE(SUBSTITUTE(SUBSTITUTE(SUBSTITUTE(SUBSTITUTE(SUBSTITUTE(SUBSTITUTE(SUBSTITUTE(SUBSTITUTE(SUBSTITUTE(SUBSTITUTE(SUBSTITUTE(SUBSTITUTE(SUBSTITUTE(SUBSTITUTE(SUBSTITUTE(SUBSTITUTE(SUBSTITUTE(SUBSTITUTE(SUBSTITUTE(SUBSTITUTE(SUBSTITUTE(SUBSTITUTE(SUBSTITUTE( IF(--MID(TEXT(ABS(Q51),"000000000000000"),1,3)=0,"",MID(TEXT(ABS(Q51),"000000000000000"),1,1)&" ratus "&MID(TEXT(ABS(Q51),"000000000000000"),2,1)&" puluh "&MID(TEXT(ABS(Q51),"000000000000000"),3,1)&" trilyun ")& IF(--MID(TEXT(ABS(Q51),"000000000000000"),4,3)=0,"",MID(TEXT(ABS(Q51),"000000000000000"),4,1)&" ratus "&MID(TEXT(ABS(Q51),"000000000000000"),5,1)&" puluh "&MID(TEXT(ABS(Q51),"000000000000000"),6,1)&" milyar ")& IF(--MID(TEXT(ABS(Q51),"000000000000000"),7,3)=0,"",MID(TEXT(ABS(Q51),"000000000000000"),7,1)&" ratus "&MID(TEXT(ABS(Q51),"000000000000000"),8,1)&" puluh "&MID(TEXT(ABS(Q51),"000000000000000"),9,1)&" juta ")& IF(--MID(TEXT(ABS(Q51),"000000000000000"),10,3)=0,"",IF(--MID(TEXT(ABS(Q51),"000000000000000"),10,3)=1,"*",MID(TEXT(ABS(Q51),"000000000000000"),10,1)&" ratus "&MID(TEXT(ABS(Q51),"000000000000000"),11,1)&" puluh ")&MID(TEXT(ABS(Q51),"000000000000000"),12,1)&" ribu ")& IF(--MID(TEXT(ABS(Q51),"000000000000000"),13,3)=0,"",MID(TEXT(ABS(Q51),"000000000000000"),13,1)&" ratus "&MID(TEXT(ABS(Q51),"000000000000000"),14,1)&" puluh "&MID(TEXT(ABS(Q51),"000000000000000"),15,1)),1,"satu"),2,"dua"),3,"tiga"),4,"empat"),5,"lima"),6,"enam"),7,"tujuh"),8,"delapan"),9,"sembilan"),"0 ratus",""),"0 puluh",""),"satu puluh 0","sepuluh"),"satu puluh satu","sebelas"),"satu puluh dua","dua belas"),"satu puluh tiga","tiga belas"),"satu puluh empat","empat belas"),"satu puluh lima","lima belas"),"satu puluh enam","enam belas"),"satu puluh tujuh","tujuh belas"),"satu puluh delapan","delapan belas"),"satu puluh sembilan","sembilan belas"),"satu ratus","seratus"),"*satu ribu","seribu"),0,""))," "," ")))&" Rupiah =="
C54: Demikian Berita Acara Pembayaran ini dibuat untuk dapat dipergunakan sebagaimana mestinya.
C57: PIHAK KEDUA | P57: PIHAK PERTAMA
C58: =UPPER(DATA!$B$24) | P58: =UPPER(DATA!$B$17)
C67: =DATA!$B$22 | P67: =DATA!$B$69
C68: =DATA!$B$23 | P68: =DATA!$B$70
F71: =""&PROPER(IF(Q51=0,"nol",IF(Q51<0,"minus ","")& SUBSTITUTE(TRIM(SUBSTITUTE(SUBSTITUTE(SUBSTITUTE(SUBSTITUTE(SUBSTITUTE(SUBSTITUTE(SUBSTITUTE(SUBSTITUTE(SUBSTITUTE(SUBSTITUTE(SUBSTITUTE(SUBSTITUTE(SUBSTITUTE(SUBSTITUTE(SUBSTITUTE(SUBSTITUTE(SUBSTITUTE(SUBSTITUTE(SUBSTITUTE(SUBSTITUTE(SUBSTITUTE(SUBSTITUTE(SUBSTITUTE(SUBSTITUTE( IF(--MID(TEXT(ABS(Q51),"000000000000000"),1,3)=0,"",MID(TEXT(ABS(Q51),"000000000000000"),1,1)&" ratus "&MID(TEXT(ABS(Q51),"000000000000000"),2,1)&" puluh "&MID(TEXT(ABS(Q51),"000000000000000"),3,1)&" trilyun ")& IF(--MID(TEXT(ABS(Q51),"000000000000000"),4,3)=0,"",MID(TEXT(ABS(Q51),"000000000000000"),4,1)&" ratus "&MID(TEXT(ABS(Q51),"000000000000000"),5,1)&" puluh "&MID(TEXT(ABS(Q51),"000000000000000"),6,1)&" milyar ")& IF(--MID(TEXT(ABS(Q51),"000000000000000"),7,3)=0,"",MID(TEXT(ABS(Q51),"000000000000000"),7,1)&" ratus "&MID(TEXT(ABS(Q51),"000000000000000"),8,1)&" puluh "&MID(TEXT(ABS(Q51),"000000000000000"),9,1)&" juta ")& IF(--MID(TEXT(ABS(Q51),"000000000000000"),10,3)=0,"",IF(--MID(TEXT(ABS(Q51),"000000000000000"),10,3)=1,"*",MID(TEXT(ABS(Q51),"000000000000000"),10,1)&" ratus "&MID(TEXT(ABS(Q51),"000000000000000"),11,1)&" puluh ")&MID(TEXT(ABS(Q51),"000000000000000"),12,1)&" ribu ")& IF(--MID(TEXT(ABS(Q51),"000000000000000"),13,3)=0,"",MID(TEXT(ABS(Q51),"000000000000000"),13,1)&" ratus "&MID(TEXT(ABS(Q51),"000000000000000"),14,1)&" puluh "&MID(TEXT(ABS(Q51),"000000000000000"),15,1)),1,"satu"),2,"dua"),3,"tiga"),4,"empat"),5,"lima"),6,"enam"),7,"tujuh"),8,"delapan"),9,"sembilan"),"0 ratus",""),"0 puluh",""),"satu puluh 0","sepuluh"),"satu puluh satu","sebelas"),"satu puluh dua","dua belas"),"satu puluh tiga","tiga belas"),"satu puluh empat","empat belas"),"satu puluh lima","lima belas"),"satu puluh enam","enam belas"),"satu puluh tujuh","tujuh belas"),"satu puluh delapan","delapan belas"),"satu puluh sembilan","sembilan belas"),"satu ratus","seratus"),"*satu ribu","seribu"),0,""))," "," ")))&" Rupiah"

Sheet BAP  2
T3: {=INDEX(DATA!$B$99:$B$104,$T$9)} | V3: =TEXT($T$3,"[$-21]dd mmmm yyyy") | W3: =TEXT($T3,"[$-21]dd mmmm yyyy")
T4: =TEXT($T$3,"[$-21]dddd")
T5: =VLOOKUP(DAY($T$3),HELPER!$A$2:$B$100,2,0)
T6: =TEXT($T$3,"[$-21]mmmm")
T7: ="Dua Ribu"&IF(MOD(YEAR($T$3),100)=0,""," "&VLOOKUP(MOD(YEAR($T$3),100),HELPER!$A$2:$B$100,2,0))
T8: TERMIN SHEET INI (1-6)
T9: 2
C10: BERITA ACARA PEMBAYARAN (BAP)
C11: =TEXT($T$9,"00")&"/BAP/"&DATA!$B$4
C13: ="Pada hari ini "&T4&" tanggal "&T5&" bulan "&T6&" tahun "&T7&" ("&V3&"), kami yang bertandatangan di bawah ini:"
C15: 1 | D15: =DATA!$B$69 | I15: : | J15: ="Selaku "&DATA!$B$70&", "&DATA!$B$7&", dalam hal ini bertindak untuk dan atas nama "&DATA!$B$17&" yang berkedudukan di "&DATA!$B$18&" (selanjutnya disebut sebagai PIHAK PERTAMA)."
C16: 2 | D16: =DATA!$B$22 | I16: : | J16: ="Selaku "&DATA!$B$23&" "&DATA!$B$24&", dalam hal ini bertindak untuk dan atas nama "&DATA!$B$24&" yang berkedudukan di "&DATA!$B$25&" (selanjutnya disebut sebagai PIHAK KEDUA)."
C18: ="Menerangkan bahwa kedua belah pihak, telah melakukan pemeriksaan atas "&DATA!$B$6&" pada "&DATA!$B$7&", dan berdasarkan :"
D20: Kontrak / SPK No. dan Tanggal | J20: : | K20: =DATA!$B$4 | N20: Tanggal : | P20: =TEXT(DATA!$B$5,"[$-21]dd mmmm yyyy")
D21: Addendum | J21: : | K21: -
D22: Pekerjaan / Pengadaan | J22: : | K22: =DATA!$B$6
D23: Jangka Waktu Pelaksanaan | J23: : | K23: =TEXT(DATA!$B$8,"[$-21]dd mmmm yyyy") | M23: s/d. | N23: =TEXT(DATA!$B$9,"[$-21]dd mmmm yyyy")
D24: Nilai Kontrak | J24: : | K24: =#REF! | P24: (Exclude PPN)
D25: Nilai Addendum I | J25: : | K25: 0 | P25: (Exclude PPN 10%)
D26: Uang Muka | J26: : | K26: =DATA!$B$46
D27: Retensi | J27: : | K27: =DATA!$B$47
C28: ="Menyatakan bahwa prestasi pekerjaan yang dicapai oleh PIHAK KEDUA sampai dengan tanggal "&TEXT($T$3,"[$-21]dd mmmm yyyy")&" adalah "&TEXT('BAPP 2'!$K$194,"0.00%")&" sesuai dengan Berita Acara Pemeriksaan Pekerjaan No. "&'BAPP 2'!$B$10&", dengan rincian sebagai berikut :"
C29: a | D29: Perhitungan Pembayaran | M29: `
C30: - | D30: Prestasi s/d saat ini | I30: = | J30: =J32+J31 | L30: x | M30: =$K$24 | N30: = | P30: =J30*M30
C31: - | D31: Prestasi yang lalu | I31: = | J31: ='rincian 2'!T166 | L31: x | M31: =$K$24 | N31: = | P31: =J31*M31
C32: - | D32: Prestasi saat ini | I32: = | J32: ='BAPP 2'!K194 | L32: x | M32: =$K$24 | N32: = | P32: =J32*M32
Q33: =P32
C34: b | D34: Potongan Retensi
D35: Potongan Retensi s/d saat ini | I35: = | J35: =$K$27 | L35: x | M35: =M36+M37 | N35: = | P35: =ROUND(J35*M35,0)
D36: Potongan Retensi yang lalu | I36: = | J36: 0 | L36: x | M36: 0 | N36: = | P36: =J36*M36
D37: Potongan Retensi saat ini | I37: = | J37: 0 | L37: x | M37: =P32 | N37: = | P37: =ROUND(J37*M37,0)
Q38: =P37
C39: c | D39: Pengembalian Uang Muka
D40: Pengembalian Uang Muka s/d saat ini | I40: = | J40: =$K$26 | L40: x | M40: =M42+M41 | N40: = | P40: =ROUND(J40*M40,0)
D41: Pengembalian Uang Muka yang lalu | I41: = | J41: 0 | L41: x | M41: 0 | N41: = | P41: =J41*M41
D42: Pengembalian Uang saat ini | I42: = | J42: 0 | L42: x | M42: =Q33 | N42: = | P42: =ROUND(J42*M42,0)
Q43: =P42
C45: d. | D45: Potongan Pembayaran
Q47: =SUM(P46)
D48: JUMLAH SETELAH DIKURANGI RETENSI, UANG MUKA (a-b-c) | Q48: =ROUND((Q33-Q38-Q43-Q47),0)
D49: PAJAK PERTAMBAHAN NILAI (PPN) | Q49: =ROUND($Q$48*DATA!$B$11,0)
D50: TOTAL | Q50: =Q48+Q49
D51: Total Pembayaran | Q51: =Q50
C53: Terbilang | E53: : | F53: =" == "&PROPER(IF(Q51=0,"nol",IF(Q51<0,"minus ","")& SUBSTITUTE(TRIM(SUBSTITUTE(SUBSTITUTE(SUBSTITUTE(SUBSTITUTE(SUBSTITUTE(SUBSTITUTE(SUBSTITUTE(SUBSTITUTE(SUBSTITUTE(SUBSTITUTE(SUBSTITUTE(SUBSTITUTE(SUBSTITUTE(SUBSTITUTE(SUBSTITUTE(SUBSTITUTE(SUBSTITUTE(SUBSTITUTE(SUBSTITUTE(SUBSTITUTE(SUBSTITUTE(SUBSTITUTE(SUBSTITUTE(SUBSTITUTE( IF(--MID(TEXT(ABS(Q51),"000000000000000"),1,3)=0,"",MID(TEXT(ABS(Q51),"000000000000000"),1,1)&" ratus "&MID(TEXT(ABS(Q51),"000000000000000"),2,1)&" puluh "&MID(TEXT(ABS(Q51),"000000000000000"),3,1)&" trilyun ")& IF(--MID(TEXT(ABS(Q51),"000000000000000"),4,3)=0,"",MID(TEXT(ABS(Q51),"000000000000000"),4,1)&" ratus "&MID(TEXT(ABS(Q51),"000000000000000"),5,1)&" puluh "&MID(TEXT(ABS(Q51),"000000000000000"),6,1)&" milyar ")& IF(--MID(TEXT(ABS(Q51),"000000000000000"),7,3)=0,"",MID(TEXT(ABS(Q51),"000000000000000"),7,1)&" ratus "&MID(TEXT(ABS(Q51),"000000000000000"),8,1)&" puluh "&MID(TEXT(ABS(Q51),"000000000000000"),9,1)&" juta ")& IF(--MID(TEXT(ABS(Q51),"000000000000000"),10,3)=0,"",IF(--MID(TEXT(ABS(Q51),"000000000000000"),10,3)=1,"*",MID(TEXT(ABS(Q51),"000000000000000"),10,1)&" ratus "&MID(TEXT(ABS(Q51),"000000000000000"),11,1)&" puluh ")&MID(TEXT(ABS(Q51),"000000000000000"),12,1)&" ribu ")& IF(--MID(TEXT(ABS(Q51),"000000000000000"),13,3)=0,"",MID(TEXT(ABS(Q51),"000000000000000"),13,1)&" ratus "&MID(TEXT(ABS(Q51),"000000000000000"),14,1)&" puluh "&MID(TEXT(ABS(Q51),"000000000000000"),15,1)),1,"satu"),2,"dua"),3,"tiga"),4,"empat"),5,"lima"),6,"enam"),7,"tujuh"),8,"delapan"),9,"sembilan"),"0 ratus",""),"0 puluh",""),"satu puluh 0","sepuluh"),"satu puluh satu","sebelas"),"satu puluh dua","dua belas"),"satu puluh tiga","tiga belas"),"satu puluh empat","empat belas"),"satu puluh lima","lima belas"),"satu puluh enam","enam belas"),"satu puluh tujuh","tujuh belas"),"satu puluh delapan","delapan belas"),"satu puluh sembilan","sembilan belas"),"satu ratus","seratus"),"*satu ribu","seribu"),0,""))," "," ")))&" Rupiah =="
C54: Demikian Berita Acara Pembayaran ini dibuat untuk dapat dipergunakan sebagaimana mestinya.
C57: PIHAK KEDUA | P57: PIHAK PERTAMA
C58: =UPPER(DATA!$B$24) | P58: =UPPER(DATA!$B$17)
C67: =DATA!$B$22 | P67: =DATA!$B$69
C68: =DATA!$B$23 | P68: =DATA!$B$70
F71: =""&PROPER(IF(Q51=0,"nol",IF(Q51<0,"minus ","")& SUBSTITUTE(TRIM(SUBSTITUTE(SUBSTITUTE(SUBSTITUTE(SUBSTITUTE(SUBSTITUTE(SUBSTITUTE(SUBSTITUTE(SUBSTITUTE(SUBSTITUTE(SUBSTITUTE(SUBSTITUTE(SUBSTITUTE(SUBSTITUTE(SUBSTITUTE(SUBSTITUTE(SUBSTITUTE(SUBSTITUTE(SUBSTITUTE(SUBSTITUTE(SUBSTITUTE(SUBSTITUTE(SUBSTITUTE(SUBSTITUTE(SUBSTITUTE( IF(--MID(TEXT(ABS(Q51),"000000000000000"),1,3)=0,"",MID(TEXT(ABS(Q51),"000000000000000"),1,1)&" ratus "&MID(TEXT(ABS(Q51),"000000000000000"),2,1)&" puluh "&MID(TEXT(ABS(Q51),"000000000000000"),3,1)&" trilyun ")& IF(--MID(TEXT(ABS(Q51),"000000000000000"),4,3)=0,"",MID(TEXT(ABS(Q51),"000000000000000"),4,1)&" ratus "&MID(TEXT(ABS(Q51),"000000000000000"),5,1)&" puluh "&MID(TEXT(ABS(Q51),"000000000000000"),6,1)&" milyar ")& IF(--MID(TEXT(ABS(Q51),"000000000000000"),7,3)=0,"",MID(TEXT(ABS(Q51),"000000000000000"),7,1)&" ratus "&MID(TEXT(ABS(Q51),"000000000000000"),8,1)&" puluh "&MID(TEXT(ABS(Q51),"000000000000000"),9,1)&" juta ")& IF(--MID(TEXT(ABS(Q51),"000000000000000"),10,3)=0,"",IF(--MID(TEXT(ABS(Q51),"000000000000000"),10,3)=1,"*",MID(TEXT(ABS(Q51),"000000000000000"),10,1)&" ratus "&MID(TEXT(ABS(Q51),"000000000000000"),11,1)&" puluh ")&MID(TEXT(ABS(Q51),"000000000000000"),12,1)&" ribu ")& IF(--MID(TEXT(ABS(Q51),"000000000000000"),13,3)=0,"",MID(TEXT(ABS(Q51),"000000000000000"),13,1)&" ratus "&MID(TEXT(ABS(Q51),"000000000000000"),14,1)&" puluh "&MID(TEXT(ABS(Q51),"000000000000000"),15,1)),1,"satu"),2,"dua"),3,"tiga"),4,"empat"),5,"lima"),6,"enam"),7,"tujuh"),8,"delapan"),9,"sembilan"),"0 ratus",""),"0 puluh",""),"satu puluh 0","sepuluh"),"satu puluh satu","sebelas"),"satu puluh dua","dua belas"),"satu puluh tiga","tiga belas"),"satu puluh empat","empat belas"),"satu puluh lima","lima belas"),"satu puluh enam","enam belas"),"satu puluh tujuh","tujuh belas"),"satu puluh delapan","delapan belas"),"satu puluh sembilan","sembilan belas"),"satu ratus","seratus"),"*satu ribu","seribu"),0,""))," "," ")))&" Rupiah"

Sheet BAP  3
T3: {=INDEX(DATA!$B$99:$B$104,$T$9)} | V3: =TEXT($T$3,"[$-21]dd mmmm yyyy") | W3: =TEXT($T3,"[$-21]dd mmmm yyyy")
T4: =TEXT($T$3,"[$-21]dddd")
T5: =VLOOKUP(DAY($T$3),HELPER!$A$2:$B$100,2,0)
T6: =TEXT($T$3,"[$-21]mmmm")
T7: ="Dua Ribu"&IF(MOD(YEAR($T$3),100)=0,""," "&VLOOKUP(MOD(YEAR($T$3),100),HELPER!$A$2:$B$100,2,0))
T8: TERMIN SHEET INI (1-6)
T9: 3
C10: BERITA ACARA PEMBAYARAN (BAP)
C11: =TEXT($T$9,"00")&"/BAP/"&DATA!$B$4
C13: ="Pada hari ini "&T4&" tanggal "&T5&" bulan "&T6&" tahun "&T7&" ("&V3&"), kami yang bertandatangan di bawah ini:"
C15: 1 | D15: =DATA!$B$69 | I15: : | J15: ="Selaku "&DATA!$B$70&", "&DATA!$B$7&", dalam hal ini bertindak untuk dan atas nama "&DATA!$B$17&" yang berkedudukan di "&DATA!$B$18&" (selanjutnya disebut sebagai PIHAK PERTAMA)."
C16: 2 | D16: =DATA!$B$22 | I16: : | J16: ="Selaku "&DATA!$B$23&" "&DATA!$B$24&", dalam hal ini bertindak untuk dan atas nama "&DATA!$B$24&" yang berkedudukan di "&DATA!$B$25&" (selanjutnya disebut sebagai PIHAK KEDUA)."
C18: ="Menerangkan bahwa kedua belah pihak, telah melakukan pemeriksaan atas "&DATA!$B$6&" pada "&DATA!$B$7&", dan berdasarkan :"
D20: Kontrak / SPK No. dan Tanggal | J20: : | K20: =DATA!$B$4 | N20: Tanggal : | P20: =TEXT(DATA!$B$5,"[$-21]dd mmmm yyyy")
D21: Addendum | J21: : | K21: -
D22: Pekerjaan / Pengadaan | J22: : | K22: =DATA!$B$6
D23: Jangka Waktu Pelaksanaan | J23: : | K23: =TEXT(DATA!$B$8,"[$-21]dd mmmm yyyy") | M23: s/d. | N23: =TEXT(DATA!$B$9,"[$-21]dd mmmm yyyy")
D24: Nilai Kontrak | J24: : | K24: =#REF! | P24: (Exclude PPN)
D25: Nilai Addendum I | J25: : | K25: 0 | P25: (Exclude PPN 10%)
D26: Uang Muka | J26: : | K26: =DATA!$B$46
D27: Retensi | J27: : | K27: =DATA!$B$47
C28: ="Menyatakan bahwa prestasi pekerjaan yang dicapai oleh PIHAK KEDUA sampai dengan tanggal "&TEXT($T$3,"[$-21]dd mmmm yyyy")&" adalah "&TEXT('BAPP 3'!$K$194,"0.00%")&" sesuai dengan Berita Acara Pemeriksaan Pekerjaan No. "&'BAPP 3'!$B$10&", dengan rincian sebagai berikut :"
C29: a | D29: Perhitungan Pembayaran | M29: `
C30: - | D30: Prestasi s/d saat ini | I30: = | J30: =J32+J31 | L30: x | M30: =$K$24 | N30: = | P30: =J30*M30
C31: - | D31: Prestasi yang lalu | I31: = | J31: ='rincian 3'!T166 | L31: x | M31: =$K$24 | N31: = | P31: =J31*M31
C32: - | D32: Prestasi saat ini | I32: = | J32: ='BAPP 3'!K194 | L32: x | M32: =$K$24 | N32: = | P32: =J32*M32
Q33: =P32
C34: b | D34: Potongan Retensi
D35: Potongan Retensi s/d saat ini | I35: = | J35: =$K$27 | L35: x | M35: =M36+M37 | N35: = | P35: =ROUND(J35*M35,0)
D36: Potongan Retensi yang lalu | I36: = | J36: 0 | L36: x | M36: 0 | N36: = | P36: =J36*M36
D37: Potongan Retensi saat ini | I37: = | J37: 0 | L37: x | M37: =P32 | N37: = | P37: =ROUND(J37*M37,0)
Q38: =P37
C39: c | D39: Pengembalian Uang Muka
D40: Pengembalian Uang Muka s/d saat ini | I40: = | J40: =$K$26 | L40: x | M40: =M42+M41 | N40: = | P40: =ROUND(J40*M40,0)
D41: Pengembalian Uang Muka yang lalu | I41: = | J41: 0 | L41: x | M41: 0 | N41: = | P41: =J41*M41
D42: Pengembalian Uang saat ini | I42: = | J42: 0 | L42: x | M42: =Q33 | N42: = | P42: =ROUND(J42*M42,0)
Q43: =P42
C45: d. | D45: Potongan Pembayaran
Q47: =SUM(P46)
D48: JUMLAH SETELAH DIKURANGI RETENSI, UANG MUKA (a-b-c) | Q48: =ROUND((Q33-Q38-Q43-Q47),0)
D49: PAJAK PERTAMBAHAN NILAI (PPN) | Q49: =ROUND($Q$48*DATA!$B$11,0)
D50: TOTAL | Q50: =Q48+Q49
D51: Total Pembayaran | Q51: =Q50
C53: Terbilang | E53: : | F53: =" == "&PROPER(IF(Q51=0,"nol",IF(Q51<0,"minus ","")& SUBSTITUTE(TRIM(SUBSTITUTE(SUBSTITUTE(SUBSTITUTE(SUBSTITUTE(SUBSTITUTE(SUBSTITUTE(SUBSTITUTE(SUBSTITUTE(SUBSTITUTE(SUBSTITUTE(SUBSTITUTE(SUBSTITUTE(SUBSTITUTE(SUBSTITUTE(SUBSTITUTE(SUBSTITUTE(SUBSTITUTE(SUBSTITUTE(SUBSTITUTE(SUBSTITUTE(SUBSTITUTE(SUBSTITUTE(SUBSTITUTE(SUBSTITUTE( IF(--MID(TEXT(ABS(Q51),"000000000000000"),1,3)=0,"",MID(TEXT(ABS(Q51),"000000000000000"),1,1)&" ratus "&MID(TEXT(ABS(Q51),"000000000000000"),2,1)&" puluh "&MID(TEXT(ABS(Q51),"000000000000000"),3,1)&" trilyun ")& IF(--MID(TEXT(ABS(Q51),"000000000000000"),4,3)=0,"",MID(TEXT(ABS(Q51),"000000000000000"),4,1)&" ratus "&MID(TEXT(ABS(Q51),"000000000000000"),5,1)&" puluh "&MID(TEXT(ABS(Q51),"000000000000000"),6,1)&" milyar ")& IF(--MID(TEXT(ABS(Q51),"000000000000000"),7,3)=0,"",MID(TEXT(ABS(Q51),"000000000000000"),7,1)&" ratus "&MID(TEXT(ABS(Q51),"000000000000000"),8,1)&" puluh "&MID(TEXT(ABS(Q51),"000000000000000"),9,1)&" juta ")& IF(--MID(TEXT(ABS(Q51),"000000000000000"),10,3)=0,"",IF(--MID(TEXT(ABS(Q51),"000000000000000"),10,3)=1,"*",MID(TEXT(ABS(Q51),"000000000000000"),10,1)&" ratus "&MID(TEXT(ABS(Q51),"000000000000000"),11,1)&" puluh ")&MID(TEXT(ABS(Q51),"000000000000000"),12,1)&" ribu ")& IF(--MID(TEXT(ABS(Q51),"000000000000000"),13,3)=0,"",MID(TEXT(ABS(Q51),"000000000000000"),13,1)&" ratus "&MID(TEXT(ABS(Q51),"000000000000000"),14,1)&" puluh "&MID(TEXT(ABS(Q51),"000000000000000"),15,1)),1,"satu"),2,"dua"),3,"tiga"),4,"empat"),5,"lima"),6,"enam"),7,"tujuh"),8,"delapan"),9,"sembilan"),"0 ratus",""),"0 puluh",""),"satu puluh 0","sepuluh"),"satu puluh satu","sebelas"),"satu puluh dua","dua belas"),"satu puluh tiga","tiga belas"),"satu puluh empat","empat belas"),"satu puluh lima","lima belas"),"satu puluh enam","enam belas"),"satu puluh tujuh","tujuh belas"),"satu puluh delapan","delapan belas"),"satu puluh sembilan","sembilan belas"),"satu ratus","seratus"),"*satu ribu","seribu"),0,""))," "," ")))&" Rupiah =="
C54: Demikian Berita Acara Pembayaran ini dibuat untuk dapat dipergunakan sebagaimana mestinya.
C57: PIHAK KEDUA | P57: PIHAK PERTAMA
C58: =UPPER(DATA!$B$24) | P58: =UPPER(DATA!$B$17)
C67: =DATA!$B$22 | P67: =DATA!$B$69
C68: =DATA!$B$23 | P68: =DATA!$B$70
F71: =""&PROPER(IF(Q51=0,"nol",IF(Q51<0,"minus ","")& SUBSTITUTE(TRIM(SUBSTITUTE(SUBSTITUTE(SUBSTITUTE(SUBSTITUTE(SUBSTITUTE(SUBSTITUTE(SUBSTITUTE(SUBSTITUTE(SUBSTITUTE(SUBSTITUTE(SUBSTITUTE(SUBSTITUTE(SUBSTITUTE(SUBSTITUTE(SUBSTITUTE(SUBSTITUTE(SUBSTITUTE(SUBSTITUTE(SUBSTITUTE(SUBSTITUTE(SUBSTITUTE(SUBSTITUTE(SUBSTITUTE(SUBSTITUTE( IF(--MID(TEXT(ABS(Q51),"000000000000000"),1,3)=0,"",MID(TEXT(ABS(Q51),"000000000000000"),1,1)&" ratus "&MID(TEXT(ABS(Q51),"000000000000000"),2,1)&" puluh "&MID(TEXT(ABS(Q51),"000000000000000"),3,1)&" trilyun ")& IF(--MID(TEXT(ABS(Q51),"000000000000000"),4,3)=0,"",MID(TEXT(ABS(Q51),"000000000000000"),4,1)&" ratus "&MID(TEXT(ABS(Q51),"000000000000000"),5,1)&" puluh "&MID(TEXT(ABS(Q51),"000000000000000"),6,1)&" milyar ")& IF(--MID(TEXT(ABS(Q51),"000000000000000"),7,3)=0,"",MID(TEXT(ABS(Q51),"000000000000000"),7,1)&" ratus "&MID(TEXT(ABS(Q51),"000000000000000"),8,1)&" puluh "&MID(TEXT(ABS(Q51),"000000000000000"),9,1)&" juta ")& IF(--MID(TEXT(ABS(Q51),"000000000000000"),10,3)=0,"",IF(--MID(TEXT(ABS(Q51),"000000000000000"),10,3)=1,"*",MID(TEXT(ABS(Q51),"000000000000000"),10,1)&" ratus "&MID(TEXT(ABS(Q51),"000000000000000"),11,1)&" puluh ")&MID(TEXT(ABS(Q51),"000000000000000"),12,1)&" ribu ")& IF(--MID(TEXT(ABS(Q51),"000000000000000"),13,3)=0,"",MID(TEXT(ABS(Q51),"000000000000000"),13,1)&" ratus "&MID(TEXT(ABS(Q51),"000000000000000"),14,1)&" puluh "&MID(TEXT(ABS(Q51),"000000000000000"),15,1)),1,"satu"),2,"dua"),3,"tiga"),4,"empat"),5,"lima"),6,"enam"),7,"tujuh"),8,"delapan"),9,"sembilan"),"0 ratus",""),"0 puluh",""),"satu puluh 0","sepuluh"),"satu puluh satu","sebelas"),"satu puluh dua","dua belas"),"satu puluh tiga","tiga belas"),"satu puluh empat","empat belas"),"satu puluh lima","lima belas"),"satu puluh enam","enam belas"),"satu puluh tujuh","tujuh belas"),"satu puluh delapan","delapan belas"),"satu puluh sembilan","sembilan belas"),"satu ratus","seratus"),"*satu ribu","seribu"),0,""))," "," ")))&" Rupiah"

Sheet BAP  4
T3: {=INDEX(DATA!$B$99:$B$104,$T$9)} | V3: =TEXT($T$3,"[$-21]dd mmmm yyyy") | W3: =TEXT($T3,"[$-21]dd mmmm yyyy")
T4: =TEXT($T$3,"[$-21]dddd")
T5: =VLOOKUP(DAY($T$3),HELPER!$A$2:$B$100,2,0)
T6: =TEXT($T$3,"[$-21]mmmm")
T7: ="Dua Ribu"&IF(MOD(YEAR($T$3),100)=0,""," "&VLOOKUP(MOD(YEAR($T$3),100),HELPER!$A$2:$B$100,2,0))
T8: TERMIN SHEET INI (1-6)
T9: 4
C10: BERITA ACARA PEMBAYARAN (BAP)
C11: =TEXT($T$9,"00")&"/BAP/"&DATA!$B$4
C13: ="Pada hari ini "&T4&" tanggal "&T5&" bulan "&T6&" tahun "&T7&" ("&V3&"), kami yang bertandatangan di bawah ini:"
C15: 1 | D15: =DATA!$B$69 | I15: : | J15: ="Selaku "&DATA!$B$70&", "&DATA!$B$7&", dalam hal ini bertindak untuk dan atas nama "&DATA!$B$17&" yang berkedudukan di "&DATA!$B$18&" (selanjutnya disebut sebagai PIHAK PERTAMA)."
C16: 2 | D16: =DATA!$B$22 | I16: : | J16: ="Selaku "&DATA!$B$23&" "&DATA!$B$24&", dalam hal ini bertindak untuk dan atas nama "&DATA!$B$24&" yang berkedudukan di "&DATA!$B$25&" (selanjutnya disebut sebagai PIHAK KEDUA)."
C18: ="Menerangkan bahwa kedua belah pihak, telah melakukan pemeriksaan atas "&DATA!$B$6&" pada "&DATA!$B$7&", dan berdasarkan :"
D20: Kontrak / SPK No. dan Tanggal | J20: : | K20: =DATA!$B$4 | N20: Tanggal : | P20: =TEXT(DATA!$B$5,"[$-21]dd mmmm yyyy")
D21: Addendum | J21: : | K21: -
D22: Pekerjaan / Pengadaan | J22: : | K22: =DATA!$B$6
D23: Jangka Waktu Pelaksanaan | J23: : | K23: =TEXT(DATA!$B$8,"[$-21]dd mmmm yyyy") | M23: s/d. | N23: =TEXT(DATA!$B$9,"[$-21]dd mmmm yyyy")
D24: Nilai Kontrak | J24: : | K24: =#REF! | P24: (Exclude PPN)
D25: Nilai Addendum I | J25: : | K25: 0 | P25: (Exclude PPN 10%)
D26: Uang Muka | J26: : | K26: =DATA!$B$46
D27: Retensi | J27: : | K27: =DATA!$B$47
C28: ="Menyatakan bahwa prestasi pekerjaan yang dicapai oleh PIHAK KEDUA sampai dengan tanggal "&TEXT($T$3,"[$-21]dd mmmm yyyy")&" adalah "&TEXT('BAPP 4'!$K$194,"0.00%")&" sesuai dengan Berita Acara Pemeriksaan Pekerjaan No. "&'BAPP 4'!$B$10&", dengan rincian sebagai berikut :"
C29: a | D29: Perhitungan Pembayaran | M29: `
C30: - | D30: Prestasi s/d saat ini | I30: = | J30: =J32+J31 | L30: x | M30: =$K$24 | N30: = | P30: =J30*M30
C31: - | D31: Prestasi yang lalu | I31: = | J31: ='rincian 4'!T166 | L31: x | M31: =$K$24 | N31: = | P31: =J31*M31
C32: - | D32: Prestasi saat ini | I32: = | J32: ='BAPP 4'!K194 | L32: x | M32: =$K$24 | N32: = | P32: =J32*M32
Q33: =P32
C34: b | D34: Potongan Retensi
D35: Potongan Retensi s/d saat ini | I35: = | J35: =$K$27 | L35: x | M35: =M36+M37 | N35: = | P35: =ROUND(J35*M35,0)
D36: Potongan Retensi yang lalu | I36: = | J36: 0 | L36: x | M36: 0 | N36: = | P36: =J36*M36
D37: Potongan Retensi saat ini | I37: = | J37: 0 | L37: x | M37: =P32 | N37: = | P37: =ROUND(J37*M37,0)
Q38: =P37
C39: c | D39: Pengembalian Uang Muka
D40: Pengembalian Uang Muka s/d saat ini | I40: = | J40: =$K$26 | L40: x | M40: =M42+M41 | N40: = | P40: =ROUND(J40*M40,0)
D41: Pengembalian Uang Muka yang lalu | I41: = | J41: 0 | L41: x | M41: 0 | N41: = | P41: =J41*M41
D42: Pengembalian Uang saat ini | I42: = | J42: 0 | L42: x | M42: =Q33 | N42: = | P42: =ROUND(J42*M42,0)
Q43: =P42
C45: d. | D45: Potongan Pembayaran
Q47: =SUM(P46)
D48: JUMLAH SETELAH DIKURANGI RETENSI, UANG MUKA (a-b-c) | Q48: =ROUND((Q33-Q38-Q43-Q47),0)
D49: PAJAK PERTAMBAHAN NILAI (PPN) | Q49: =ROUND($Q$48*DATA!$B$11,0)
D50: TOTAL | Q50: =Q48+Q49
D51: Total Pembayaran | Q51: =Q50
C53: Terbilang | E53: : | F53: =" == "&PROPER(IF(Q51=0,"nol",IF(Q51<0,"minus ","")& SUBSTITUTE(TRIM(SUBSTITUTE(SUBSTITUTE(SUBSTITUTE(SUBSTITUTE(SUBSTITUTE(SUBSTITUTE(SUBSTITUTE(SUBSTITUTE(SUBSTITUTE(SUBSTITUTE(SUBSTITUTE(SUBSTITUTE(SUBSTITUTE(SUBSTITUTE(SUBSTITUTE(SUBSTITUTE(SUBSTITUTE(SUBSTITUTE(SUBSTITUTE(SUBSTITUTE(SUBSTITUTE(SUBSTITUTE(SUBSTITUTE(SUBSTITUTE( IF(--MID(TEXT(ABS(Q51),"000000000000000"),1,3)=0,"",MID(TEXT(ABS(Q51),"000000000000000"),1,1)&" ratus "&MID(TEXT(ABS(Q51),"000000000000000"),2,1)&" puluh "&MID(TEXT(ABS(Q51),"000000000000000"),3,1)&" trilyun ")& IF(--MID(TEXT(ABS(Q51),"000000000000000"),4,3)=0,"",MID(TEXT(ABS(Q51),"000000000000000"),4,1)&" ratus "&MID(TEXT(ABS(Q51),"000000000000000"),5,1)&" puluh "&MID(TEXT(ABS(Q51),"000000000000000"),6,1)&" milyar ")& IF(--MID(TEXT(ABS(Q51),"000000000000000"),7,3)=0,"",MID(TEXT(ABS(Q51),"000000000000000"),7,1)&" ratus "&MID(TEXT(ABS(Q51),"000000000000000"),8,1)&" puluh "&MID(TEXT(ABS(Q51),"000000000000000"),9,1)&" juta ")& IF(--MID(TEXT(ABS(Q51),"000000000000000"),10,3)=0,"",IF(--MID(TEXT(ABS(Q51),"000000000000000"),10,3)=1,"*",MID(TEXT(ABS(Q51),"000000000000000"),10,1)&" ratus "&MID(TEXT(ABS(Q51),"000000000000000"),11,1)&" puluh ")&MID(TEXT(ABS(Q51),"000000000000000"),12,1)&" ribu ")& IF(--MID(TEXT(ABS(Q51),"000000000000000"),13,3)=0,"",MID(TEXT(ABS(Q51),"000000000000000"),13,1)&" ratus "&MID(TEXT(ABS(Q51),"000000000000000"),14,1)&" puluh "&MID(TEXT(ABS(Q51),"000000000000000"),15,1)),1,"satu"),2,"dua"),3,"tiga"),4,"empat"),5,"lima"),6,"enam"),7,"tujuh"),8,"delapan"),9,"sembilan"),"0 ratus",""),"0 puluh",""),"satu puluh 0","sepuluh"),"satu puluh satu","sebelas"),"satu puluh dua","dua belas"),"satu puluh tiga","tiga belas"),"satu puluh empat","empat belas"),"satu puluh lima","lima belas"),"satu puluh enam","enam belas"),"satu puluh tujuh","tujuh belas"),"satu puluh delapan","delapan belas"),"satu puluh sembilan","sembilan belas"),"satu ratus","seratus"),"*satu ribu","seribu"),0,""))," "," ")))&" Rupiah =="
C54: Demikian Berita Acara Pembayaran ini dibuat untuk dapat dipergunakan sebagaimana mestinya.
C57: PIHAK KEDUA | P57: PIHAK PERTAMA
C58: =UPPER(DATA!$B$24) | P58: =UPPER(DATA!$B$17)
C67: =DATA!$B$22 | P67: =DATA!$B$69
C68: =DATA!$B$23 | P68: =DATA!$B$70
F71: =""&PROPER(IF(Q51=0,"nol",IF(Q51<0,"minus ","")& SUBSTITUTE(TRIM(SUBSTITUTE(SUBSTITUTE(SUBSTITUTE(SUBSTITUTE(SUBSTITUTE(SUBSTITUTE(SUBSTITUTE(SUBSTITUTE(SUBSTITUTE(SUBSTITUTE(SUBSTITUTE(SUBSTITUTE(SUBSTITUTE(SUBSTITUTE(SUBSTITUTE(SUBSTITUTE(SUBSTITUTE(SUBSTITUTE(SUBSTITUTE(SUBSTITUTE(SUBSTITUTE(SUBSTITUTE(SUBSTITUTE(SUBSTITUTE( IF(--MID(TEXT(ABS(Q51),"000000000000000"),1,3)=0,"",MID(TEXT(ABS(Q51),"000000000000000"),1,1)&" ratus "&MID(TEXT(ABS(Q51),"000000000000000"),2,1)&" puluh "&MID(TEXT(ABS(Q51),"000000000000000"),3,1)&" trilyun ")& IF(--MID(TEXT(ABS(Q51),"000000000000000"),4,3)=0,"",MID(TEXT(ABS(Q51),"000000000000000"),4,1)&" ratus "&MID(TEXT(ABS(Q51),"000000000000000"),5,1)&" puluh "&MID(TEXT(ABS(Q51),"000000000000000"),6,1)&" milyar ")& IF(--MID(TEXT(ABS(Q51),"000000000000000"),7,3)=0,"",MID(TEXT(ABS(Q51),"000000000000000"),7,1)&" ratus "&MID(TEXT(ABS(Q51),"000000000000000"),8,1)&" puluh "&MID(TEXT(ABS(Q51),"000000000000000"),9,1)&" juta ")& IF(--MID(TEXT(ABS(Q51),"000000000000000"),10,3)=0,"",IF(--MID(TEXT(ABS(Q51),"000000000000000"),10,3)=1,"*",MID(TEXT(ABS(Q51),"000000000000000"),10,1)&" ratus "&MID(TEXT(ABS(Q51),"000000000000000"),11,1)&" puluh ")&MID(TEXT(ABS(Q51),"000000000000000"),12,1)&" ribu ")& IF(--MID(TEXT(ABS(Q51),"000000000000000"),13,3)=0,"",MID(TEXT(ABS(Q51),"000000000000000"),13,1)&" ratus "&MID(TEXT(ABS(Q51),"000000000000000"),14,1)&" puluh "&MID(TEXT(ABS(Q51),"000000000000000"),15,1)),1,"satu"),2,"dua"),3,"tiga"),4,"empat"),5,"lima"),6,"enam"),7,"tujuh"),8,"delapan"),9,"sembilan"),"0 ratus",""),"0 puluh",""),"satu puluh 0","sepuluh"),"satu puluh satu","sebelas"),"satu puluh dua","dua belas"),"satu puluh tiga","tiga belas"),"satu puluh empat","empat belas"),"satu puluh lima","lima belas"),"satu puluh enam","enam belas"),"satu puluh tujuh","tujuh belas"),"satu puluh delapan","delapan belas"),"satu puluh sembilan","sembilan belas"),"satu ratus","seratus"),"*satu ribu","seribu"),0,""))," "," ")))&" Rupiah"

Sheet BAP  5
T3: {=INDEX(DATA!$B$99:$B$104,$T$9)} | V3: =TEXT($T$3,"[$-21]dd mmmm yyyy") | W3: =TEXT($T3,"[$-21]dd mmmm yyyy")
T4: =TEXT($T$3,"[$-21]dddd")
T5: =VLOOKUP(DAY($T$3),HELPER!$A$2:$B$100,2,0)
T6: =TEXT($T$3,"[$-21]mmmm")
T7: ="Dua Ribu"&IF(MOD(YEAR($T$3),100)=0,""," "&VLOOKUP(MOD(YEAR($T$3),100),HELPER!$A$2:$B$100,2,0))
T8: TERMIN SHEET INI (1-6)
T9: 5
C10: BERITA ACARA PEMBAYARAN (BAP)
C11: =TEXT($T$9,"00")&"/BAP/"&DATA!$B$4
C13: ="Pada hari ini "&T4&" tanggal "&T5&" bulan "&T6&" tahun "&T7&" ("&V3&"), kami yang bertandatangan di bawah ini:"
C15: 1 | D15: =DATA!$B$69 | I15: : | J15: ="Selaku "&DATA!$B$70&", "&DATA!$B$7&", dalam hal ini bertindak untuk dan atas nama "&DATA!$B$17&" yang berkedudukan di "&DATA!$B$18&" (selanjutnya disebut sebagai PIHAK PERTAMA)."
C16: 2 | D16: =DATA!$B$22 | I16: : | J16: ="Selaku "&DATA!$B$23&" "&DATA!$B$24&", dalam hal ini bertindak untuk dan atas nama "&DATA!$B$24&" yang berkedudukan di "&DATA!$B$25&" (selanjutnya disebut sebagai PIHAK KEDUA)."
C18: ="Menerangkan bahwa kedua belah pihak, telah melakukan pemeriksaan atas "&DATA!$B$6&" pada "&DATA!$B$7&", dan berdasarkan :"
D20: Kontrak / SPK No. dan Tanggal | J20: : | K20: =DATA!$B$4 | N20: Tanggal : | P20: =TEXT(DATA!$B$5,"[$-21]dd mmmm yyyy")
D21: Addendum | J21: : | K21: -
D22: Pekerjaan / Pengadaan | J22: : | K22: =DATA!$B$6
D23: Jangka Waktu Pelaksanaan | J23: : | K23: =TEXT(DATA!$B$8,"[$-21]dd mmmm yyyy") | M23: s/d. | N23: =TEXT(DATA!$B$9,"[$-21]dd mmmm yyyy")
D24: Nilai Kontrak | J24: : | K24: =#REF! | P24: (Exclude PPN)
D25: Nilai Addendum I | J25: : | K25: 0 | P25: (Exclude PPN 10%)
D26: Uang Muka | J26: : | K26: =DATA!$B$46
D27: Retensi | J27: : | K27: =DATA!$B$47
C28: ="Menyatakan bahwa prestasi pekerjaan yang dicapai oleh PIHAK KEDUA sampai dengan tanggal "&TEXT($T$3,"[$-21]dd mmmm yyyy")&" adalah "&TEXT('BAPP 5'!$K$194,"0.00%")&" sesuai dengan Berita Acara Pemeriksaan Pekerjaan No. "&'BAPP 5'!$B$10&", dengan rincian sebagai berikut :"
C29: a | D29: Perhitungan Pembayaran | M29: `
C30: - | D30: Prestasi s/d saat ini | I30: = | J30: =J32+J31 | L30: x | M30: =$K$24 | N30: = | P30: =J30*M30
C31: - | D31: Prestasi yang lalu | I31: = | J31: ='rincian 5'!T166 | L31: x | M31: =$K$24 | N31: = | P31: =J31*M31
C32: - | D32: Prestasi saat ini | I32: = | J32: ='BAPP 5'!K194 | L32: x | M32: =$K$24 | N32: = | P32: =J32*M32
Q33: =P32
C34: b | D34: Potongan Retensi
D35: Potongan Retensi s/d saat ini | I35: = | J35: =$K$27 | L35: x | M35: =M36+M37 | N35: = | P35: =ROUND(J35*M35,0)
D36: Potongan Retensi yang lalu | I36: = | J36: 0 | L36: x | M36: 0 | N36: = | P36: =J36*M36
D37: Potongan Retensi saat ini | I37: = | J37: 0 | L37: x | M37: =P32 | N37: = | P37: =ROUND(J37*M37,0)
Q38: =P37
C39: c | D39: Pengembalian Uang Muka
D40: Pengembalian Uang Muka s/d saat ini | I40: = | J40: =$K$26 | L40: x | M40: =M42+M41 | N40: = | P40: =ROUND(J40*M40,0)
D41: Pengembalian Uang Muka yang lalu | I41: = | J41: 0 | L41: x | M41: 0 | N41: = | P41: =J41*M41
D42: Pengembalian Uang saat ini | I42: = | J42: 0 | L42: x | M42: =Q33 | N42: = | P42: =ROUND(J42*M42,0)
Q43: =P42
C45: d. | D45: Potongan Pembayaran
Q47: =SUM(P46)
D48: JUMLAH SETELAH DIKURANGI RETENSI, UANG MUKA (a-b-c) | Q48: =ROUND((Q33-Q38-Q43-Q47),0)
D49: PAJAK PERTAMBAHAN NILAI (PPN) | Q49: =ROUND($Q$48*DATA!$B$11,0)
D50: TOTAL | Q50: =Q48+Q49
D51: Total Pembayaran | Q51: =Q50
C53: Terbilang | E53: : | F53: =" == "&PROPER(IF(Q51=0,"nol",IF(Q51<0,"minus ","")& SUBSTITUTE(TRIM(SUBSTITUTE(SUBSTITUTE(SUBSTITUTE(SUBSTITUTE(SUBSTITUTE(SUBSTITUTE(SUBSTITUTE(SUBSTITUTE(SUBSTITUTE(SUBSTITUTE(SUBSTITUTE(SUBSTITUTE(SUBSTITUTE(SUBSTITUTE(SUBSTITUTE(SUBSTITUTE(SUBSTITUTE(SUBSTITUTE(SUBSTITUTE(SUBSTITUTE(SUBSTITUTE(SUBSTITUTE(SUBSTITUTE(SUBSTITUTE( IF(--MID(TEXT(ABS(Q51),"000000000000000"),1,3)=0,"",MID(TEXT(ABS(Q51),"000000000000000"),1,1)&" ratus "&MID(TEXT(ABS(Q51),"000000000000000"),2,1)&" puluh "&MID(TEXT(ABS(Q51),"000000000000000"),3,1)&" trilyun ")& IF(--MID(TEXT(ABS(Q51),"000000000000000"),4,3)=0,"",MID(TEXT(ABS(Q51),"000000000000000"),4,1)&" ratus "&MID(TEXT(ABS(Q51),"000000000000000"),5,1)&" puluh "&MID(TEXT(ABS(Q51),"000000000000000"),6,1)&" milyar ")& IF(--MID(TEXT(ABS(Q51),"000000000000000"),7,3)=0,"",MID(TEXT(ABS(Q51),"000000000000000"),7,1)&" ratus "&MID(TEXT(ABS(Q51),"000000000000000"),8,1)&" puluh "&MID(TEXT(ABS(Q51),"000000000000000"),9,1)&" juta ")& IF(--MID(TEXT(ABS(Q51),"000000000000000"),10,3)=0,"",IF(--MID(TEXT(ABS(Q51),"000000000000000"),10,3)=1,"*",MID(TEXT(ABS(Q51),"000000000000000"),10,1)&" ratus "&MID(TEXT(ABS(Q51),"000000000000000"),11,1)&" puluh ")&MID(TEXT(ABS(Q51),"000000000000000"),12,1)&" ribu ")& IF(--MID(TEXT(ABS(Q51),"000000000000000"),13,3)=0,"",MID(TEXT(ABS(Q51),"000000000000000"),13,1)&" ratus "&MID(TEXT(ABS(Q51),"000000000000000"),14,1)&" puluh "&MID(TEXT(ABS(Q51),"000000000000000"),15,1)),1,"satu"),2,"dua"),3,"tiga"),4,"empat"),5,"lima"),6,"enam"),7,"tujuh"),8,"delapan"),9,"sembilan"),"0 ratus",""),"0 puluh",""),"satu puluh 0","sepuluh"),"satu puluh satu","sebelas"),"satu puluh dua","dua belas"),"satu puluh tiga","tiga belas"),"satu puluh empat","empat belas"),"satu puluh lima","lima belas"),"satu puluh enam","enam belas"),"satu puluh tujuh","tujuh belas"),"satu puluh delapan","delapan belas"),"satu puluh sembilan","sembilan belas"),"satu ratus","seratus"),"*satu ribu","seribu"),0,""))," "," ")))&" Rupiah =="
C54: Demikian Berita Acara Pembayaran ini dibuat untuk dapat dipergunakan sebagaimana mestinya.
C57: PIHAK KEDUA | P57: PIHAK PERTAMA
C58: =UPPER(DATA!$B$24) | P58: =UPPER(DATA!$B$17)
C67: =DATA!$B$22 | P67: =DATA!$B$69
C68: =DATA!$B$23 | P68: =DATA!$B$70
F71: =""&PROPER(IF(Q51=0,"nol",IF(Q51<0,"minus ","")& SUBSTITUTE(TRIM(SUBSTITUTE(SUBSTITUTE(SUBSTITUTE(SUBSTITUTE(SUBSTITUTE(SUBSTITUTE(SUBSTITUTE(SUBSTITUTE(SUBSTITUTE(SUBSTITUTE(SUBSTITUTE(SUBSTITUTE(SUBSTITUTE(SUBSTITUTE(SUBSTITUTE(SUBSTITUTE(SUBSTITUTE(SUBSTITUTE(SUBSTITUTE(SUBSTITUTE(SUBSTITUTE(SUBSTITUTE(SUBSTITUTE(SUBSTITUTE( IF(--MID(TEXT(ABS(Q51),"000000000000000"),1,3)=0,"",MID(TEXT(ABS(Q51),"000000000000000"),1,1)&" ratus "&MID(TEXT(ABS(Q51),"000000000000000"),2,1)&" puluh "&MID(TEXT(ABS(Q51),"000000000000000"),3,1)&" trilyun ")& IF(--MID(TEXT(ABS(Q51),"000000000000000"),4,3)=0,"",MID(TEXT(ABS(Q51),"000000000000000"),4,1)&" ratus "&MID(TEXT(ABS(Q51),"000000000000000"),5,1)&" puluh "&MID(TEXT(ABS(Q51),"000000000000000"),6,1)&" milyar ")& IF(--MID(TEXT(ABS(Q51),"000000000000000"),7,3)=0,"",MID(TEXT(ABS(Q51),"000000000000000"),7,1)&" ratus "&MID(TEXT(ABS(Q51),"000000000000000"),8,1)&" puluh "&MID(TEXT(ABS(Q51),"000000000000000"),9,1)&" juta ")& IF(--MID(TEXT(ABS(Q51),"000000000000000"),10,3)=0,"",IF(--MID(TEXT(ABS(Q51),"000000000000000"),10,3)=1,"*",MID(TEXT(ABS(Q51),"000000000000000"),10,1)&" ratus "&MID(TEXT(ABS(Q51),"000000000000000"),11,1)&" puluh ")&MID(TEXT(ABS(Q51),"000000000000000"),12,1)&" ribu ")& IF(--MID(TEXT(ABS(Q51),"000000000000000"),13,3)=0,"",MID(TEXT(ABS(Q51),"000000000000000"),13,1)&" ratus "&MID(TEXT(ABS(Q51),"000000000000000"),14,1)&" puluh "&MID(TEXT(ABS(Q51),"000000000000000"),15,1)),1,"satu"),2,"dua"),3,"tiga"),4,"empat"),5,"lima"),6,"enam"),7,"tujuh"),8,"delapan"),9,"sembilan"),"0 ratus",""),"0 puluh",""),"satu puluh 0","sepuluh"),"satu puluh satu","sebelas"),"satu puluh dua","dua belas"),"satu puluh tiga","tiga belas"),"satu puluh empat","empat belas"),"satu puluh lima","lima belas"),"satu puluh enam","enam belas"),"satu puluh tujuh","tujuh belas"),"satu puluh delapan","delapan belas"),"satu puluh sembilan","sembilan belas"),"satu ratus","seratus"),"*satu ribu","seribu"),0,""))," "," ")))&" Rupiah"

Sheet BAP  6
T3: {=INDEX(DATA!$B$99:$B$104,$T$9)} | V3: =TEXT($T$3,"[$-21]dd mmmm yyyy") | W3: =TEXT($T3,"[$-21]dd mmmm yyyy")
T4: =TEXT($T$3,"[$-21]dddd")
T5: =VLOOKUP(DAY($T$3),HELPER!$A$2:$B$100,2,0)
T6: =TEXT($T$3,"[$-21]mmmm")
T7: ="Dua Ribu"&IF(MOD(YEAR($T$3),100)=0,""," "&VLOOKUP(MOD(YEAR($T$3),100),HELPER!$A$2:$B$100,2,0))
T8: TERMIN SHEET INI (1-6)
T9: 6
C10: BERITA ACARA PEMBAYARAN (BAP)
C11: =TEXT($T$9,"00")&"/BAP/"&DATA!$B$4
C13: ="Pada hari ini "&T4&" tanggal "&T5&" bulan "&T6&" tahun "&T7&" ("&V3&"), kami yang bertandatangan di bawah ini:"
C15: 1 | D15: =DATA!$B$69 | I15: : | J15: ="Selaku "&DATA!$B$70&", "&DATA!$B$7&", dalam hal ini bertindak untuk dan atas nama "&DATA!$B$17&" yang berkedudukan di "&DATA!$B$18&" (selanjutnya disebut sebagai PIHAK PERTAMA)."
C16: 2 | D16: =DATA!$B$22 | I16: : | J16: ="Selaku "&DATA!$B$23&" "&DATA!$B$24&", dalam hal ini bertindak untuk dan atas nama "&DATA!$B$24&" yang berkedudukan di "&DATA!$B$25&" (selanjutnya disebut sebagai PIHAK KEDUA)."
C18: ="Menerangkan bahwa kedua belah pihak, telah melakukan pemeriksaan atas "&DATA!$B$6&" pada "&DATA!$B$7&", dan berdasarkan :"
D20: Kontrak / SPK No. dan Tanggal | J20: : | K20: =DATA!$B$4 | N20: Tanggal : | P20: =TEXT(DATA!$B$5,"[$-21]dd mmmm yyyy")
D21: Addendum | J21: : | K21: -
D22: Pekerjaan / Pengadaan | J22: : | K22: =DATA!$B$6
D23: Jangka Waktu Pelaksanaan | J23: : | K23: =TEXT(DATA!$B$8,"[$-21]dd mmmm yyyy") | M23: s/d. | N23: =TEXT(DATA!$B$9,"[$-21]dd mmmm yyyy")
D24: Nilai Kontrak | J24: : | K24: =#REF! | P24: (Exclude PPN)
D25: Nilai Addendum I | J25: : | K25: 0 | P25: (Exclude PPN 10%)
D26: Uang Muka | J26: : | K26: =DATA!$B$46
D27: Retensi | J27: : | K27: =DATA!$B$47
C28: ="Menyatakan bahwa prestasi pekerjaan yang dicapai oleh PIHAK KEDUA sampai dengan tanggal "&TEXT($T$3,"[$-21]dd mmmm yyyy")&" adalah "&TEXT('BAPP 6'!$K$194,"0.00%")&" sesuai dengan Berita Acara Pemeriksaan Pekerjaan No. "&'BAPP 6'!$B$10&", dengan rincian sebagai berikut :"
C29: a | D29: Perhitungan Pembayaran | M29: `
C30: - | D30: Prestasi s/d saat ini | I30: = | J30: =J32+J31 | L30: x | M30: =$K$24 | N30: = | P30: =J30*M30
C31: - | D31: Prestasi yang lalu | I31: = | J31: ='rincian 6'!T166 | L31: x | M31: =$K$24 | N31: = | P31: =J31*M31
C32: - | D32: Prestasi saat ini | I32: = | J32: ='BAPP 6'!K194 | L32: x | M32: =$K$24 | N32: = | P32: =J32*M32
Q33: =P32
C34: b | D34: Potongan Retensi
D35: Potongan Retensi s/d saat ini | I35: = | J35: =$K$27 | L35: x | M35: =M36+M37 | N35: = | P35: =ROUND(J35*M35,0)
D36: Potongan Retensi yang lalu | I36: = | J36: 0 | L36: x | M36: 0 | N36: = | P36: =J36*M36
D37: Potongan Retensi saat ini | I37: = | J37: 0 | L37: x | M37: =P32 | N37: = | P37: =ROUND(J37*M37,0)
Q38: =P37
C39: c | D39: Pengembalian Uang Muka
D40: Pengembalian Uang Muka s/d saat ini | I40: = | J40: =$K$26 | L40: x | M40: =M42+M41 | N40: = | P40: =ROUND(J40*M40,0)
D41: Pengembalian Uang Muka yang lalu | I41: = | J41: 0 | L41: x | M41: 0 | N41: = | P41: =J41*M41
D42: Pengembalian Uang saat ini | I42: = | J42: 0 | L42: x | M42: =Q33 | N42: = | P42: =ROUND(J42*M42,0)
Q43: =P42
C45: d. | D45: Potongan Pembayaran
Q47: =SUM(P46)
D48: JUMLAH SETELAH DIKURANGI RETENSI, UANG MUKA (a-b-c) | Q48: =ROUND((Q33-Q38-Q43-Q47),0)
D49: PAJAK PERTAMBAHAN NILAI (PPN) | Q49: =ROUND($Q$48*DATA!$B$11,0)
D50: TOTAL | Q50: =Q48+Q49
D51: Total Pembayaran | Q51: =Q50
C53: Terbilang | E53: : | F53: =" == "&PROPER(IF(Q51=0,"nol",IF(Q51<0,"minus ","")& SUBSTITUTE(TRIM(SUBSTITUTE(SUBSTITUTE(SUBSTITUTE(SUBSTITUTE(SUBSTITUTE(SUBSTITUTE(SUBSTITUTE(SUBSTITUTE(SUBSTITUTE(SUBSTITUTE(SUBSTITUTE(SUBSTITUTE(SUBSTITUTE(SUBSTITUTE(SUBSTITUTE(SUBSTITUTE(SUBSTITUTE(SUBSTITUTE(SUBSTITUTE(SUBSTITUTE(SUBSTITUTE(SUBSTITUTE(SUBSTITUTE(SUBSTITUTE( IF(--MID(TEXT(ABS(Q51),"000000000000000"),1,3)=0,"",MID(TEXT(ABS(Q51),"000000000000000"),1,1)&" ratus "&MID(TEXT(ABS(Q51),"000000000000000"),2,1)&" puluh "&MID(TEXT(ABS(Q51),"000000000000000"),3,1)&" trilyun ")& IF(--MID(TEXT(ABS(Q51),"000000000000000"),4,3)=0,"",MID(TEXT(ABS(Q51),"000000000000000"),4,1)&" ratus "&MID(TEXT(ABS(Q51),"000000000000000"),5,1)&" puluh "&MID(TEXT(ABS(Q51),"000000000000000"),6,1)&" milyar ")& IF(--MID(TEXT(ABS(Q51),"000000000000000"),7,3)=0,"",MID(TEXT(ABS(Q51),"000000000000000"),7,1)&" ratus "&MID(TEXT(ABS(Q51),"000000000000000"),8,1)&" puluh "&MID(TEXT(ABS(Q51),"000000000000000"),9,1)&" juta ")& IF(--MID(TEXT(ABS(Q51),"000000000000000"),10,3)=0,"",IF(--MID(TEXT(ABS(Q51),"000000000000000"),10,3)=1,"*",MID(TEXT(ABS(Q51),"000000000000000"),10,1)&" ratus "&MID(TEXT(ABS(Q51),"000000000000000"),11,1)&" puluh ")&MID(TEXT(ABS(Q51),"000000000000000"),12,1)&" ribu ")& IF(--MID(TEXT(ABS(Q51),"000000000000000"),13,3)=0,"",MID(TEXT(ABS(Q51),"000000000000000"),13,1)&" ratus "&MID(TEXT(ABS(Q51),"000000000000000"),14,1)&" puluh "&MID(TEXT(ABS(Q51),"000000000000000"),15,1)),1,"satu"),2,"dua"),3,"tiga"),4,"empat"),5,"lima"),6,"enam"),7,"tujuh"),8,"delapan"),9,"sembilan"),"0 ratus",""),"0 puluh",""),"satu puluh 0","sepuluh"),"satu puluh satu","sebelas"),"satu puluh dua","dua belas"),"satu puluh tiga","tiga belas"),"satu puluh empat","empat belas"),"satu puluh lima","lima belas"),"satu puluh enam","enam belas"),"satu puluh tujuh","tujuh belas"),"satu puluh delapan","delapan belas"),"satu puluh sembilan","sembilan belas"),"satu ratus","seratus"),"*satu ribu","seribu"),0,""))," "," ")))&" Rupiah =="
C54: Demikian Berita Acara Pembayaran ini dibuat untuk dapat dipergunakan sebagaimana mestinya.
C57: PIHAK KEDUA | P57: PIHAK PERTAMA
C58: =UPPER(DATA!$B$24) | P58: =UPPER(DATA!$B$17)
C67: =DATA!$B$22 | P67: =DATA!$B$69
C68: =DATA!$B$23 | P68: =DATA!$B$70
F71: =""&PROPER(IF(Q51=0,"nol",IF(Q51<0,"minus ","")& SUBSTITUTE(TRIM(SUBSTITUTE(SUBSTITUTE(SUBSTITUTE(SUBSTITUTE(SUBSTITUTE(SUBSTITUTE(SUBSTITUTE(SUBSTITUTE(SUBSTITUTE(SUBSTITUTE(SUBSTITUTE(SUBSTITUTE(SUBSTITUTE(SUBSTITUTE(SUBSTITUTE(SUBSTITUTE(SUBSTITUTE(SUBSTITUTE(SUBSTITUTE(SUBSTITUTE(SUBSTITUTE(SUBSTITUTE(SUBSTITUTE(SUBSTITUTE( IF(--MID(TEXT(ABS(Q51),"000000000000000"),1,3)=0,"",MID(TEXT(ABS(Q51),"000000000000000"),1,1)&" ratus "&MID(TEXT(ABS(Q51),"000000000000000"),2,1)&" puluh "&MID(TEXT(ABS(Q51),"000000000000000"),3,1)&" trilyun ")& IF(--MID(TEXT(ABS(Q51),"000000000000000"),4,3)=0,"",MID(TEXT(ABS(Q51),"000000000000000"),4,1)&" ratus "&MID(TEXT(ABS(Q51),"000000000000000"),5,1)&" puluh "&MID(TEXT(ABS(Q51),"000000000000000"),6,1)&" milyar ")& IF(--MID(TEXT(ABS(Q51),"000000000000000"),7,3)=0,"",MID(TEXT(ABS(Q51),"000000000000000"),7,1)&" ratus "&MID(TEXT(ABS(Q51),"000000000000000"),8,1)&" puluh "&MID(TEXT(ABS(Q51),"000000000000000"),9,1)&" juta ")& IF(--MID(TEXT(ABS(Q51),"000000000000000"),10,3)=0,"",IF(--MID(TEXT(ABS(Q51),"000000000000000"),10,3)=1,"*",MID(TEXT(ABS(Q51),"000000000000000"),10,1)&" ratus "&MID(TEXT(ABS(Q51),"000000000000000"),11,1)&" puluh ")&MID(TEXT(ABS(Q51),"000000000000000"),12,1)&" ribu ")& IF(--MID(TEXT(ABS(Q51),"000000000000000"),13,3)=0,"",MID(TEXT(ABS(Q51),"000000000000000"),13,1)&" ratus "&MID(TEXT(ABS(Q51),"000000000000000"),14,1)&" puluh "&MID(TEXT(ABS(Q51),"000000000000000"),15,1)),1,"satu"),2,"dua"),3,"tiga"),4,"empat"),5,"lima"),6,"enam"),7,"tujuh"),8,"delapan"),9,"sembilan"),"0 ratus",""),"0 puluh",""),"satu puluh 0","sepuluh"),"satu puluh satu","sebelas"),"satu puluh dua","dua belas"),"satu puluh tiga","tiga belas"),"satu puluh empat","empat belas"),"satu puluh lima","lima belas"),"satu puluh enam","enam belas"),"satu puluh tujuh","tujuh belas"),"satu puluh delapan","delapan belas"),"satu puluh sembilan","sembilan belas"),"satu ratus","seratus"),"*satu ribu","seribu"),0,""))," "," ")))&" Rupiah"

Sheet BAPP
T2: {=INDEX(DATA!$B$99:$B$104,$T$8)} | V2: =TEXT($T$2,"[$-21]dd mmmm yyyy") | W2: =TEXT(T2,"[$-21]dd mmmm yyyy")
T3: =TEXT($T$2,"[$-21]dddd")
T4: =VLOOKUP(DAY($T$2),HELPER!$A$2:$B$100,2,0)
T5: =TEXT($T$2,"[$-21]mmmm")
T6: ="Dua Ribu"&IF(MOD(YEAR($T$2),100)=0,""," "&VLOOKUP(MOD(YEAR($T$2),100),HELPER!$A$2:$B$100,2,0))
T7: TERMIN SHEET INI (1-6)
T8: 1
B9: BERITA ACARA PRESTASI PEKERJAAN
B10: =TEXT($T$8,"00")&"/BAPP/"&DATA!$B$4
C12: ="Pada hari ini "&T3&" tanggal "&T4&" bulan "&T5&" tahun "&T6&" ("&V2&"), kami yang bertandatangan di bawah ini:"
C14: I | D14: =DATA!$B$14 | E14: : | F14: ="Selaku "&DATA!$B$16&", Proyek "&DATA!$B$7&", dalam hal ini bertindak untuk dan atas nama "&DATA!$B$17&", yang berkedudukan di "&DATA!$B$18
U15: Selaku Project Coordinator, Proyek Design and Build Perkuatan Dermaga Barat JICT Pelabuhan Tanjung Priok, dalam hal ini bertindak untuk dan atas nama Waskita - Nindya KSO, yang berkedudukan di Gedung Waskita IDSurvey TowerJl. M.T. Haryono Kavling No.10, Jatinegara, Jakarta Timur
F16: yang selanjutnya disebut PIHAK PERTAMA
C18: II | D18: =DATA!$B$22 | E18: : | F18: ="Selaku "&DATA!$B$23&" "&DATA!$B$24&", dalam hal ini bertindak untuk dan atas nama "&DATA!$B$24&" yang berkedudukan di "&DATA!$B$25
F19: yang selanjutnya disebut PIHAK KEDUA
C21: ="Menerangkan bahwa kedua belah pihak telah setuju dan sepakat melakukan pemeriksaan pekerjaan sesuai dengan lampiran SPPP Nomor "&DATA!$B$4&", dan menyetujui prestasi pekerjaan berdasakan :"
C23: 1 | D23: Kontrak / SPK No. dan Tanggal | G23: : | H23: =DATA!$B$4 | L23: , tanggal : | M23: =TEXT(DATA!$B$5,"[$-21]dd mmmm yyyy")
C24: 2 | D24: Nilai Kontrak | G24: : | H24: Rp. | I24: =lamp1!K41 | K24: (Exclude PPN)
C25: 3 | D25: Waktu pelaksanaan | G25: : | H25: =TEXT(DATA!$B$8,"[$-21]dd mmmm yyyy") | J25: s.d. | K25: =TEXT(DATA!$B$9,"[$-21]dd mmmm yyyy")
C26: Dengan rincian sebagai berikut :
J28: Volume | K28: Realisasi Volume Pekerjaan | Q28: Jumlah
J29: sesuai | K29: B A | L29: Periode Ini | M29: B A | N29: B A | O29: Sisa yang | P29: Harga | Q29: Harga
B30: No | C30: Macam Pekerjaan | J30: SPK / | K30: s / d | M30: s / d | N30: yang | O30: belum | P30: Satuan | Q30: yang
J31: Kontrak | K31: yang lalu | M31: Saat Ini | N31: ditagihkan | O31: di BA kan | Q31: ditagihkan
B32: 1 | C32: 2 | J32: 3 | K32: 4 | L32: 5 | M32: 6 = 4+5 | N32: 7 | O32: 8 = 3 - 6 | P32: 9 | Q32: 10 = 7 x 9
C34: ='rincian '!C11
C35: =lamp1!C14
B36: =lamp1!B15 | C36: ='rincian '!C13
C37: =lamp1!C16
B38: =lamp1!B17 | D38: =lamp1!D17 | J38: =lamp1!H17 | K38: ='rincian '!S15 | L38: ='rincian '!U15 | M38: =K38+L38 | N38: =L38 | O38: =J38-M38 | P38: =lamp1!J17 | Q38: =N38*P38
B39: =lamp1!B18 | D39: =lamp1!D18 | J39: =lamp1!H18 | K39: ='rincian '!S16 | L39: ='rincian '!U16 | M39: =K39+L39 | N39: =L39 | O39: =J39-M39 | P39: =lamp1!J18 | Q39: =N39*P39
B40: =lamp1!B19 | D40: =lamp1!D19 | J40: =lamp1!H19 | K40: ='rincian '!S17 | L40: ='rincian '!U17 | M40: =K40+L40 | N40: =L40 | O40: =J40-M40 | P40: =lamp1!J19 | Q40: =N40*P40
B41: =lamp1!B20 | D41: =lamp1!D20 | J41: =lamp1!H20 | K41: ='rincian '!S18 | L41: ='rincian '!U18 | M41: =K41+L41 | N41: =L41 | O41: =J41-M41 | P41: =lamp1!J20 | Q41: =N41*P41
B42: =lamp1!B21 | D42: =lamp1!D21 | J42: =lamp1!H21 | K42: ='rincian '!S19 | L42: ='rincian '!U19 | M42: =K42+L42 | N42: =L42 | O42: =J42-M42 | P42: =lamp1!J21 | Q42: =N42*P42
B43: =lamp1!B22 | D43: =lamp1!D22 | J43: =lamp1!H22 | K43: ='rincian '!S20 | L43: ='rincian '!U20 | M43: =K43+L43 | N43: =L43 | O43: =J43-M43 | P43: =lamp1!J22 | Q43: =N43*P43
B44: =lamp1!B23 | D44: =lamp1!D23 | J44: - | K44: - | L44: - | M44: - | N44: - | O44: - | P44: =lamp1!J23 | Q44: 0
B45: =lamp1!B24 | D45: =lamp1!D24 | J45: =lamp1!H24 | K45: ='rincian '!S22 | L45: ='rincian '!U22 | M45: =K45+L45 | N45: =L45 | O45: =J45-M45 | P45: =lamp1!J24 | Q45: =N45*P45
B47: =lamp1!B26 | C47: =lamp1!C26
C48: =lamp1!C27
B49: =lamp1!B28 | D49: =lamp1!D28 | J49: =lamp1!H28 | K49: ='rincian '!S36 | L49: ='rincian '!U36 | M49: =K49+L49 | N49: =L49 | O49: =J49-M49 | P49: =lamp1!J28 | Q49: =N49*P49
B50: =lamp1!B29 | D50: =lamp1!D29 | J50: =lamp1!H29 | K50: ='rincian '!S37 | L50: ='rincian '!U37 | M50: =K50+L50 | N50: =L50 | O50: =J50-M50 | P50: =lamp1!J29 | Q50: =N50*P50
B51: =lamp1!B30 | D51: =lamp1!D30 | J51: =lamp1!H30 | K51: ='rincian '!S38 | L51: ='rincian '!U38 | M51: =K51+L51 | N51: =L51 | O51: =J51-M51 | P51: =lamp1!J30 | Q51: =N51*P51
B52: =lamp1!B31 | D52: =lamp1!D31 | J52: =lamp1!H31 | K52: ='rincian '!S39 | L52: ='rincian '!U39 | M52: =K52+L52 | N52: =L52 | O52: =J52-M52 | P52: =lamp1!J31 | Q52: =N52*P52
B53: =lamp1!B32 | D53: =lamp1!D32 | J53: =lamp1!H32 | K53: ='rincian '!S40 | L53: ='rincian '!U40 | M53: =K53+L53 | N53: =L53 | O53: =J53-M53 | P53: =lamp1!J32 | Q53: =N53*P53
B54: =lamp1!B33 | D54: =lamp1!D33 | J54: =lamp1!H33 | K54: ='rincian '!S41 | L54: ='rincian '!U41 | M54: =K54+L54 | N54: =L54 | O54: =J54-M54 | P54: =lamp1!J33 | Q54: =N54*P54
B55: =lamp1!B34 | D55: =lamp1!D34 | J55: =lamp1!H34 | K55: ='rincian '!S42 | L55: ='rincian '!U42 | M55: =K55+L55 | N55: =L55 | O55: =J55-M55 | P55: =lamp1!J34 | Q55: =N55*P55
B56: =lamp1!B35 | D56: =lamp1!D35 | J56: - | K56: - | L56: - | M56: - | N56: - | O56: - | P56: =lamp1!J35 | Q56: 0
B57: =lamp1!B36 | D57: =lamp1!D36 | J57: - | K57: - | L57: - | M57: - | N57: - | O57: - | P57: =lamp1!J36 | Q57: 0
B58: =lamp1!B37 | D58: =lamp1!D37 | J58: =lamp1!H37 | K58: ='rincian '!S45 | L58: ='rincian '!U45 | M58: =K58+L58 | N58: =L58 | O58: =J58-M58 | P58: =lamp1!J37 | Q58: =N58*P58
B59: =lamp1!B38 | D59: =lamp1!D38 | J59: =lamp1!H38 | K59: ='rincian '!S46 | L59: ='rincian '!U46 | M59: =K59+L59 | N59: =L59 | O59: =J59-M59 | P59: =lamp1!J38 | Q59: =N59*P59
D61: JUMLAH | Q61: =SUM(Q38:Q59)
C63: Maka PIHAK KEDUA berhak menerima pembayaran dengan perhitungan sebagai berikut :
C64: 1 | D64: Prestasi s / d saat ini | J64: : | K64: ='rincian '!X38 | M64: = Rp | N64: =K64*$I$24 | P64: ( dari kolom 10 )
C65: 2 | D65: Prestasi s / d yang lalu | J65: : | K65: ='rincian '!T38 | M65: = Rp | N65: =K65*$I$24 | P65: ( - )
C66: 3 | D66: Prestasi yang dapat dibayarkan saat ini | J66: : | K66: =N66/$I$24 | M66: = Rp | N66: =N64-N65
C67: 4 | D67: Potongan : | K67: =K64*100
D68: - Uang muka | J68: : | K68: =N68/$I$24 | M68: = Rp | N68: 0 | P68: ( - )
D69: - Retensi | J69: : | K69: 0.05 | M69: = Rp | N69: =N66*K69 | P69: ( - )
C70: 5 | D70: Jumlah pembayaran yang diterima | J70: : | M70: = Rp | N70: =N66-N68-N69
C72: Demikian Berita Acara Prestasi Pekerjaan ini dibuat untuk dapat dipergunakan sebagaimana mestinya.
D74: PIHAK KEDUA | N74: PIHAK PERTAMA
D75: =UPPER(DATA!$B$24) | N75: =UPPER(DATA!$B$17)
D82: =DATA!$B$22 | N82: =D14
D83: =DATA!$B$23 | N83: =DATA!$B$16

Sheet BAPP 2
T2: {=INDEX(DATA!$B$99:$B$104,$T$8)} | V2: =TEXT($T$2,"[$-21]dd mmmm yyyy") | W2: =TEXT(T2,"[$-21]dd mmmm yyyy")
T3: =TEXT($T$2,"[$-21]dddd")
T4: =VLOOKUP(DAY($T$2),HELPER!$A$2:$B$100,2,0)
T5: =TEXT($T$2,"[$-21]mmmm")
T6: ="Dua Ribu"&IF(MOD(YEAR($T$2),100)=0,""," "&VLOOKUP(MOD(YEAR($T$2),100),HELPER!$A$2:$B$100,2,0))
T7: TERMIN SHEET INI (1-6)
T8: 2
B9: BERITA ACARA PRESTASI PEKERJAAN
B10: =TEXT($T$8,"00")&"/BAPP/"&DATA!$B$4
C12: ="Pada hari ini "&T3&" tanggal "&T4&" bulan "&T5&" tahun "&T6&" ("&V2&"), kami yang bertandatangan di bawah ini:"
C14: I | D14: =DATA!$B$14 | E14: : | F14: ="Selaku "&DATA!$B$16&", Proyek "&DATA!$B$7&", dalam hal ini bertindak untuk dan atas nama "&DATA!$B$17&", yang berkedudukan di "&DATA!$B$18
U15: Selaku Project Coordinator, Proyek Design and Build Perkuatan Dermaga Barat JICT Pelabuhan Tanjung Priok, dalam hal ini bertindak untuk dan atas nama Waskita - Nindya KSO, yang berkedudukan di Gedung Waskita IDSurvey TowerJl. M.T. Haryono Kavling No.10, Jatinegara, Jakarta Timur
F16: yang selanjutnya disebut PIHAK PERTAMA
C18: II | D18: =DATA!$B$22 | E18: : | F18: ="Selaku "&DATA!$B$23&" "&DATA!$B$24&", dalam hal ini bertindak untuk dan atas nama "&DATA!$B$24&" yang berkedudukan di "&DATA!$B$25
F19: yang selanjutnya disebut PIHAK KEDUA
C21: ="Menerangkan bahwa kedua belah pihak telah setuju dan sepakat melakukan pemeriksaan pekerjaan sesuai dengan lampiran SPKP Nomor "&DATA!$B$4&", dan menyetujui prestasi pekerjaan berdasakan :"
C23: 1 | D23: Kontrak / SPK No. dan Tanggal | G23: : | H23: =DATA!$B$4 | L23: , tanggal : | M23: =TEXT(DATA!$B$5,"[$-21]dd mmmm yyyy")
C24: 2 | D24: Nilai Kontrak | G24: : | H24: Rp. | I24: =#REF! | K24: (Exclude PPN)
C25: 3 | D25: Waktu pelaksanaan | G25: : | H25: =TEXT(DATA!$B$8,"[$-21]dd mmmm yyyy") | J25: s.d. | K25: =TEXT(DATA!$B$9,"[$-21]dd mmmm yyyy")
C26: Dengan rincian sebagai berikut :
J28: Volume | K28: Realisasi Volume Pekerjaan | Q28: Jumlah
J29: sesuai | K29: B A | L29: Periode Ini | M29: B A | N29: B A | O29: Sisa yang | P29: Harga | Q29: Harga
B30: No | C30: Macam Pekerjaan | J30: SPK / | K30: s / d | M30: s / d | N30: yang | O30: belum | P30: Satuan | Q30: yang
J31: Kontrak | K31: yang lalu | M31: Saat Ini | N31: ditagihkan | O31: di BA kan | Q31: ditagihkan
B32: 1 | C32: 2 | J32: 3 | K32: 4 | L32: 5 | M32: 6 = 4+5 | N32: 7 | O32: 8 = 3 - 6 | P32: 9 | Q32: 10 = 7 x 9
C34: ='rincian 2'!C11
B35: =#REF! | D35: =IF(#REF!<>"",#REF!,IF(#REF!<>"",#REF!,""))
B36: =#REF! | D36: =IF(#REF!<>"",#REF!,IF(#REF!<>"",#REF!,""))
B37: =#REF! | D37: =IF(#REF!<>"",#REF!,IF(#REF!<>"",#REF!,"")) | J37: =#REF! | K37: ='rincian 2'!S14 | L37: ='rincian 2'!U14 | M37: =K37+L37 | N37: =L37 | O37: =J37-M37 | P37: =#REF! | Q37: =N37*P37
B38: =#REF! | D38: =IF(#REF!<>"",#REF!,IF(#REF!<>"",#REF!,"")) | J38: =#REF! | K38: ='rincian 2'!S15 | L38: ='rincian 2'!U15 | M38: =K38+L38 | N38: =L38 | O38: =J38-M38 | P38: =#REF! | Q38: =N38*P38
B39: =#REF! | D39: =IF(#REF!<>"",#REF!,IF(#REF!<>"",#REF!,"")) | J39: =#REF! | K39: ='rincian 2'!S16 | L39: ='rincian 2'!U16 | M39: =K39+L39 | N39: =L39 | O39: =J39-M39 | P39: =#REF! | Q39: =N39*P39
B40: =#REF! | D40: =IF(#REF!<>"",#REF!,IF(#REF!<>"",#REF!,"")) | J40: =#REF! | K40: ='rincian 2'!S17 | L40: ='rincian 2'!U17 | M40: =K40+L40 | N40: =L40 | O40: =J40-M40 | P40: =#REF! | Q40: =N40*P40
B41: =#REF! | D41: =IF(#REF!<>"",#REF!,IF(#REF!<>"",#REF!,""))
B42: =#REF! | D42: =IF(#REF!<>"",#REF!,IF(#REF!<>"",#REF!,"")) | J42: =#REF! | K42: ='rincian 2'!S19 | L42: ='rincian 2'!U19 | M42: =K42+L42 | N42: =L42 | O42: =J42-M42 | P42: =#REF! | Q42: =N42*P42
B43: =#REF! | D43: =IF(#REF!<>"",#REF!,IF(#REF!<>"",#REF!,"")) | J43: =#REF! | K43: ='rincian 2'!S20 | L43: ='rincian 2'!U20 | M43: =K43+L43 | N43: =L43 | O43: =J43-M43 | P43: =#REF! | Q43: =N43*P43
B44: =#REF! | D44: =IF(#REF!<>"",#REF!,IF(#REF!<>"",#REF!,"")) | J44: =#REF! | K44: ='rincian 2'!S21 | L44: ='rincian 2'!U21 | M44: =K44+L44 | N44: =L44 | O44: =J44-M44 | P44: =#REF! | Q44: =N44*P44
B45: =#REF! | D45: =IF(#REF!<>"",#REF!,IF(#REF!<>"",#REF!,"")) | J45: =#REF! | K45: ='rincian 2'!S22 | L45: ='rincian 2'!U22 | M45: =K45+L45 | N45: =L45 | O45: =J45-M45 | P45: =#REF! | Q45: =N45*P45
B46: =#REF! | D46: =IF(#REF!<>"",#REF!,IF(#REF!<>"",#REF!,"")) | J46: =#REF! | K46: ='rincian 2'!S23 | L46: ='rincian 2'!U23 | M46: =K46+L46 | N46: =L46 | O46: =J46-M46 | P46: =#REF! | Q46: =N46*P46
B47: =#REF! | D47: =IF(#REF!<>"",#REF!,IF(#REF!<>"",#REF!,"")) | J47: =#REF! | K47: ='rincian 2'!S24 | L47: ='rincian 2'!U24 | M47: =K47+L47 | N47: =L47 | O47: =J47-M47 | P47: =#REF! | Q47: =N47*P47
B48: =#REF! | D48: =IF(#REF!<>"",#REF!,IF(#REF!<>"",#REF!,""))
B49: =#REF! | D49: =IF(#REF!<>"",#REF!,IF(#REF!<>"",#REF!,"")) | J49: =#REF! | K49: ='rincian 2'!S26 | L49: ='rincian 2'!U26 | M49: =K49+L49 | N49: =L49 | O49: =J49-M49 | P49: =#REF! | Q49: =N49*P49
B50: =#REF! | D50: =IF(#REF!<>"",#REF!,IF(#REF!<>"",#REF!,"")) | J50: =#REF! | K50: ='rincian 2'!S27 | L50: ='rincian 2'!U27 | M50: =K50+L50 | N50: =L50 | O50: =J50-M50 | P50: =#REF! | Q50: =N50*P50
B51: =#REF! | D51: =IF(#REF!<>"",#REF!,IF(#REF!<>"",#REF!,"")) | J51: =#REF! | K51: ='rincian 2'!S28 | L51: ='rincian 2'!U28 | M51: =K51+L51 | N51: =L51 | O51: =J51-M51 | P51: =#REF! | Q51: =N51*P51
B52: =#REF! | D52: =IF(#REF!<>"",#REF!,IF(#REF!<>"",#REF!,"")) | J52: =#REF! | K52: ='rincian 2'!S29 | L52: ='rincian 2'!U29 | M52: =K52+L52 | N52: =L52 | O52: =J52-M52 | P52: =#REF! | Q52: =N52*P52
B53: =#REF! | D53: =IF(#REF!<>"",#REF!,IF(#REF!<>"",#REF!,""))
B54: =#REF! | D54: =IF(#REF!<>"",#REF!,IF(#REF!<>"",#REF!,"")) | J54: =#REF! | K54: ='rincian 2'!S31 | L54: ='rincian 2'!U31 | M54: =K54+L54 | N54: =L54 | O54: =J54-M54 | P54: =#REF! | Q54: =N54*P54
B55: =#REF! | D55: =IF(#REF!<>"",#REF!,IF(#REF!<>"",#REF!,"")) | J55: =#REF! | K55: ='rincian 2'!S32 | L55: ='rincian 2'!U32 | M55: =K55+L55 | N55: =L55 | O55: =J55-M55 | P55: =#REF! | Q55: =N55*P55
B56: =#REF! | D56: =IF(#REF!<>"",#REF!,IF(#REF!<>"",#REF!,"")) | J56: =#REF! | K56: ='rincian 2'!S33 | L56: ='rincian 2'!U33 | M56: =K56+L56 | N56: =L56 | O56: =J56-M56 | P56: =#REF! | Q56: =N56*P56
B57: =#REF! | D57: =IF(#REF!<>"",#REF!,IF(#REF!<>"",#REF!,"")) | J57: =#REF! | K57: ='rincian 2'!S34 | L57: ='rincian 2'!U34 | M57: =K57+L57 | N57: =L57 | O57: =J57-M57 | P57: =#REF! | Q57: =N57*P57
B58: =#REF! | D58: =IF(#REF!<>"",#REF!,IF(#REF!<>"",#REF!,"")) | J58: =#REF! | K58: ='rincian 2'!S35 | L58: ='rincian 2'!U35 | M58: =K58+L58 | N58: =L58 | O58: =J58-M58 | P58: =#REF! | Q58: =N58*P58
B59: =#REF! | D59: =IF(#REF!<>"",#REF!,IF(#REF!<>"",#REF!,""))
B60: =#REF! | D60: =IF(#REF!<>"",#REF!,IF(#REF!<>"",#REF!,"")) | J60: =#REF! | K60: ='rincian 2'!S37 | L60: ='rincian 2'!U37 | M60: =K60+L60 | N60: =L60 | O60: =J60-M60 | P60: =#REF! | Q60: =N60*P60
B61: =#REF! | D61: =IF(#REF!<>"",#REF!,IF(#REF!<>"",#REF!,"")) | J61: =#REF! | K61: ='rincian 2'!S38 | L61: ='rincian 2'!U38 | M61: =K61+L61 | N61: =L61 | O61: =J61-M61 | P61: =#REF! | Q61: =N61*P61
B62: =#REF! | D62: =IF(#REF!<>"",#REF!,IF(#REF!<>"",#REF!,"")) | J62: =#REF! | K62: ='rincian 2'!S39 | L62: ='rincian 2'!U39 | M62: =K62+L62 | N62: =L62 | O62: =J62-M62 | P62: =#REF! | Q62: =N62*P62
B63: =#REF! | D63: =IF(#REF!<>"",#REF!,IF(#REF!<>"",#REF!,"")) | J63: =#REF! | K63: ='rincian 2'!S40 | L63: ='rincian 2'!U40 | M63: =K63+L63 | N63: =L63 | O63: =J63-M63 | P63: =#REF! | Q63: =N63*P63
B64: =#REF! | D64: =IF(#REF!<>"",#REF!,IF(#REF!<>"",#REF!,"")) | J64: =#REF! | K64: ='rincian 2'!S41 | L64: ='rincian 2'!U41 | M64: =K64+L64 | N64: =L64 | O64: =J64-M64 | P64: =#REF! | Q64: =N64*P64
B65: =#REF! | D65: =IF(#REF!<>"",#REF!,IF(#REF!<>"",#REF!,"")) | J65: =#REF! | K65: ='rincian 2'!S42 | L65: ='rincian 2'!U42 | M65: =K65+L65 | N65: =L65 | O65: =J65-M65 | P65: =#REF! | Q65: =N65*P65
B66: =#REF! | D66: =IF(#REF!<>"",#REF!,IF(#REF!<>"",#REF!,"")) | J66: =#REF! | K66: ='rincian 2'!S43 | L66: ='rincian 2'!U43 | M66: =K66+L66 | N66: =L66 | O66: =J66-M66 | P66: =#REF! | Q66: =N66*P66
B67: =#REF! | D67: =IF(#REF!<>"",#REF!,IF(#REF!<>"",#REF!,"")) | J67: =#REF! | K67: ='rincian 2'!S44 | L67: ='rincian 2'!U44 | M67: =K67+L67 | N67: =L67 | O67: =J67-M67 | P67: =#REF! | Q67: =N67*P67
B68: =#REF! | D68: =IF(#REF!<>"",#REF!,IF(#REF!<>"",#REF!,"")) | J68: =#REF! | K68: ='rincian 2'!S45 | L68: ='rincian 2'!U45 | M68: =K68+L68 | N68: =L68 | O68: =J68-M68 | P68: =#REF! | Q68: =N68*P68
B69: =#REF! | D69: =IF(#REF!<>"",#REF!,IF(#REF!<>"",#REF!,"")) | J69: =#REF! | K69: ='rincian 2'!S46 | L69: ='rincian 2'!U46 | M69: =K69+L69 | N69: =L69 | O69: =J69-M69 | P69: =#REF! | Q69: =N69*P69
B70: =#REF! | D70: =IF(#REF!<>"",#REF!,IF(#REF!<>"",#REF!,"")) | J70: =#REF! | K70: ='rincian 2'!S47 | L70: ='rincian 2'!U47 | M70: =K70+L70 | N70: =L70 | O70: =J70-M70 | P70: =#REF! | Q70: =N70*P70
B71: =#REF! | D71: =IF(#REF!<>"",#REF!,IF(#REF!<>"",#REF!,"")) | J71: =#REF! | K71: ='rincian 2'!S48 | L71: ='rincian 2'!U48 | M71: =K71+L71 | N71: =L71 | O71: =J71-M71 | P71: =#REF! | Q71: =N71*P71
... B76: =#REF! | D76: =IF(#REF!<>"",#REF!,IF(#REF!<>"",#REF!,"")) | J76: =#REF! | K76: ='rincian 2'!S53 | L76: ='rincian 2'!U53 | M76: =K76+L76 | N76: =L76 | O76: =J76-M76 | P76: =#REF! | Q76: =N76*P76
B77: =#REF! | D77: =IF(#REF!<>"",#REF!,IF(#REF!<>"",#REF!,""))
B78: =#REF! | D78: =IF(#REF!<>"",#REF!,IF(#REF!<>"",#REF!,""))
B79: =#REF! | D79: =IF(#REF!<>"",#REF!,IF(#REF!<>"",#REF!,""))
B80: =#REF! | D80: =IF(#REF!<>"",#REF!,IF(#REF!<>"",#REF!,"")) | J80: =#REF! | K80: ='rincian 2'!S57 | L80: ='rincian 2'!U57 | M80: =K80+L80 | N80: =L80 | O80: =J80-M80 | P80: =#REF! | Q80: =N80*P80
B81: =#REF! | D81: =IF(#REF!<>"",#REF!,IF(#REF!<>"",#REF!,"")) | J81: =#REF! | K81: ='rincian 2'!S58 | L81: ='rincian 2'!U58 | M81: =K81+L81 | N81: =L81 | O81: =J81-M81 | P81: =#REF! | Q81: =N81*P81
B82: =#REF! | D82: =IF(#REF!<>"",#REF!,IF(#REF!<>"",#REF!,"")) | J82: =#REF! | K82: ='rincian 2'!S59 | L82: ='rincian 2'!U59 | M82: =K82+L82 | N82: =L82 | O82: =J82-M82 | P82: =#REF! | Q82: =N82*P82
B83: =#REF! | D83: =IF(#REF!<>"",#REF!,IF(#REF!<>"",#REF!,"")) | J83: =#REF! | K83: ='rincian 2'!S60 | L83: ='rincian 2'!U60 | M83: =K83+L83 | N83: =L83 | O83: =J83-M83 | P83: =#REF! | Q83: =N83*P83
B84: =#REF! | D84: =IF(#REF!<>"",#REF!,IF(#REF!<>"",#REF!,""))
B85: =#REF! | D85: =IF(#REF!<>"",#REF!,IF(#REF!<>"",#REF!,"")) | J85: =#REF! | K85: ='rincian 2'!S62 | L85: ='rincian 2'!U62 | M85: =K85+L85 | N85: =L85 | O85: =J85-M85 | P85: =#REF! | Q85: =N85*P85
B86: =#REF! | D86: =IF(#REF!<>"",#REF!,IF(#REF!<>"",#REF!,"")) | J86: =#REF! | K86: ='rincian 2'!S63 | L86: ='rincian 2'!U63 | M86: =K86+L86 | N86: =L86 | O86: =J86-M86 | P86: =#REF! | Q86: =N86*P86
B87: =#REF! | D87: =IF(#REF!<>"",#REF!,IF(#REF!<>"",#REF!,"")) | J87: =#REF! | K87: ='rincian 2'!S64 | L87: ='rincian 2'!U64 | M87: =K87+L87 | N87: =L87 | O87: =J87-M87 | P87: =#REF! | Q87: =N87*P87
B88: =#REF! | D88: =IF(#REF!<>"",#REF!,IF(#REF!<>"",#REF!,"")) | J88: =#REF! | K88: ='rincian 2'!S65 | L88: ='rincian 2'!U65 | M88: =K88+L88 | N88: =L88 | O88: =J88-M88 | P88: =#REF! | Q88: =N88*P88
B89: =#REF! | D89: =IF(#REF!<>"",#REF!,IF(#REF!<>"",#REF!,"")) | J89: =#REF! | K89: ='rincian 2'!S66 | L89: ='rincian 2'!U66 | M89: =K89+L89 | N89: =L89 | O89: =J89-M89 | P89: =#REF! | Q89: =N89*P89
B90: =#REF! | D90: =IF(#REF!<>"",#REF!,IF(#REF!<>"",#REF!,""))
B91: =#REF! | D91: =IF(#REF!<>"",#REF!,IF(#REF!<>"",#REF!,"")) | J91: =#REF! | K91: ='rincian 2'!S68 | L91: ='rincian 2'!U68 | M91: =K91+L91 | N91: =L91 | O91: =J91-M91 | P91: =#REF! | Q91: =N91*P91
B92: =#REF! | D92: =IF(#REF!<>"",#REF!,IF(#REF!<>"",#REF!,"")) | J92: =#REF! | K92: ='rincian 2'!S69 | L92: ='rincian 2'!U69 | M92: =K92+L92 | N92: =L92 | O92: =J92-M92 | P92: =#REF! | Q92: =N92*P92
B93: =#REF! | D93: =IF(#REF!<>"",#REF!,IF(#REF!<>"",#REF!,"")) | J93: =#REF! | K93: ='rincian 2'!S70 | L93: ='rincian 2'!U70 | M93: =K93+L93 | N93: =L93 | O93: =J93-M93 | P93: =#REF! | Q93: =N93*P93
B94: =#REF! | D94: =IF(#REF!<>"",#REF!,IF(#REF!<>"",#REF!,"")) | J94: =#REF! | K94: ='rincian 2'!S71 | L94: ='rincian 2'!U71 | M94: =K94+L94 | N94: =L94 | O94: =J94-M94 | P94: =#REF! | Q94: =N94*P94
B95: =#REF! | D95: =IF(#REF!<>"",#REF!,IF(#REF!<>"",#REF!,"")) | J95: =#REF! | K95: ='rincian 2'!S72 | L95: ='rincian 2'!U72 | M95: =K95+L95 | N95: =L95 | O95: =J95-M95 | P95: =#REF! | Q95: =N95*P95
B96: =#REF! | D96: =IF(#REF!<>"",#REF!,IF(#REF!<>"",#REF!,"")) | J96: =#REF! | K96: ='rincian 2'!S73 | L96: ='rincian 2'!U73 | M96: =K96+L96 | N96: =L96 | O96: =J96-M96 | P96: =#REF! | Q96: =N96*P96
B97: =#REF! | D97: =IF(#REF!<>"",#REF!,IF(#REF!<>"",#REF!,"")) | J97: =#REF! | K97: ='rincian 2'!S74 | L97: ='rincian 2'!U74 | M97: =K97+L97 | N97: =L97 | O97: =J97-M97 | P97: =#REF! | Q97: =N97*P97
B98: =#REF! | D98: =IF(#REF!<>"",#REF!,IF(#REF!<>"",#REF!,"")) | J98: =#REF! | K98: ='rincian 2'!S75 | L98: ='rincian 2'!U75 | M98: =K98+L98 | N98: =L98 | O98: =J98-M98 | P98: =#REF! | Q98: =N98*P98
B99: =#REF! | D99: =IF(#REF!<>"",#REF!,IF(#REF!<>"",#REF!,"")) | J99: =#REF! | K99: ='rincian 2'!S76 | L99: ='rincian 2'!U76 | M99: =K99+L99 | N99: =L99 | O99: =J99-M99 | P99: =#REF! | Q99: =N99*P99
B100: =#REF! | D100: =IF(#REF!<>"",#REF!,IF(#REF!<>"",#REF!,"")) | J100: =#REF! | K100: ='rincian 2'!S77 | L100: ='rincian 2'!U77 | M100: =K100+L100 | N100: =L100 | O100: =J100-M100 | P100: =#REF! | Q100: =N100*P100
B101: =#REF! | D101: =IF(#REF!<>"",#REF!,IF(#REF!<>"",#REF!,"")) | J101: =#REF! | K101: ='rincian 2'!S78 | L101: ='rincian 2'!U78 | M101: =K101+L101 | N101: =L101 | O101: =J101-M101 | P101: =#REF! | Q101: =N101*P101
B102: =#REF! | D102: =IF(#REF!<>"",#REF!,IF(#REF!<>"",#REF!,""))
B103: =#REF! | D103: =IF(#REF!<>"",#REF!,IF(#REF!<>"",#REF!,"")) | J103: =#REF! | K103: ='rincian 2'!S80 | L103: ='rincian 2'!U80 | M103: =K103+L103 | N103: =L103 | O103: =J103-M103 | P103: =#REF! | Q103: =N103*P103
B104: =#REF! | D104: =IF(#REF!<>"",#REF!,IF(#REF!<>"",#REF!,"")) | J104: =#REF! | K104: ='rincian 2'!S81 | L104: ='rincian 2'!U81 | M104: =K104+L104 | N104: =L104 | O104: =J104-M104 | P104: =#REF! | Q104: =N104*P104
B105: =#REF! | D105: =IF(#REF!<>"",#REF!,IF(#REF!<>"",#REF!,"")) | J105: =#REF! | K105: ='rincian 2'!S82 | L105: ='rincian 2'!U82 | M105: =K105+L105 | N105: =L105 | O105: =J105-M105 | P105: =#REF! | Q105: =N105*P105
B106: =#REF! | D106: =IF(#REF!<>"",#REF!,IF(#REF!<>"",#REF!,""))
B107: =#REF! | D107: =IF(#REF!<>"",#REF!,IF(#REF!<>"",#REF!,"")) | J107: =#REF! | K107: ='rincian 2'!S84 | L107: ='rincian 2'!U84 | M107: =K107+L107 | N107: =L107 | O107: =J107-M107 | P107: =#REF! | Q107: =N107*P107
B108: =#REF! | D108: =IF(#REF!<>"",#REF!,IF(#REF!<>"",#REF!,"")) | J108: =#REF! | K108: ='rincian 2'!S85 | L108: ='rincian 2'!U85 | M108: =K108+L108 | N108: =L108 | O108: =J108-M108 | P108: =#REF! | Q108: =N108*P108
B109: =#REF! | D109: =IF(#REF!<>"",#REF!,IF(#REF!<>"",#REF!,"")) | J109: =#REF! | K109: ='rincian 2'!S86 | L109: ='rincian 2'!U86 | M109: =K109+L109 | N109: =L109 | O109: =J109-M109 | P109: =#REF! | Q109: =N109*P109
B110: =#REF! | D110: =IF(#REF!<>"",#REF!,IF(#REF!<>"",#REF!,""))
B111: =#REF! | D111: =IF(#REF!<>"",#REF!,IF(#REF!<>"",#REF!,"")) | J111: =#REF! | K111: ='rincian 2'!S88 | L111: ='rincian 2'!U88 | M111: =K111+L111 | N111: =L111 | O111: =J111-M111 | P111: =#REF! | Q111: =N111*P111
B112: =#REF! | D112: =IF(#REF!<>"",#REF!,IF(#REF!<>"",#REF!,"")) | J112: =#REF! | K112: ='rincian 2'!S89 | L112: ='rincian 2'!U89 | M112: =K112+L112 | N112: =L112 | O112: =J112-M112 | P112: =#REF! | Q112: =N112*P112
...

Sheet BAPP 3
T2: {=INDEX(DATA!$B$99:$B$104,$T$8)} | V2: =TEXT($T$2,"[$-21]dd mmmm yyyy") | W2: =TEXT(T2,"[$-21]dd mmmm yyyy")
T3: =TEXT($T$2,"[$-21]dddd")
T4: =VLOOKUP(DAY($T$2),HELPER!$A$2:$B$100,2,0)
T5: =TEXT($T$2,"[$-21]mmmm")
T6: ="Dua Ribu"&IF(MOD(YEAR($T$2),100)=0,""," "&VLOOKUP(MOD(YEAR($T$2),100),HELPER!$A$2:$B$100,2,0))
T7: TERMIN SHEET INI (1-6)
T8: 3
B9: BERITA ACARA PRESTASI PEKERJAAN
B10: =TEXT($T$8,"00")&"/BAPP/"&DATA!$B$4
C12: ="Pada hari ini "&T3&" tanggal "&T4&" bulan "&T5&" tahun "&T6&" ("&V2&"), kami yang bertandatangan di bawah ini:"
C14: I | D14: =DATA!$B$14 | E14: : | F14: ="Selaku "&DATA!$B$16&", Proyek "&DATA!$B$7&", dalam hal ini bertindak untuk dan atas nama "&DATA!$B$17&", yang berkedudukan di "&DATA!$B$18
U15: Selaku Project Coordinator, Proyek Design and Build Perkuatan Dermaga Barat JICT Pelabuhan Tanjung Priok, dalam hal ini bertindak untuk dan atas nama Waskita - Nindya KSO, yang berkedudukan di Gedung Waskita IDSurvey TowerJl. M.T. Haryono Kavling No.10, Jatinegara, Jakarta Timur
F16: yang selanjutnya disebut PIHAK PERTAMA
C18: II | D18: =DATA!$B$22 | E18: : | F18: ="Selaku "&DATA!$B$23&" "&DATA!$B$24&", dalam hal ini bertindak untuk dan atas nama "&DATA!$B$24&" yang berkedudukan di "&DATA!$B$25
F19: yang selanjutnya disebut PIHAK KEDUA
C21: ="Menerangkan bahwa kedua belah pihak telah setuju dan sepakat melakukan pemeriksaan pekerjaan sesuai dengan lampiran SPKP Nomor "&DATA!$B$4&", dan menyetujui prestasi pekerjaan berdasakan :"
C23: 1 | D23: Kontrak / SPK No. dan Tanggal | G23: : | H23: =DATA!$B$4 | L23: , tanggal : | M23: =TEXT(DATA!$B$5,"[$-21]dd mmmm yyyy")
C24: 2 | D24: Nilai Kontrak | G24: : | H24: Rp. | I24: =#REF! | K24: (Exclude PPN)
C25: 3 | D25: Waktu pelaksanaan | G25: : | H25: =TEXT(DATA!$B$8,"[$-21]dd mmmm yyyy") | J25: s.d. | K25: =TEXT(DATA!$B$9,"[$-21]dd mmmm yyyy")
C26: Dengan rincian sebagai berikut :
J28: Volume | K28: Realisasi Volume Pekerjaan | Q28: Jumlah
J29: sesuai | K29: B A | L29: Periode Ini | M29: B A | N29: B A | O29: Sisa yang | P29: Harga | Q29: Harga
B30: No | C30: Macam Pekerjaan | J30: SPK / | K30: s / d | M30: s / d | N30: yang | O30: belum | P30: Satuan | Q30: yang
J31: Kontrak | K31: yang lalu | M31: Saat Ini | N31: ditagihkan | O31: di BA kan | Q31: ditagihkan
B32: 1 | C32: 2 | J32: 3 | K32: 4 | L32: 5 | M32: 6 = 4+5 | N32: 7 | O32: 8 = 3 - 6 | P32: 9 | Q32: 10 = 7 x 9
C34: ='rincian 3'!C11
B35: =#REF! | D35: =IF(#REF!<>"",#REF!,IF(#REF!<>"",#REF!,""))
B36: =#REF! | D36: =IF(#REF!<>"",#REF!,IF(#REF!<>"",#REF!,""))
B37: =#REF! | D37: =IF(#REF!<>"",#REF!,IF(#REF!<>"",#REF!,"")) | J37: =#REF! | K37: ='rincian 3'!S14 | L37: ='rincian 3'!U14 | M37: =K37+L37 | N37: =L37 | O37: =J37-M37 | P37: =#REF! | Q37: =N37*P37
B38: =#REF! | D38: =IF(#REF!<>"",#REF!,IF(#REF!<>"",#REF!,"")) | J38: =#REF! | K38: ='rincian 3'!S15 | L38: ='rincian 3'!U15 | M38: =K38+L38 | N38: =L38 | O38: =J38-M38 | P38: =#REF! | Q38: =N38*P38
B39: =#REF! | D39: =IF(#REF!<>"",#REF!,IF(#REF!<>"",#REF!,"")) | J39: =#REF! | K39: ='rincian 3'!S16 | L39: ='rincian 3'!U16 | M39: =K39+L39 | N39: =L39 | O39: =J39-M39 | P39: =#REF! | Q39: =N39*P39
B40: =#REF! | D40: =IF(#REF!<>"",#REF!,IF(#REF!<>"",#REF!,"")) | J40: =#REF! | K40: ='rincian 3'!S17 | L40: ='rincian 3'!U17 | M40: =K40+L40 | N40: =L40 | O40: =J40-M40 | P40: =#REF! | Q40: =N40*P40
B41: =#REF! | D41: =IF(#REF!<>"",#REF!,IF(#REF!<>"",#REF!,""))
B42: =#REF! | D42: =IF(#REF!<>"",#REF!,IF(#REF!<>"",#REF!,"")) | J42: =#REF! | K42: ='rincian 3'!S19 | L42: ='rincian 3'!U19 | M42: =K42+L42 | N42: =L42 | O42: =J42-M42 | P42: =#REF! | Q42: =N42*P42
B43: =#REF! | D43: =IF(#REF!<>"",#REF!,IF(#REF!<>"",#REF!,"")) | J43: =#REF! | K43: ='rincian 3'!S20 | L43: ='rincian 3'!U20 | M43: =K43+L43 | N43: =L43 | O43: =J43-M43 | P43: =#REF! | Q43: =N43*P43
B44: =#REF! | D44: =IF(#REF!<>"",#REF!,IF(#REF!<>"",#REF!,"")) | J44: =#REF! | K44: ='rincian 3'!S21 | L44: ='rincian 3'!U21 | M44: =K44+L44 | N44: =L44 | O44: =J44-M44 | P44: =#REF! | Q44: =N44*P44
B45: =#REF! | D45: =IF(#REF!<>"",#REF!,IF(#REF!<>"",#REF!,"")) | J45: =#REF! | K45: ='rincian 3'!S22 | L45: ='rincian 3'!U22 | M45: =K45+L45 | N45: =L45 | O45: =J45-M45 | P45: =#REF! | Q45: =N45*P45
B46: =#REF! | D46: =IF(#REF!<>"",#REF!,IF(#REF!<>"",#REF!,"")) | J46: =#REF! | K46: ='rincian 3'!S23 | L46: ='rincian 3'!U23 | M46: =K46+L46 | N46: =L46 | O46: =J46-M46 | P46: =#REF! | Q46: =N46*P46
B47: =#REF! | D47: =IF(#REF!<>"",#REF!,IF(#REF!<>"",#REF!,"")) | J47: =#REF! | K47: ='rincian 3'!S24 | L47: ='rincian 3'!U24 | M47: =K47+L47 | N47: =L47 | O47: =J47-M47 | P47: =#REF! | Q47: =N47*P47
B48: =#REF! | D48: =IF(#REF!<>"",#REF!,IF(#REF!<>"",#REF!,""))
B49: =#REF! | D49: =IF(#REF!<>"",#REF!,IF(#REF!<>"",#REF!,"")) | J49: =#REF! | K49: ='rincian 3'!S26 | L49: ='rincian 3'!U26 | M49: =K49+L49 | N49: =L49 | O49: =J49-M49 | P49: =#REF! | Q49: =N49*P49
B50: =#REF! | D50: =IF(#REF!<>"",#REF!,IF(#REF!<>"",#REF!,"")) | J50: =#REF! | K50: ='rincian 3'!S27 | L50: ='rincian 3'!U27 | M50: =K50+L50 | N50: =L50 | O50: =J50-M50 | P50: =#REF! | Q50: =N50*P50
B51: =#REF! | D51: =IF(#REF!<>"",#REF!,IF(#REF!<>"",#REF!,"")) | J51: =#REF! | K51: ='rincian 3'!S28 | L51: ='rincian 3'!U28 | M51: =K51+L51 | N51: =L51 | O51: =J51-M51 | P51: =#REF! | Q51: =N51*P51
B52: =#REF! | D52: =IF(#REF!<>"",#REF!,IF(#REF!<>"",#REF!,"")) | J52: =#REF! | K52: ='rincian 3'!S29 | L52: ='rincian 3'!U29 | M52: =K52+L52 | N52: =L52 | O52: =J52-M52 | P52: =#REF! | Q52: =N52*P52
B53: =#REF! | D53: =IF(#REF!<>"",#REF!,IF(#REF!<>"",#REF!,""))
B54: =#REF! | D54: =IF(#REF!<>"",#REF!,IF(#REF!<>"",#REF!,"")) | J54: =#REF! | K54: ='rincian 3'!S31 | L54: ='rincian 3'!U31 | M54: =K54+L54 | N54: =L54 | O54: =J54-M54 | P54: =#REF! | Q54: =N54*P54
B55: =#REF! | D55: =IF(#REF!<>"",#REF!,IF(#REF!<>"",#REF!,"")) | J55: =#REF! | K55: ='rincian 3'!S32 | L55: ='rincian 3'!U32 | M55: =K55+L55 | N55: =L55 | O55: =J55-M55 | P55: =#REF! | Q55: =N55*P55
B56: =#REF! | D56: =IF(#REF!<>"",#REF!,IF(#REF!<>"",#REF!,"")) | J56: =#REF! | K56: ='rincian 3'!S33 | L56: ='rincian 3'!U33 | M56: =K56+L56 | N56: =L56 | O56: =J56-M56 | P56: =#REF! | Q56: =N56*P56
B57: =#REF! | D57: =IF(#REF!<>"",#REF!,IF(#REF!<>"",#REF!,"")) | J57: =#REF! | K57: ='rincian 3'!S34 | L57: ='rincian 3'!U34 | M57: =K57+L57 | N57: =L57 | O57: =J57-M57 | P57: =#REF! | Q57: =N57*P57
B58: =#REF! | D58: =IF(#REF!<>"",#REF!,IF(#REF!<>"",#REF!,"")) | J58: =#REF! | K58: ='rincian 3'!S35 | L58: ='rincian 3'!U35 | M58: =K58+L58 | N58: =L58 | O58: =J58-M58 | P58: =#REF! | Q58: =N58*P58
B59: =#REF! | D59: =IF(#REF!<>"",#REF!,IF(#REF!<>"",#REF!,""))
B60: =#REF! | D60: =IF(#REF!<>"",#REF!,IF(#REF!<>"",#REF!,"")) | J60: =#REF! | K60: ='rincian 3'!S37 | L60: ='rincian 3'!U37 | M60: =K60+L60 | N60: =L60 | O60: =J60-M60 | P60: =#REF! | Q60: =N60*P60
B61: =#REF! | D61: =IF(#REF!<>"",#REF!,IF(#REF!<>"",#REF!,"")) | J61: =#REF! | K61: ='rincian 3'!S38 | L61: ='rincian 3'!U38 | M61: =K61+L61 | N61: =L61 | O61: =J61-M61 | P61: =#REF! | Q61: =N61*P61
B62: =#REF! | D62: =IF(#REF!<>"",#REF!,IF(#REF!<>"",#REF!,"")) | J62: =#REF! | K62: ='rincian 3'!S39 | L62: ='rincian 3'!U39 | M62: =K62+L62 | N62: =L62 | O62: =J62-M62 | P62: =#REF! | Q62: =N62*P62
B63: =#REF! | D63: =IF(#REF!<>"",#REF!,IF(#REF!<>"",#REF!,"")) | J63: =#REF! | K63: ='rincian 3'!S40 | L63: ='rincian 3'!U40 | M63: =K63+L63 | N63: =L63 | O63: =J63-M63 | P63: =#REF! | Q63: =N63*P63
B64: =#REF! | D64: =IF(#REF!<>"",#REF!,IF(#REF!<>"",#REF!,"")) | J64: =#REF! | K64: ='rincian 3'!S41 | L64: ='rincian 3'!U41 | M64: =K64+L64 | N64: =L64 | O64: =J64-M64 | P64: =#REF! | Q64: =N64*P64
B65: =#REF! | D65: =IF(#REF!<>"",#REF!,IF(#REF!<>"",#REF!,"")) | J65: =#REF! | K65: ='rincian 3'!S42 | L65: ='rincian 3'!U42 | M65: =K65+L65 | N65: =L65 | O65: =J65-M65 | P65: =#REF! | Q65: =N65*P65
B66: =#REF! | D66: =IF(#REF!<>"",#REF!,IF(#REF!<>"",#REF!,"")) | J66: =#REF! | K66: ='rincian 3'!S43 | L66: ='rincian 3'!U43 | M66: =K66+L66 | N66: =L66 | O66: =J66-M66 | P66: =#REF! | Q66: =N66*P66
B67: =#REF! | D67: =IF(#REF!<>"",#REF!,IF(#REF!<>"",#REF!,"")) | J67: =#REF! | K67: ='rincian 3'!S44 | L67: ='rincian 3'!U44 | M67: =K67+L67 | N67: =L67 | O67: =J67-M67 | P67: =#REF! | Q67: =N67*P67
B68: =#REF! | D68: =IF(#REF!<>"",#REF!,IF(#REF!<>"",#REF!,"")) | J68: =#REF! | K68: ='rincian 3'!S45 | L68: ='rincian 3'!U45 | M68: =K68+L68 | N68: =L68 | O68: =J68-M68 | P68: =#REF! | Q68: =N68*P68
B69: =#REF! | D69: =IF(#REF!<>"",#REF!,IF(#REF!<>"",#REF!,"")) | J69: =#REF! | K69: ='rincian 3'!S46 | L69: ='rincian 3'!U46 | M69: =K69+L69 | N69: =L69 | O69: =J69-M69 | P69: =#REF! | Q69: =N69*P69
B70: =#REF! | D70: =IF(#REF!<>"",#REF!,IF(#REF!<>"",#REF!,"")) | J70: =#REF! | K70: ='rincian 3'!S47 | L70: ='rincian 3'!U47 | M70: =K70+L70 | N70: =L70 | O70: =J70-M70 | P70: =#REF! | Q70: =N70*P70
B71: =#REF! | D71: =IF(#REF!<>"",#REF!,IF(#REF!<>"",#REF!,"")) | J71: =#REF! | K71: ='rincian 3'!S48 | L71: ='rincian 3'!U48 | M71: =K71+L71 | N71: =L71 | O71: =J71-M71 | P71: =#REF! | Q71: =N71*P71
... B76: =#REF! | D76: =IF(#REF!<>"",#REF!,IF(#REF!<>"",#REF!,"")) | J76: =#REF! | K76: ='rincian 3'!S53 | L76: ='rincian 3'!U53 | M76: =K76+L76 | N76: =L76 | O76: =J76-M76 | P76: =#REF! | Q76: =N76*P76
B77: =#REF! | D77: =IF(#REF!<>"",#REF!,IF(#REF!<>"",#REF!,""))
B78: =#REF! | D78: =IF(#REF!<>"",#REF!,IF(#REF!<>"",#REF!,""))
B79: =#REF! | D79: =IF(#REF!<>"",#REF!,IF(#REF!<>"",#REF!,""))
B80: =#REF! | D80: =IF(#REF!<>"",#REF!,IF(#REF!<>"",#REF!,"")) | J80: =#REF! | K80: ='rincian 3'!S57 | L80: ='rincian 3'!U57 | M80: =K80+L80 | N80: =L80 | O80: =J80-M80 | P80: =#REF! | Q80: =N80*P80
B81: =#REF! | D81: =IF(#REF!<>"",#REF!,IF(#REF!<>"",#REF!,"")) | J81: =#REF! | K81: ='rincian 3'!S58 | L81: ='rincian 3'!U58 | M81: =K81+L81 | N81: =L81 | O81: =J81-M81 | P81: =#REF! | Q81: =N81*P81
B82: =#REF! | D82: =IF(#REF!<>"",#REF!,IF(#REF!<>"",#REF!,"")) | J82: =#REF! | K82: ='rincian 3'!S59 | L82: ='rincian 3'!U59 | M82: =K82+L82 | N82: =L82 | O82: =J82-M82 | P82: =#REF! | Q82: =N82*P82
B83: =#REF! | D83: =IF(#REF!<>"",#REF!,IF(#REF!<>"",#REF!,"")) | J83: =#REF! | K83: ='rincian 3'!S60 | L83: ='rincian 3'!U60 | M83: =K83+L83 | N83: =L83 | O83: =J83-M83 | P83: =#REF! | Q83: =N83*P83
B84: =#REF! | D84: =IF(#REF!<>"",#REF!,IF(#REF!<>"",#REF!,""))
B85: =#REF! | D85: =IF(#REF!<>"",#REF!,IF(#REF!<>"",#REF!,"")) | J85: =#REF! | K85: ='rincian 3'!S62 | L85: ='rincian 3'!U62 | M85: =K85+L85 | N85: =L85 | O85: =J85-M85 | P85: =#REF! | Q85: =N85*P85
B86: =#REF! | D86: =IF(#REF!<>"",#REF!,IF(#REF!<>"",#REF!,"")) | J86: =#REF! | K86: ='rincian 3'!S63 | L86: ='rincian 3'!U63 | M86: =K86+L86 | N86: =L86 | O86: =J86-M86 | P86: =#REF! | Q86: =N86*P86
B87: =#REF! | D87: =IF(#REF!<>"",#REF!,IF(#REF!<>"",#REF!,"")) | J87: =#REF! | K87: ='rincian 3'!S64 | L87: ='rincian 3'!U64 | M87: =K87+L87 | N87: =L87 | O87: =J87-M87 | P87: =#REF! | Q87: =N87*P87
B88: =#REF! | D88: =IF(#REF!<>"",#REF!,IF(#REF!<>"",#REF!,"")) | J88: =#REF! | K88: ='rincian 3'!S65 | L88: ='rincian 3'!U65 | M88: =K88+L88 | N88: =L88 | O88: =J88-M88 | P88: =#REF! | Q88: =N88*P88
B89: =#REF! | D89: =IF(#REF!<>"",#REF!,IF(#REF!<>"",#REF!,"")) | J89: =#REF! | K89: ='rincian 3'!S66 | L89: ='rincian 3'!U66 | M89: =K89+L89 | N89: =L89 | O89: =J89-M89 | P89: =#REF! | Q89: =N89*P89
B90: =#REF! | D90: =IF(#REF!<>"",#REF!,IF(#REF!<>"",#REF!,""))
B91: =#REF! | D91: =IF(#REF!<>"",#REF!,IF(#REF!<>"",#REF!,"")) | J91: =#REF! | K91: ='rincian 3'!S68 | L91: ='rincian 3'!U68 | M91: =K91+L91 | N91: =L91 | O91: =J91-M91 | P91: =#REF! | Q91: =N91*P91
B92: =#REF! | D92: =IF(#REF!<>"",#REF!,IF(#REF!<>"",#REF!,"")) | J92: =#REF! | K92: ='rincian 3'!S69 | L92: ='rincian 3'!U69 | M92: =K92+L92 | N92: =L92 | O92: =J92-M92 | P92: =#REF! | Q92: =N92*P92
B93: =#REF! | D93: =IF(#REF!<>"",#REF!,IF(#REF!<>"",#REF!,"")) | J93: =#REF! | K93: ='rincian 3'!S70 | L93: ='rincian 3'!U70 | M93: =K93+L93 | N93: =L93 | O93: =J93-M93 | P93: =#REF! | Q93: =N93*P93
B94: =#REF! | D94: =IF(#REF!<>"",#REF!,IF(#REF!<>"",#REF!,"")) | J94: =#REF! | K94: ='rincian 3'!S71 | L94: ='rincian 3'!U71 | M94: =K94+L94 | N94: =L94 | O94: =J94-M94 | P94: =#REF! | Q94: =N94*P94
B95: =#REF! | D95: =IF(#REF!<>"",#REF!,IF(#REF!<>"",#REF!,"")) | J95: =#REF! | K95: ='rincian 3'!S72 | L95: ='rincian 3'!U72 | M95: =K95+L95 | N95: =L95 | O95: =J95-M95 | P95: =#REF! | Q95: =N95*P95
B96: =#REF! | D96: =IF(#REF!<>"",#REF!,IF(#REF!<>"",#REF!,"")) | J96: =#REF! | K96: ='rincian 3'!S73 | L96: ='rincian 3'!U73 | M96: =K96+L96 | N96: =L96 | O96: =J96-M96 | P96: =#REF! | Q96: =N96*P96
B97: =#REF! | D97: =IF(#REF!<>"",#REF!,IF(#REF!<>"",#REF!,"")) | J97: =#REF! | K97: ='rincian 3'!S74 | L97: ='rincian 3'!U74 | M97: =K97+L97 | N97: =L97 | O97: =J97-M97 | P97: =#REF! | Q97: =N97*P97
B98: =#REF! | D98: =IF(#REF!<>"",#REF!,IF(#REF!<>"",#REF!,"")) | J98: =#REF! | K98: ='rincian 3'!S75 | L98: ='rincian 3'!U75 | M98: =K98+L98 | N98: =L98 | O98: =J98-M98 | P98: =#REF! | Q98: =N98*P98
B99: =#REF! | D99: =IF(#REF!<>"",#REF!,IF(#REF!<>"",#REF!,"")) | J99: =#REF! | K99: ='rincian 3'!S76 | L99: ='rincian 3'!U76 | M99: =K99+L99 | N99: =L99 | O99: =J99-M99 | P99: =#REF! | Q99: =N99*P99
B100: =#REF! | D100: =IF(#REF!<>"",#REF!,IF(#REF!<>"",#REF!,"")) | J100: =#REF! | K100: ='rincian 3'!S77 | L100: ='rincian 3'!U77 | M100: =K100+L100 | N100: =L100 | O100: =J100-M100 | P100: =#REF! | Q100: =N100*P100
B101: =#REF! | D101: =IF(#REF!<>"",#REF!,IF(#REF!<>"",#REF!,"")) | J101: =#REF! | K101: ='rincian 3'!S78 | L101: ='rincian 3'!U78 | M101: =K101+L101 | N101: =L101 | O101: =J101-M101 | P101: =#REF! | Q101: =N101*P101
B102: =#REF! | D102: =IF(#REF!<>"",#REF!,IF(#REF!<>"",#REF!,""))
B103: =#REF! | D103: =IF(#REF!<>"",#REF!,IF(#REF!<>"",#REF!,"")) | J103: =#REF! | K103: ='rincian 3'!S80 | L103: ='rincian 3'!U80 | M103: =K103+L103 | N103: =L103 | O103: =J103-M103 | P103: =#REF! | Q103: =N103*P103
B104: =#REF! | D104: =IF(#REF!<>"",#REF!,IF(#REF!<>"",#REF!,"")) | J104: =#REF! | K104: ='rincian 3'!S81 | L104: ='rincian 3'!U81 | M104: =K104+L104 | N104: =L104 | O104: =J104-M104 | P104: =#REF! | Q104: =N104*P104
B105: =#REF! | D105: =IF(#REF!<>"",#REF!,IF(#REF!<>"",#REF!,"")) | J105: =#REF! | K105: ='rincian 3'!S82 | L105: ='rincian 3'!U82 | M105: =K105+L105 | N105: =L105 | O105: =J105-M105 | P105: =#REF! | Q105: =N105*P105
B106: =#REF! | D106: =IF(#REF!<>"",#REF!,IF(#REF!<>"",#REF!,""))
B107: =#REF! | D107: =IF(#REF!<>"",#REF!,IF(#REF!<>"",#REF!,"")) | J107: =#REF! | K107: ='rincian 3'!S84 | L107: ='rincian 3'!U84 | M107: =K107+L107 | N107: =L107 | O107: =J107-M107 | P107: =#REF! | Q107: =N107*P107
B108: =#REF! | D108: =IF(#REF!<>"",#REF!,IF(#REF!<>"",#REF!,"")) | J108: =#REF! | K108: ='rincian 3'!S85 | L108: ='rincian 3'!U85 | M108: =K108+L108 | N108: =L108 | O108: =J108-M108 | P108: =#REF! | Q108: =N108*P108
B109: =#REF! | D109: =IF(#REF!<>"",#REF!,IF(#REF!<>"",#REF!,"")) | J109: =#REF! | K109: ='rincian 3'!S86 | L109: ='rincian 3'!U86 | M109: =K109+L109 | N109: =L109 | O109: =J109-M109 | P109: =#REF! | Q109: =N109*P109
B110: =#REF! | D110: =IF(#REF!<>"",#REF!,IF(#REF!<>"",#REF!,""))
B111: =#REF! | D111: =IF(#REF!<>"",#REF!,IF(#REF!<>"",#REF!,"")) | J111: =#REF! | K111: ='rincian 3'!S88 | L111: ='rincian 3'!U88 | M111: =K111+L111 | N111: =L111 | O111: =J111-M111 | P111: =#REF! | Q111: =N111*P111
B112: =#REF! | D112: =IF(#REF!<>"",#REF!,IF(#REF!<>"",#REF!,"")) | J112: =#REF! | K112: ='rincian 3'!S89 | L112: ='rincian 3'!U89 | M112: =K112+L112 | N112: =L112 | O112: =J112-M112 | P112: =#REF! | Q112: =N112*P112
...

Sheet BAPP 4
T2: {=INDEX(DATA!$B$99:$B$104,$T$8)} | V2: =TEXT($T$2,"[$-21]dd mmmm yyyy") | W2: =TEXT(T2,"[$-21]dd mmmm yyyy")
T3: =TEXT($T$2,"[$-21]dddd")
T4: =VLOOKUP(DAY($T$2),HELPER!$A$2:$B$100,2,0)
T5: =TEXT($T$2,"[$-21]mmmm")
T6: ="Dua Ribu"&IF(MOD(YEAR($T$2),100)=0,""," "&VLOOKUP(MOD(YEAR($T$2),100),HELPER!$A$2:$B$100,2,0))
T7: TERMIN SHEET INI (1-6)
T8: 4
B9: BERITA ACARA PRESTASI PEKERJAAN
B10: =TEXT($T$8,"00")&"/BAPP/"&DATA!$B$4
C12: ="Pada hari ini "&T3&" tanggal "&T4&" bulan "&T5&" tahun "&T6&" ("&V2&"), kami yang bertandatangan di bawah ini:"
C14: I | D14: =DATA!$B$14 | E14: : | F14: ="Selaku "&DATA!$B$16&", Proyek "&DATA!$B$7&", dalam hal ini bertindak untuk dan atas nama "&DATA!$B$17&", yang berkedudukan di "&DATA!$B$18
U15: Selaku Project Coordinator, Proyek Design and Build Perkuatan Dermaga Barat JICT Pelabuhan Tanjung Priok, dalam hal ini bertindak untuk dan atas nama Waskita - Nindya KSO, yang berkedudukan di Gedung Waskita IDSurvey TowerJl. M.T. Haryono Kavling No.10, Jatinegara, Jakarta Timur
F16: yang selanjutnya disebut PIHAK PERTAMA
C18: II | D18: =DATA!$B$22 | E18: : | F18: ="Selaku "&DATA!$B$23&" "&DATA!$B$24&", dalam hal ini bertindak untuk dan atas nama "&DATA!$B$24&" yang berkedudukan di "&DATA!$B$25
F19: yang selanjutnya disebut PIHAK KEDUA
C21: ="Menerangkan bahwa kedua belah pihak telah setuju dan sepakat melakukan pemeriksaan pekerjaan sesuai dengan lampiran SPKP Nomor "&DATA!$B$4&", dan menyetujui prestasi pekerjaan berdasakan :"
C23: 1 | D23: Kontrak / SPK No. dan Tanggal | G23: : | H23: =DATA!$B$4 | L23: , tanggal : | M23: =TEXT(DATA!$B$5,"[$-21]dd mmmm yyyy")
C24: 2 | D24: Nilai Kontrak | G24: : | H24: Rp. | I24: =#REF! | K24: (Exclude PPN)
C25: 3 | D25: Waktu pelaksanaan | G25: : | H25: =TEXT(DATA!$B$8,"[$-21]dd mmmm yyyy") | J25: s.d. | K25: =TEXT(DATA!$B$9,"[$-21]dd mmmm yyyy")
C26: Dengan rincian sebagai berikut :
J28: Volume | K28: Realisasi Volume Pekerjaan | Q28: Jumlah
J29: sesuai | K29: B A | L29: Periode Ini | M29: B A | N29: B A | O29: Sisa yang | P29: Harga | Q29: Harga
B30: No | C30: Macam Pekerjaan | J30: SPK / | K30: s / d | M30: s / d | N30: yang | O30: belum | P30: Satuan | Q30: yang
J31: Kontrak | K31: yang lalu | M31: Saat Ini | N31: ditagihkan | O31: di BA kan | Q31: ditagihkan
B32: 1 | C32: 2 | J32: 3 | K32: 4 | L32: 5 | M32: 6 = 4+5 | N32: 7 | O32: 8 = 3 - 6 | P32: 9 | Q32: 10 = 7 x 9
C34: ='rincian 4'!C11
B35: =#REF! | D35: =IF(#REF!<>"",#REF!,IF(#REF!<>"",#REF!,""))
B36: =#REF! | D36: =IF(#REF!<>"",#REF!,IF(#REF!<>"",#REF!,""))
B37: =#REF! | D37: =IF(#REF!<>"",#REF!,IF(#REF!<>"",#REF!,"")) | J37: =#REF! | K37: ='rincian 4'!S14 | L37: ='rincian 4'!U14 | M37: =K37+L37 | N37: =L37 | O37: =J37-M37 | P37: =#REF! | Q37: =N37*P37
B38: =#REF! | D38: =IF(#REF!<>"",#REF!,IF(#REF!<>"",#REF!,"")) | J38: =#REF! | K38: ='rincian 4'!S15 | L38: ='rincian 4'!U15 | M38: =K38+L38 | N38: =L38 | O38: =J38-M38 | P38: =#REF! | Q38: =N38*P38
B39: =#REF! | D39: =IF(#REF!<>"",#REF!,IF(#REF!<>"",#REF!,"")) | J39: =#REF! | K39: ='rincian 4'!S16 | L39: ='rincian 4'!U16 | M39: =K39+L39 | N39: =L39 | O39: =J39-M39 | P39: =#REF! | Q39: =N39*P39
B40: =#REF! | D40: =IF(#REF!<>"",#REF!,IF(#REF!<>"",#REF!,"")) | J40: =#REF! | K40: ='rincian 4'!S17 | L40: ='rincian 4'!U17 | M40: =K40+L40 | N40: =L40 | O40: =J40-M40 | P40: =#REF! | Q40: =N40*P40
B41: =#REF! | D41: =IF(#REF!<>"",#REF!,IF(#REF!<>"",#REF!,""))
B42: =#REF! | D42: =IF(#REF!<>"",#REF!,IF(#REF!<>"",#REF!,"")) | J42: =#REF! | K42: ='rincian 4'!S19 | L42: ='rincian 4'!U19 | M42: =K42+L42 | N42: =L42 | O42: =J42-M42 | P42: =#REF! | Q42: =N42*P42
B43: =#REF! | D43: =IF(#REF!<>"",#REF!,IF(#REF!<>"",#REF!,"")) | J43: =#REF! | K43: ='rincian 4'!S20 | L43: ='rincian 4'!U20 | M43: =K43+L43 | N43: =L43 | O43: =J43-M43 | P43: =#REF! | Q43: =N43*P43
B44: =#REF! | D44: =IF(#REF!<>"",#REF!,IF(#REF!<>"",#REF!,"")) | J44: =#REF! | K44: ='rincian 4'!S21 | L44: ='rincian 4'!U21 | M44: =K44+L44 | N44: =L44 | O44: =J44-M44 | P44: =#REF! | Q44: =N44*P44
B45: =#REF! | D45: =IF(#REF!<>"",#REF!,IF(#REF!<>"",#REF!,"")) | J45: =#REF! | K45: ='rincian 4'!S22 | L45: ='rincian 4'!U22 | M45: =K45+L45 | N45: =L45 | O45: =J45-M45 | P45: =#REF! | Q45: =N45*P45
B46: =#REF! | D46: =IF(#REF!<>"",#REF!,IF(#REF!<>"",#REF!,"")) | J46: =#REF! | K46: ='rincian 4'!S23 | L46: ='rincian 4'!U23 | M46: =K46+L46 | N46: =L46 | O46: =J46-M46 | P46: =#REF! | Q46: =N46*P46
B47: =#REF! | D47: =IF(#REF!<>"",#REF!,IF(#REF!<>"",#REF!,"")) | J47: =#REF! | K47: ='rincian 4'!S24 | L47: ='rincian 4'!U24 | M47: =K47+L47 | N47: =L47 | O47: =J47-M47 | P47: =#REF! | Q47: =N47*P47
B48: =#REF! | D48: =IF(#REF!<>"",#REF!,IF(#REF!<>"",#REF!,""))
B49: =#REF! | D49: =IF(#REF!<>"",#REF!,IF(#REF!<>"",#REF!,"")) | J49: =#REF! | K49: ='rincian 4'!S26 | L49: ='rincian 4'!U26 | M49: =K49+L49 | N49: =L49 | O49: =J49-M49 | P49: =#REF! | Q49: =N49*P49
B50: =#REF! | D50: =IF(#REF!<>"",#REF!,IF(#REF!<>"",#REF!,"")) | J50: =#REF! | K50: ='rincian 4'!S27 | L50: ='rincian 4'!U27 | M50: =K50+L50 | N50: =L50 | O50: =J50-M50 | P50: =#REF! | Q50: =N50*P50
B51: =#REF! | D51: =IF(#REF!<>"",#REF!,IF(#REF!<>"",#REF!,"")) | J51: =#REF! | K51: ='rincian 4'!S28 | L51: ='rincian 4'!U28 | M51: =K51+L51 | N51: =L51 | O51: =J51-M51 | P51: =#REF! | Q51: =N51*P51
B52: =#REF! | D52: =IF(#REF!<>"",#REF!,IF(#REF!<>"",#REF!,"")) | J52: =#REF! | K52: ='rincian 4'!S29 | L52: ='rincian 4'!U29 | M52: =K52+L52 | N52: =L52 | O52: =J52-M52 | P52: =#REF! | Q52: =N52*P52
B53: =#REF! | D53: =IF(#REF!<>"",#REF!,IF(#REF!<>"",#REF!,""))
B54: =#REF! | D54: =IF(#REF!<>"",#REF!,IF(#REF!<>"",#REF!,"")) | J54: =#REF! | K54: ='rincian 4'!S31 | L54: ='rincian 4'!U31 | M54: =K54+L54 | N54: =L54 | O54: =J54-M54 | P54: =#REF! | Q54: =N54*P54
B55: =#REF! | D55: =IF(#REF!<>"",#REF!,IF(#REF!<>"",#REF!,"")) | J55: =#REF! | K55: ='rincian 4'!S32 | L55: ='rincian 4'!U32 | M55: =K55+L55 | N55: =L55 | O55: =J55-M55 | P55: =#REF! | Q55: =N55*P55
B56: =#REF! | D56: =IF(#REF!<>"",#REF!,IF(#REF!<>"",#REF!,"")) | J56: =#REF! | K56: ='rincian 4'!S33 | L56: ='rincian 4'!U33 | M56: =K56+L56 | N56: =L56 | O56: =J56-M56 | P56: =#REF! | Q56: =N56*P56
B57: =#REF! | D57: =IF(#REF!<>"",#REF!,IF(#REF!<>"",#REF!,"")) | J57: =#REF! | K57: ='rincian 4'!S34 | L57: ='rincian 4'!U34 | M57: =K57+L57 | N57: =L57 | O57: =J57-M57 | P57: =#REF! | Q57: =N57*P57
B58: =#REF! | D58: =IF(#REF!<>"",#REF!,IF(#REF!<>"",#REF!,"")) | J58: =#REF! | K58: ='rincian 4'!S35 | L58: ='rincian 4'!U35 | M58: =K58+L58 | N58: =L58 | O58: =J58-M58 | P58: =#REF! | Q58: =N58*P58
B59: =#REF! | D59: =IF(#REF!<>"",#REF!,IF(#REF!<>"",#REF!,""))
B60: =#REF! | D60: =IF(#REF!<>"",#REF!,IF(#REF!<>"",#REF!,"")) | J60: =#REF! | K60: ='rincian 4'!S37 | L60: ='rincian 4'!U37 | M60: =K60+L60 | N60: =L60 | O60: =J60-M60 | P60: =#REF! | Q60: =N60*P60
B61: =#REF! | D61: =IF(#REF!<>"",#REF!,IF(#REF!<>"",#REF!,"")) | J61: =#REF! | K61: ='rincian 4'!S38 | L61: ='rincian 4'!U38 | M61: =K61+L61 | N61: =L61 | O61: =J61-M61 | P61: =#REF! | Q61: =N61*P61
B62: =#REF! | D62: =IF(#REF!<>"",#REF!,IF(#REF!<>"",#REF!,"")) | J62: =#REF! | K62: ='rincian 4'!S39 | L62: ='rincian 4'!U39 | M62: =K62+L62 | N62: =L62 | O62: =J62-M62 | P62: =#REF! | Q62: =N62*P62
B63: =#REF! | D63: =IF(#REF!<>"",#REF!,IF(#REF!<>"",#REF!,"")) | J63: =#REF! | K63: ='rincian 4'!S40 | L63: ='rincian 4'!U40 | M63: =K63+L63 | N63: =L63 | O63: =J63-M63 | P63: =#REF! | Q63: =N63*P63
B64: =#REF! | D64: =IF(#REF!<>"",#REF!,IF(#REF!<>"",#REF!,"")) | J64: =#REF! | K64: ='rincian 4'!S41 | L64: ='rincian 4'!U41 | M64: =K64+L64 | N64: =L64 | O64: =J64-M64 | P64: =#REF! | Q64: =N64*P64
B65: =#REF! | D65: =IF(#REF!<>"",#REF!,IF(#REF!<>"",#REF!,"")) | J65: =#REF! | K65: ='rincian 4'!S42 | L65: ='rincian 4'!U42 | M65: =K65+L65 | N65: =L65 | O65: =J65-M65 | P65: =#REF! | Q65: =N65*P65
B66: =#REF! | D66: =IF(#REF!<>"",#REF!,IF(#REF!<>"",#REF!,"")) | J66: =#REF! | K66: ='rincian 4'!S43 | L66: ='rincian 4'!U43 | M66: =K66+L66 | N66: =L66 | O66: =J66-M66 | P66: =#REF! | Q66: =N66*P66
B67: =#REF! | D67: =IF(#REF!<>"",#REF!,IF(#REF!<>"",#REF!,"")) | J67: =#REF! | K67: ='rincian 4'!S44 | L67: ='rincian 4'!U44 | M67: =K67+L67 | N67: =L67 | O67: =J67-M67 | P67: =#REF! | Q67: =N67*P67
B68: =#REF! | D68: =IF(#REF!<>"",#REF!,IF(#REF!<>"",#REF!,"")) | J68: =#REF! | K68: ='rincian 4'!S45 | L68: ='rincian 4'!U45 | M68: =K68+L68 | N68: =L68 | O68: =J68-M68 | P68: =#REF! | Q68: =N68*P68
B69: =#REF! | D69: =IF(#REF!<>"",#REF!,IF(#REF!<>"",#REF!,"")) | J69: =#REF! | K69: ='rincian 4'!S46 | L69: ='rincian 4'!U46 | M69: =K69+L69 | N69: =L69 | O69: =J69-M69 | P69: =#REF! | Q69: =N69*P69
B70: =#REF! | D70: =IF(#REF!<>"",#REF!,IF(#REF!<>"",#REF!,"")) | J70: =#REF! | K70: ='rincian 4'!S47 | L70: ='rincian 4'!U47 | M70: =K70+L70 | N70: =L70 | O70: =J70-M70 | P70: =#REF! | Q70: =N70*P70
B71: =#REF! | D71: =IF(#REF!<>"",#REF!,IF(#REF!<>"",#REF!,"")) | J71: =#REF! | K71: ='rincian 4'!S48 | L71: ='rincian 4'!U48 | M71: =K71+L71 | N71: =L71 | O71: =J71-M71 | P71: =#REF! | Q71: =N71*P71
... B76: =#REF! | D76: =IF(#REF!<>"",#REF!,IF(#REF!<>"",#REF!,"")) | J76: =#REF! | K76: ='rincian 4'!S53 | L76: ='rincian 4'!U53 | M76: =K76+L76 | N76: =L76 | O76: =J76-M76 | P76: =#REF! | Q76: =N76*P76
B77: =#REF! | D77: =IF(#REF!<>"",#REF!,IF(#REF!<>"",#REF!,""))
B78: =#REF! | D78: =IF(#REF!<>"",#REF!,IF(#REF!<>"",#REF!,""))
B79: =#REF! | D79: =IF(#REF!<>"",#REF!,IF(#REF!<>"",#REF!,""))
B80: =#REF! | D80: =IF(#REF!<>"",#REF!,IF(#REF!<>"",#REF!,"")) | J80: =#REF! | K80: ='rincian 4'!S57 | L80: ='rincian 4'!U57 | M80: =K80+L80 | N80: =L80 | O80: =J80-M80 | P80: =#REF! | Q80: =N80*P80
B81: =#REF! | D81: =IF(#REF!<>"",#REF!,IF(#REF!<>"",#REF!,"")) | J81: =#REF! | K81: ='rincian 4'!S58 | L81: ='rincian 4'!U58 | M81: =K81+L81 | N81: =L81 | O81: =J81-M81 | P81: =#REF! | Q81: =N81*P81
B82: =#REF! | D82: =IF(#REF!<>"",#REF!,IF(#REF!<>"",#REF!,"")) | J82: =#REF! | K82: ='rincian 4'!S59 | L82: ='rincian 4'!U59 | M82: =K82+L82 | N82: =L82 | O82: =J82-M82 | P82: =#REF! | Q82: =N82*P82
B83: =#REF! | D83: =IF(#REF!<>"",#REF!,IF(#REF!<>"",#REF!,"")) | J83: =#REF! | K83: ='rincian 4'!S60 | L83: ='rincian 4'!U60 | M83: =K83+L83 | N83: =L83 | O83: =J83-M83 | P83: =#REF! | Q83: =N83*P83
B84: =#REF! | D84: =IF(#REF!<>"",#REF!,IF(#REF!<>"",#REF!,""))
B85: =#REF! | D85: =IF(#REF!<>"",#REF!,IF(#REF!<>"",#REF!,"")) | J85: =#REF! | K85: ='rincian 4'!S62 | L85: ='rincian 4'!U62 | M85: =K85+L85 | N85: =L85 | O85: =J85-M85 | P85: =#REF! | Q85: =N85*P85
B86: =#REF! | D86: =IF(#REF!<>"",#REF!,IF(#REF!<>"",#REF!,"")) | J86: =#REF! | K86: ='rincian 4'!S63 | L86: ='rincian 4'!U63 | M86: =K86+L86 | N86: =L86 | O86: =J86-M86 | P86: =#REF! | Q86: =N86*P86
B87: =#REF! | D87: =IF(#REF!<>"",#REF!,IF(#REF!<>"",#REF!,"")) | J87: =#REF! | K87: ='rincian 4'!S64 | L87: ='rincian 4'!U64 | M87: =K87+L87 | N87: =L87 | O87: =J87-M87 | P87: =#REF! | Q87: =N87*P87
B88: =#REF! | D88: =IF(#REF!<>"",#REF!,IF(#REF!<>"",#REF!,"")) | J88: =#REF! | K88: ='rincian 4'!S65 | L88: ='rincian 4'!U65 | M88: =K88+L88 | N88: =L88 | O88: =J88-M88 | P88: =#REF! | Q88: =N88*P88
B89: =#REF! | D89: =IF(#REF!<>"",#REF!,IF(#REF!<>"",#REF!,"")) | J89: =#REF! | K89: ='rincian 4'!S66 | L89: ='rincian 4'!U66 | M89: =K89+L89 | N89: =L89 | O89: =J89-M89 | P89: =#REF! | Q89: =N89*P89
B90: =#REF! | D90: =IF(#REF!<>"",#REF!,IF(#REF!<>"",#REF!,""))
B91: =#REF! | D91: =IF(#REF!<>"",#REF!,IF(#REF!<>"",#REF!,"")) | J91: =#REF! | K91: ='rincian 4'!S68 | L91: ='rincian 4'!U68 | M91: =K91+L91 | N91: =L91 | O91: =J91-M91 | P91: =#REF! | Q91: =N91*P91
B92: =#REF! | D92: =IF(#REF!<>"",#REF!,IF(#REF!<>"",#REF!,"")) | J92: =#REF! | K92: ='rincian 4'!S69 | L92: ='rincian 4'!U69 | M92: =K92+L92 | N92: =L92 | O92: =J92-M92 | P92: =#REF! | Q92: =N92*P92
B93: =#REF! | D93: =IF(#REF!<>"",#REF!,IF(#REF!<>"",#REF!,"")) | J93: =#REF! | K93: ='rincian 4'!S70 | L93: ='rincian 4'!U70 | M93: =K93+L93 | N93: =L93 | O93: =J93-M93 | P93: =#REF! | Q93: =N93*P93
B94: =#REF! | D94: =IF(#REF!<>"",#REF!,IF(#REF!<>"",#REF!,"")) | J94: =#REF! | K94: ='rincian 4'!S71 | L94: ='rincian 4'!U71 | M94: =K94+L94 | N94: =L94 | O94: =J94-M94 | P94: =#REF! | Q94: =N94*P94
B95: =#REF! | D95: =IF(#REF!<>"",#REF!,IF(#REF!<>"",#REF!,"")) | J95: =#REF! | K95: ='rincian 4'!S72 | L95: ='rincian 4'!U72 | M95: =K95+L95 | N95: =L95 | O95: =J95-M95 | P95: =#REF! | Q95: =N95*P95
B96: =#REF! | D96: =IF(#REF!<>"",#REF!,IF(#REF!<>"",#REF!,"")) | J96: =#REF! | K96: ='rincian 4'!S73 | L96: ='rincian 4'!U73 | M96: =K96+L96 | N96: =L96 | O96: =J96-M96 | P96: =#REF! | Q96: =N96*P96
B97: =#REF! | D97: =IF(#REF!<>"",#REF!,IF(#REF!<>"",#REF!,"")) | J97: =#REF! | K97: ='rincian 4'!S74 | L97: ='rincian 4'!U74 | M97: =K97+L97 | N97: =L97 | O97: =J97-M97 | P97: =#REF! | Q97: =N97*P97
B98: =#REF! | D98: =IF(#REF!<>"",#REF!,IF(#REF!<>"",#REF!,"")) | J98: =#REF! | K98: ='rincian 4'!S75 | L98: ='rincian 4'!U75 | M98: =K98+L98 | N98: =L98 | O98: =J98-M98 | P98: =#REF! | Q98: =N98*P98
B99: =#REF! | D99: =IF(#REF!<>"",#REF!,IF(#REF!<>"",#REF!,"")) | J99: =#REF! | K99: ='rincian 4'!S76 | L99: ='rincian 4'!U76 | M99: =K99+L99 | N99: =L99 | O99: =J99-M99 | P99: =#REF! | Q99: =N99*P99
B100: =#REF! | D100: =IF(#REF!<>"",#REF!,IF(#REF!<>"",#REF!,"")) | J100: =#REF! | K100: ='rincian 4'!S77 | L100: ='rincian 4'!U77 | M100: =K100+L100 | N100: =L100 | O100: =J100-M100 | P100: =#REF! | Q100: =N100*P100
B101: =#REF! | D101: =IF(#REF!<>"",#REF!,IF(#REF!<>"",#REF!,"")) | J101: =#REF! | K101: ='rincian 4'!S78 | L101: ='rincian 4'!U78 | M101: =K101+L101 | N101: =L101 | O101: =J101-M101 | P101: =#REF! | Q101: =N101*P101
B102: =#REF! | D102: =IF(#REF!<>"",#REF!,IF(#REF!<>"",#REF!,""))
B103: =#REF! | D103: =IF(#REF!<>"",#REF!,IF(#REF!<>"",#REF!,"")) | J103: =#REF! | K103: ='rincian 4'!S80 | L103: ='rincian 4'!U80 | M103: =K103+L103 | N103: =L103 | O103: =J103-M103 | P103: =#REF! | Q103: =N103*P103
B104: =#REF! | D104: =IF(#REF!<>"",#REF!,IF(#REF!<>"",#REF!,"")) | J104: =#REF! | K104: ='rincian 4'!S81 | L104: ='rincian 4'!U81 | M104: =K104+L104 | N104: =L104 | O104: =J104-M104 | P104: =#REF! | Q104: =N104*P104
B105: =#REF! | D105: =IF(#REF!<>"",#REF!,IF(#REF!<>"",#REF!,"")) | J105: =#REF! | K105: ='rincian 4'!S82 | L105: ='rincian 4'!U82 | M105: =K105+L105 | N105: =L105 | O105: =J105-M105 | P105: =#REF! | Q105: =N105*P105
B106: =#REF! | D106: =IF(#REF!<>"",#REF!,IF(#REF!<>"",#REF!,""))
B107: =#REF! | D107: =IF(#REF!<>"",#REF!,IF(#REF!<>"",#REF!,"")) | J107: =#REF! | K107: ='rincian 4'!S84 | L107: ='rincian 4'!U84 | M107: =K107+L107 | N107: =L107 | O107: =J107-M107 | P107: =#REF! | Q107: =N107*P107
B108: =#REF! | D108: =IF(#REF!<>"",#REF!,IF(#REF!<>"",#REF!,"")) | J108: =#REF! | K108: ='rincian 4'!S85 | L108: ='rincian 4'!U85 | M108: =K108+L108 | N108: =L108 | O108: =J108-M108 | P108: =#REF! | Q108: =N108*P108
B109: =#REF! | D109: =IF(#REF!<>"",#REF!,IF(#REF!<>"",#REF!,"")) | J109: =#REF! | K109: ='rincian 4'!S86 | L109: ='rincian 4'!U86 | M109: =K109+L109 | N109: =L109 | O109: =J109-M109 | P109: =#REF! | Q109: =N109*P109
B110: =#REF! | D110: =IF(#REF!<>"",#REF!,IF(#REF!<>"",#REF!,""))
B111: =#REF! | D111: =IF(#REF!<>"",#REF!,IF(#REF!<>"",#REF!,"")) | J111: =#REF! | K111: ='rincian 4'!S88 | L111: ='rincian 4'!U88 | M111: =K111+L111 | N111: =L111 | O111: =J111-M111 | P111: =#REF! | Q111: =N111*P111
B112: =#REF! | D112: =IF(#REF!<>"",#REF!,IF(#REF!<>"",#REF!,"")) | J112: =#REF! | K112: ='rincian 4'!S89 | L112: ='rincian 4'!U89 | M112: =K112+L112 | N112: =L112 | O112: =J112-M112 | P112: =#REF! | Q112: =N112*P112
...

Sheet BAPP 5
T2: {=INDEX(DATA!$B$99:$B$104,$T$8)} | V2: =TEXT($T$2,"[$-21]dd mmmm yyyy") | W2: =TEXT(T2,"[$-21]dd mmmm yyyy")
T3: =TEXT($T$2,"[$-21]dddd")
T4: =VLOOKUP(DAY($T$2),HELPER!$A$2:$B$100,2,0)
T5: =TEXT($T$2,"[$-21]mmmm")
T6: ="Dua Ribu"&IF(MOD(YEAR($T$2),100)=0,""," "&VLOOKUP(MOD(YEAR($T$2),100),HELPER!$A$2:$B$100,2,0))
T7: TERMIN SHEET INI (1-6)
T8: 5
B9: BERITA ACARA PRESTASI PEKERJAAN
B10: =TEXT($T$8,"00")&"/BAPP/"&DATA!$B$4
C12: ="Pada hari ini "&T3&" tanggal "&T4&" bulan "&T5&" tahun "&T6&" ("&V2&"), kami yang bertandatangan di bawah ini:"
C14: I | D14: =DATA!$B$14 | E14: : | F14: ="Selaku "&DATA!$B$16&", Proyek "&DATA!$B$7&", dalam hal ini bertindak untuk dan atas nama "&DATA!$B$17&", yang berkedudukan di "&DATA!$B$18
U15: Selaku Project Coordinator, Proyek Design and Build Perkuatan Dermaga Barat JICT Pelabuhan Tanjung Priok, dalam hal ini bertindak untuk dan atas nama Waskita - Nindya KSO, yang berkedudukan di Gedung Waskita IDSurvey TowerJl. M.T. Haryono Kavling No.10, Jatinegara, Jakarta Timur
F16: yang selanjutnya disebut PIHAK PERTAMA
C18: II | D18: =DATA!$B$22 | E18: : | F18: ="Selaku "&DATA!$B$23&" "&DATA!$B$24&", dalam hal ini bertindak untuk dan atas nama "&DATA!$B$24&" yang berkedudukan di "&DATA!$B$25
F19: yang selanjutnya disebut PIHAK KEDUA
C21: ="Menerangkan bahwa kedua belah pihak telah setuju dan sepakat melakukan pemeriksaan pekerjaan sesuai dengan lampiran SPKP Nomor "&DATA!$B$4&", dan menyetujui prestasi pekerjaan berdasakan :"
C23: 1 | D23: Kontrak / SPK No. dan Tanggal | G23: : | H23: =DATA!$B$4 | L23: , tanggal : | M23: =TEXT(DATA!$B$5,"[$-21]dd mmmm yyyy")
C24: 2 | D24: Nilai Kontrak | G24: : | H24: Rp. | I24: =#REF! | K24: (Exclude PPN)
C25: 3 | D25: Waktu pelaksanaan | G25: : | H25: =TEXT(DATA!$B$8,"[$-21]dd mmmm yyyy") | J25: s.d. | K25: =TEXT(DATA!$B$9,"[$-21]dd mmmm yyyy")
C26: Dengan rincian sebagai berikut :
J28: Volume | K28: Realisasi Volume Pekerjaan | Q28: Jumlah
J29: sesuai | K29: B A | L29: Periode Ini | M29: B A | N29: B A | O29: Sisa yang | P29: Harga | Q29: Harga
B30: No | C30: Macam Pekerjaan | J30: SPK / | K30: s / d | M30: s / d | N30: yang | O30: belum | P30: Satuan | Q30: yang
J31: Kontrak | K31: yang lalu | M31: Saat Ini | N31: ditagihkan | O31: di BA kan | Q31: ditagihkan
B32: 1 | C32: 2 | J32: 3 | K32: 4 | L32: 5 | M32: 6 = 4+5 | N32: 7 | O32: 8 = 3 - 6 | P32: 9 | Q32: 10 = 7 x 9
C34: ='rincian 5'!C11
B35: =#REF! | D35: =IF(#REF!<>"",#REF!,IF(#REF!<>"",#REF!,""))
B36: =#REF! | D36: =IF(#REF!<>"",#REF!,IF(#REF!<>"",#REF!,""))
B37: =#REF! | D37: =IF(#REF!<>"",#REF!,IF(#REF!<>"",#REF!,"")) | J37: =#REF! | K37: ='rincian 5'!S14 | L37: ='rincian 5'!U14 | M37: =K37+L37 | N37: =L37 | O37: =J37-M37 | P37: =#REF! | Q37: =N37*P37
B38: =#REF! | D38: =IF(#REF!<>"",#REF!,IF(#REF!<>"",#REF!,"")) | J38: =#REF! | K38: ='rincian 5'!S15 | L38: ='rincian 5'!U15 | M38: =K38+L38 | N38: =L38 | O38: =J38-M38 | P38: =#REF! | Q38: =N38*P38
B39: =#REF! | D39: =IF(#REF!<>"",#REF!,IF(#REF!<>"",#REF!,"")) | J39: =#REF! | K39: ='rincian 5'!S16 | L39: ='rincian 5'!U16 | M39: =K39+L39 | N39: =L39 | O39: =J39-M39 | P39: =#REF! | Q39: =N39*P39
B40: =#REF! | D40: =IF(#REF!<>"",#REF!,IF(#REF!<>"",#REF!,"")) | J40: =#REF! | K40: ='rincian 5'!S17 | L40: ='rincian 5'!U17 | M40: =K40+L40 | N40: =L40 | O40: =J40-M40 | P40: =#REF! | Q40: =N40*P40
B41: =#REF! | D41: =IF(#REF!<>"",#REF!,IF(#REF!<>"",#REF!,""))
B42: =#REF! | D42: =IF(#REF!<>"",#REF!,IF(#REF!<>"",#REF!,"")) | J42: =#REF! | K42: ='rincian 5'!S19 | L42: ='rincian 5'!U19 | M42: =K42+L42 | N42: =L42 | O42: =J42-M42 | P42: =#REF! | Q42: =N42*P42
B43: =#REF! | D43: =IF(#REF!<>"",#REF!,IF(#REF!<>"",#REF!,"")) | J43: =#REF! | K43: ='rincian 5'!S20 | L43: ='rincian 5'!U20 | M43: =K43+L43 | N43: =L43 | O43: =J43-M43 | P43: =#REF! | Q43: =N43*P43
B44: =#REF! | D44: =IF(#REF!<>"",#REF!,IF(#REF!<>"",#REF!,"")) | J44: =#REF! | K44: ='rincian 5'!S21 | L44: ='rincian 5'!U21 | M44: =K44+L44 | N44: =L44 | O44: =J44-M44 | P44: =#REF! | Q44: =N44*P44
B45: =#REF! | D45: =IF(#REF!<>"",#REF!,IF(#REF!<>"",#REF!,"")) | J45: =#REF! | K45: ='rincian 5'!S22 | L45: ='rincian 5'!U22 | M45: =K45+L45 | N45: =L45 | O45: =J45-M45 | P45: =#REF! | Q45: =N45*P45
B46: =#REF! | D46: =IF(#REF!<>"",#REF!,IF(#REF!<>"",#REF!,"")) | J46: =#REF! | K46: ='rincian 5'!S23 | L46: ='rincian 5'!U23 | M46: =K46+L46 | N46: =L46 | O46: =J46-M46 | P46: =#REF! | Q46: =N46*P46
B47: =#REF! | D47: =IF(#REF!<>"",#REF!,IF(#REF!<>"",#REF!,"")) | J47: =#REF! | K47: ='rincian 5'!S24 | L47: ='rincian 5'!U24 | M47: =K47+L47 | N47: =L47 | O47: =J47-M47 | P47: =#REF! | Q47: =N47*P47
B48: =#REF! | D48: =IF(#REF!<>"",#REF!,IF(#REF!<>"",#REF!,""))
B49: =#REF! | D49: =IF(#REF!<>"",#REF!,IF(#REF!<>"",#REF!,"")) | J49: =#REF! | K49: ='rincian 5'!S26 | L49: ='rincian 5'!U26 | M49: =K49+L49 | N49: =L49 | O49: =J49-M49 | P49: =#REF! | Q49: =N49*P49
B50: =#REF! | D50: =IF(#REF!<>"",#REF!,IF(#REF!<>"",#REF!,"")) | J50: =#REF! | K50: ='rincian 5'!S27 | L50: ='rincian 5'!U27 | M50: =K50+L50 | N50: =L50 | O50: =J50-M50 | P50: =#REF! | Q50: =N50*P50
B51: =#REF! | D51: =IF(#REF!<>"",#REF!,IF(#REF!<>"",#REF!,"")) | J51: =#REF! | K51: ='rincian 5'!S28 | L51: ='rincian 5'!U28 | M51: =K51+L51 | N51: =L51 | O51: =J51-M51 | P51: =#REF! | Q51: =N51*P51
B52: =#REF! | D52: =IF(#REF!<>"",#REF!,IF(#REF!<>"",#REF!,"")) | J52: =#REF! | K52: ='rincian 5'!S29 | L52: ='rincian 5'!U29 | M52: =K52+L52 | N52: =L52 | O52: =J52-M52 | P52: =#REF! | Q52: =N52*P52
B53: =#REF! | D53: =IF(#REF!<>"",#REF!,IF(#REF!<>"",#REF!,""))
B54: =#REF! | D54: =IF(#REF!<>"",#REF!,IF(#REF!<>"",#REF!,"")) | J54: =#REF! | K54: ='rincian 5'!S31 | L54: ='rincian 5'!U31 | M54: =K54+L54 | N54: =L54 | O54: =J54-M54 | P54: =#REF! | Q54: =N54*P54
B55: =#REF! | D55: =IF(#REF!<>"",#REF!,IF(#REF!<>"",#REF!,"")) | J55: =#REF! | K55: ='rincian 5'!S32 | L55: ='rincian 5'!U32 | M55: =K55+L55 | N55: =L55 | O55: =J55-M55 | P55: =#REF! | Q55: =N55*P55
B56: =#REF! | D56: =IF(#REF!<>"",#REF!,IF(#REF!<>"",#REF!,"")) | J56: =#REF! | K56: ='rincian 5'!S33 | L56: ='rincian 5'!U33 | M56: =K56+L56 | N56: =L56 | O56: =J56-M56 | P56: =#REF! | Q56: =N56*P56
B57: =#REF! | D57: =IF(#REF!<>"",#REF!,IF(#REF!<>"",#REF!,"")) | J57: =#REF! | K57: ='rincian 5'!S34 | L57: ='rincian 5'!U34 | M57: =K57+L57 | N57: =L57 | O57: =J57-M57 | P57: =#REF! | Q57: =N57*P57
B58: =#REF! | D58: =IF(#REF!<>"",#REF!,IF(#REF!<>"",#REF!,"")) | J58: =#REF! | K58: ='rincian 5'!S35 | L58: ='rincian 5'!U35 | M58: =K58+L58 | N58: =L58 | O58: =J58-M58 | P58: =#REF! | Q58: =N58*P58
B59: =#REF! | D59: =IF(#REF!<>"",#REF!,IF(#REF!<>"",#REF!,""))
B60: =#REF! | D60: =IF(#REF!<>"",#REF!,IF(#REF!<>"",#REF!,"")) | J60: =#REF! | K60: ='rincian 5'!S37 | L60: ='rincian 5'!U37 | M60: =K60+L60 | N60: =L60 | O60: =J60-M60 | P60: =#REF! | Q60: =N60*P60
B61: =#REF! | D61: =IF(#REF!<>"",#REF!,IF(#REF!<>"",#REF!,"")) | J61: =#REF! | K61: ='rincian 5'!S38 | L61: ='rincian 5'!U38 | M61: =K61+L61 | N61: =L61 | O61: =J61-M61 | P61: =#REF! | Q61: =N61*P61
B62: =#REF! | D62: =IF(#REF!<>"",#REF!,IF(#REF!<>"",#REF!,"")) | J62: =#REF! | K62: ='rincian 5'!S39 | L62: ='rincian 5'!U39 | M62: =K62+L62 | N62: =L62 | O62: =J62-M62 | P62: =#REF! | Q62: =N62*P62
B63: =#REF! | D63: =IF(#REF!<>"",#REF!,IF(#REF!<>"",#REF!,"")) | J63: =#REF! | K63: ='rincian 5'!S40 | L63: ='rincian 5'!U40 | M63: =K63+L63 | N63: =L63 | O63: =J63-M63 | P63: =#REF! | Q63: =N63*P63
B64: =#REF! | D64: =IF(#REF!<>"",#REF!,IF(#REF!<>"",#REF!,"")) | J64: =#REF! | K64: ='rincian 5'!S41 | L64: ='rincian 5'!U41 | M64: =K64+L64 | N64: =L64 | O64: =J64-M64 | P64: =#REF! | Q64: =N64*P64
B65: =#REF! | D65: =IF(#REF!<>"",#REF!,IF(#REF!<>"",#REF!,"")) | J65: =#REF! | K65: ='rincian 5'!S42 | L65: ='rincian 5'!U42 | M65: =K65+L65 | N65: =L65 | O65: =J65-M65 | P65: =#REF! | Q65: =N65*P65
B66: =#REF! | D66: =IF(#REF!<>"",#REF!,IF(#REF!<>"",#REF!,"")) | J66: =#REF! | K66: ='rincian 5'!S43 | L66: ='rincian 5'!U43 | M66: =K66+L66 | N66: =L66 | O66: =J66-M66 | P66: =#REF! | Q66: =N66*P66
B67: =#REF! | D67: =IF(#REF!<>"",#REF!,IF(#REF!<>"",#REF!,"")) | J67: =#REF! | K67: ='rincian 5'!S44 | L67: ='rincian 5'!U44 | M67: =K67+L67 | N67: =L67 | O67: =J67-M67 | P67: =#REF! | Q67: =N67*P67
B68: =#REF! | D68: =IF(#REF!<>"",#REF!,IF(#REF!<>"",#REF!,"")) | J68: =#REF! | K68: ='rincian 5'!S45 | L68: ='rincian 5'!U45 | M68: =K68+L68 | N68: =L68 | O68: =J68-M68 | P68: =#REF! | Q68: =N68*P68
B69: =#REF! | D69: =IF(#REF!<>"",#REF!,IF(#REF!<>"",#REF!,"")) | J69: =#REF! | K69: ='rincian 5'!S46 | L69: ='rincian 5'!U46 | M69: =K69+L69 | N69: =L69 | O69: =J69-M69 | P69: =#REF! | Q69: =N69*P69
B70: =#REF! | D70: =IF(#REF!<>"",#REF!,IF(#REF!<>"",#REF!,"")) | J70: =#REF! | K70: ='rincian 5'!S47 | L70: ='rincian 5'!U47 | M70: =K70+L70 | N70: =L70 | O70: =J70-M70 | P70: =#REF! | Q70: =N70*P70
B71: =#REF! | D71: =IF(#REF!<>"",#REF!,IF(#REF!<>"",#REF!,"")) | J71: =#REF! | K71: ='rincian 5'!S48 | L71: ='rincian 5'!U48 | M71: =K71+L71 | N71: =L71 | O71: =J71-M71 | P71: =#REF! | Q71: =N71*P71
... B76: =#REF! | D76: =IF(#REF!<>"",#REF!,IF(#REF!<>"",#REF!,"")) | J76: =#REF! | K76: ='rincian 5'!S53 | L76: ='rincian 5'!U53 | M76: =K76+L76 | N76: =L76 | O76: =J76-M76 | P76: =#REF! | Q76: =N76*P76
B77: =#REF! | D77: =IF(#REF!<>"",#REF!,IF(#REF!<>"",#REF!,""))
B78: =#REF! | D78: =IF(#REF!<>"",#REF!,IF(#REF!<>"",#REF!,""))
B79: =#REF! | D79: =IF(#REF!<>"",#REF!,IF(#REF!<>"",#REF!,""))
B80: =#REF! | D80: =IF(#REF!<>"",#REF!,IF(#REF!<>"",#REF!,"")) | J80: =#REF! | K80: ='rincian 5'!S57 | L80: ='rincian 5'!U57 | M80: =K80+L80 | N80: =L80 | O80: =J80-M80 | P80: =#REF! | Q80: =N80*P80
B81: =#REF! | D81: =IF(#REF!<>"",#REF!,IF(#REF!<>"",#REF!,"")) | J81: =#REF! | K81: ='rincian 5'!S58 | L81: ='rincian 5'!U58 | M81: =K81+L81 | N81: =L81 | O81: =J81-M81 | P81: =#REF! | Q81: =N81*P81
B82: =#REF! | D82: =IF(#REF!<>"",#REF!,IF(#REF!<>"",#REF!,"")) | J82: =#REF! | K82: ='rincian 5'!S59 | L82: ='rincian 5'!U59 | M82: =K82+L82 | N82: =L82 | O82: =J82-M82 | P82: =#REF! | Q82: =N82*P82
B83: =#REF! | D83: =IF(#REF!<>"",#REF!,IF(#REF!<>"",#REF!,"")) | J83: =#REF! | K83: ='rincian 5'!S60 | L83: ='rincian 5'!U60 | M83: =K83+L83 | N83: =L83 | O83: =J83-M83 | P83: =#REF! | Q83: =N83*P83
B84: =#REF! | D84: =IF(#REF!<>"",#REF!,IF(#REF!<>"",#REF!,""))
B85: =#REF! | D85: =IF(#REF!<>"",#REF!,IF(#REF!<>"",#REF!,"")) | J85: =#REF! | K85: ='rincian 5'!S62 | L85: ='rincian 5'!U62 | M85: =K85+L85 | N85: =L85 | O85: =J85-M85 | P85: =#REF! | Q85: =N85*P85
B86: =#REF! | D86: =IF(#REF!<>"",#REF!,IF(#REF!<>"",#REF!,"")) | J86: =#REF! | K86: ='rincian 5'!S63 | L86: ='rincian 5'!U63 | M86: =K86+L86 | N86: =L86 | O86: =J86-M86 | P86: =#REF! | Q86: =N86*P86
B87: =#REF! | D87: =IF(#REF!<>"",#REF!,IF(#REF!<>"",#REF!,"")) | J87: =#REF! | K87: ='rincian 5'!S64 | L87: ='rincian 5'!U64 | M87: =K87+L87 | N87: =L87 | O87: =J87-M87 | P87: =#REF! | Q87: =N87*P87
B88: =#REF! | D88: =IF(#REF!<>"",#REF!,IF(#REF!<>"",#REF!,"")) | J88: =#REF! | K88: ='rincian 5'!S65 | L88: ='rincian 5'!U65 | M88: =K88+L88 | N88: =L88 | O88: =J88-M88 | P88: =#REF! | Q88: =N88*P88
B89: =#REF! | D89: =IF(#REF!<>"",#REF!,IF(#REF!<>"",#REF!,"")) | J89: =#REF! | K89: ='rincian 5'!S66 | L89: ='rincian 5'!U66 | M89: =K89+L89 | N89: =L89 | O89: =J89-M89 | P89: =#REF! | Q89: =N89*P89
B90: =#REF! | D90: =IF(#REF!<>"",#REF!,IF(#REF!<>"",#REF!,""))
B91: =#REF! | D91: =IF(#REF!<>"",#REF!,IF(#REF!<>"",#REF!,"")) | J91: =#REF! | K91: ='rincian 5'!S68 | L91: ='rincian 5'!U68 | M91: =K91+L91 | N91: =L91 | O91: =J91-M91 | P91: =#REF! | Q91: =N91*P91
B92: =#REF! | D92: =IF(#REF!<>"",#REF!,IF(#REF!<>"",#REF!,"")) | J92: =#REF! | K92: ='rincian 5'!S69 | L92: ='rincian 5'!U69 | M92: =K92+L92 | N92: =L92 | O92: =J92-M92 | P92: =#REF! | Q92: =N92*P92
B93: =#REF! | D93: =IF(#REF!<>"",#REF!,IF(#REF!<>"",#REF!,"")) | J93: =#REF! | K93: ='rincian 5'!S70 | L93: ='rincian 5'!U70 | M93: =K93+L93 | N93: =L93 | O93: =J93-M93 | P93: =#REF! | Q93: =N93*P93
B94: =#REF! | D94: =IF(#REF!<>"",#REF!,IF(#REF!<>"",#REF!,"")) | J94: =#REF! | K94: ='rincian 5'!S71 | L94: ='rincian 5'!U71 | M94: =K94+L94 | N94: =L94 | O94: =J94-M94 | P94: =#REF! | Q94: =N94*P94
B95: =#REF! | D95: =IF(#REF!<>"",#REF!,IF(#REF!<>"",#REF!,"")) | J95: =#REF! | K95: ='rincian 5'!S72 | L95: ='rincian 5'!U72 | M95: =K95+L95 | N95: =L95 | O95: =J95-M95 | P95: =#REF! | Q95: =N95*P95
B96: =#REF! | D96: =IF(#REF!<>"",#REF!,IF(#REF!<>"",#REF!,"")) | J96: =#REF! | K96: ='rincian 5'!S73 | L96: ='rincian 5'!U73 | M96: =K96+L96 | N96: =L96 | O96: =J96-M96 | P96: =#REF! | Q96: =N96*P96
B97: =#REF! | D97: =IF(#REF!<>"",#REF!,IF(#REF!<>"",#REF!,"")) | J97: =#REF! | K97: ='rincian 5'!S74 | L97: ='rincian 5'!U74 | M97: =K97+L97 | N97: =L97 | O97: =J97-M97 | P97: =#REF! | Q97: =N97*P97
B98: =#REF! | D98: =IF(#REF!<>"",#REF!,IF(#REF!<>"",#REF!,"")) | J98: =#REF! | K98: ='rincian 5'!S75 | L98: ='rincian 5'!U75 | M98: =K98+L98 | N98: =L98 | O98: =J98-M98 | P98: =#REF! | Q98: =N98*P98
B99: =#REF! | D99: =IF(#REF!<>"",#REF!,IF(#REF!<>"",#REF!,"")) | J99: =#REF! | K99: ='rincian 5'!S76 | L99: ='rincian 5'!U76 | M99: =K99+L99 | N99: =L99 | O99: =J99-M99 | P99: =#REF! | Q99: =N99*P99
B100: =#REF! | D100: =IF(#REF!<>"",#REF!,IF(#REF!<>"",#REF!,"")) | J100: =#REF! | K100: ='rincian 5'!S77 | L100: ='rincian 5'!U77 | M100: =K100+L100 | N100: =L100 | O100: =J100-M100 | P100: =#REF! | Q100: =N100*P100
B101: =#REF! | D101: =IF(#REF!<>"",#REF!,IF(#REF!<>"",#REF!,"")) | J101: =#REF! | K101: ='rincian 5'!S78 | L101: ='rincian 5'!U78 | M101: =K101+L101 | N101: =L101 | O101: =J101-M101 | P101: =#REF! | Q101: =N101*P101
B102: =#REF! | D102: =IF(#REF!<>"",#REF!,IF(#REF!<>"",#REF!,""))
B103: =#REF! | D103: =IF(#REF!<>"",#REF!,IF(#REF!<>"",#REF!,"")) | J103: =#REF! | K103: ='rincian 5'!S80 | L103: ='rincian 5'!U80 | M103: =K103+L103 | N103: =L103 | O103: =J103-M103 | P103: =#REF! | Q103: =N103*P103
B104: =#REF! | D104: =IF(#REF!<>"",#REF!,IF(#REF!<>"",#REF!,"")) | J104: =#REF! | K104: ='rincian 5'!S81 | L104: ='rincian 5'!U81 | M104: =K104+L104 | N104: =L104 | O104: =J104-M104 | P104: =#REF! | Q104: =N104*P104
B105: =#REF! | D105: =IF(#REF!<>"",#REF!,IF(#REF!<>"",#REF!,"")) | J105: =#REF! | K105: ='rincian 5'!S82 | L105: ='rincian 5'!U82 | M105: =K105+L105 | N105: =L105 | O105: =J105-M105 | P105: =#REF! | Q105: =N105*P105
B106: =#REF! | D106: =IF(#REF!<>"",#REF!,IF(#REF!<>"",#REF!,""))
B107: =#REF! | D107: =IF(#REF!<>"",#REF!,IF(#REF!<>"",#REF!,"")) | J107: =#REF! | K107: ='rincian 5'!S84 | L107: ='rincian 5'!U84 | M107: =K107+L107 | N107: =L107 | O107: =J107-M107 | P107: =#REF! | Q107: =N107*P107
B108: =#REF! | D108: =IF(#REF!<>"",#REF!,IF(#REF!<>"",#REF!,"")) | J108: =#REF! | K108: ='rincian 5'!S85 | L108: ='rincian 5'!U85 | M108: =K108+L108 | N108: =L108 | O108: =J108-M108 | P108: =#REF! | Q108: =N108*P108
B109: =#REF! | D109: =IF(#REF!<>"",#REF!,IF(#REF!<>"",#REF!,"")) | J109: =#REF! | K109: ='rincian 5'!S86 | L109: ='rincian 5'!U86 | M109: =K109+L109 | N109: =L109 | O109: =J109-M109 | P109: =#REF! | Q109: =N109*P109
B110: =#REF! | D110: =IF(#REF!<>"",#REF!,IF(#REF!<>"",#REF!,""))
B111: =#REF! | D111: =IF(#REF!<>"",#REF!,IF(#REF!<>"",#REF!,"")) | J111: =#REF! | K111: ='rincian 5'!S88 | L111: ='rincian 5'!U88 | M111: =K111+L111 | N111: =L111 | O111: =J111-M111 | P111: =#REF! | Q111: =N111*P111
B112: =#REF! | D112: =IF(#REF!<>"",#REF!,IF(#REF!<>"",#REF!,"")) | J112: =#REF! | K112: ='rincian 5'!S89 | L112: ='rincian 5'!U89 | M112: =K112+L112 | N112: =L112 | O112: =J112-M112 | P112: =#REF! | Q112: =N112*P112
...

Sheet BAPP 6
T2: {=INDEX(DATA!$B$99:$B$104,$T$8)} | V2: =TEXT($T$2,"[$-21]dd mmmm yyyy") | W2: =TEXT(T2,"[$-21]dd mmmm yyyy")
T3: =TEXT($T$2,"[$-21]dddd")
T4: =VLOOKUP(DAY($T$2),HELPER!$A$2:$B$100,2,0)
T5: =TEXT($T$2,"[$-21]mmmm")
T6: ="Dua Ribu"&IF(MOD(YEAR($T$2),100)=0,""," "&VLOOKUP(MOD(YEAR($T$2),100),HELPER!$A$2:$B$100,2,0))
T7: TERMIN SHEET INI (1-6)
T8: 6
B9: BERITA ACARA PRESTASI PEKERJAAN
B10: =TEXT($T$8,"00")&"/BAPP/"&DATA!$B$4
C12: ="Pada hari ini "&T3&" tanggal "&T4&" bulan "&T5&" tahun "&T6&" ("&V2&"), kami yang bertandatangan di bawah ini:"
C14: I | D14: =DATA!$B$14 | E14: : | F14: ="Selaku "&DATA!$B$16&", Proyek "&DATA!$B$7&", dalam hal ini bertindak untuk dan atas nama "&DATA!$B$17&", yang berkedudukan di "&DATA!$B$18
U15: Selaku Project Coordinator, Proyek Design and Build Perkuatan Dermaga Barat JICT Pelabuhan Tanjung Priok, dalam hal ini bertindak untuk dan atas nama Waskita - Nindya KSO, yang berkedudukan di Gedung Waskita IDSurvey TowerJl. M.T. Haryono Kavling No.10, Jatinegara, Jakarta Timur
F16: yang selanjutnya disebut PIHAK PERTAMA
C18: II | D18: =DATA!$B$22 | E18: : | F18: ="Selaku "&DATA!$B$23&" "&DATA!$B$24&", dalam hal ini bertindak untuk dan atas nama "&DATA!$B$24&" yang berkedudukan di "&DATA!$B$25
F19: yang selanjutnya disebut PIHAK KEDUA
C21: ="Menerangkan bahwa kedua belah pihak telah setuju dan sepakat melakukan pemeriksaan pekerjaan sesuai dengan lampiran SPKP Nomor "&DATA!$B$4&", dan menyetujui prestasi pekerjaan berdasakan :"
C23: 1 | D23: Kontrak / SPK No. dan Tanggal | G23: : | H23: =DATA!$B$4 | L23: , tanggal : | M23: =TEXT(DATA!$B$5,"[$-21]dd mmmm yyyy")
C24: 2 | D24: Nilai Kontrak | G24: : | H24: Rp. | I24: =#REF! | K24: (Exclude PPN)
C25: 3 | D25: Waktu pelaksanaan | G25: : | H25: =TEXT(DATA!$B$8,"[$-21]dd mmmm yyyy") | J25: s.d. | K25: =TEXT(DATA!$B$9,"[$-21]dd mmmm yyyy")
C26: Dengan rincian sebagai berikut :
J28: Volume | K28: Realisasi Volume Pekerjaan | Q28: Jumlah
J29: sesuai | K29: B A | L29: Periode Ini | M29: B A | N29: B A | O29: Sisa yang | P29: Harga | Q29: Harga
B30: No | C30: Macam Pekerjaan | J30: SPK / | K30: s / d | M30: s / d | N30: yang | O30: belum | P30: Satuan | Q30: yang
J31: Kontrak | K31: yang lalu | M31: Saat Ini | N31: ditagihkan | O31: di BA kan | Q31: ditagihkan
B32: 1 | C32: 2 | J32: 3 | K32: 4 | L32: 5 | M32: 6 = 4+5 | N32: 7 | O32: 8 = 3 - 6 | P32: 9 | Q32: 10 = 7 x 9
C34: ='rincian 6'!C11
B35: =#REF! | D35: =IF(#REF!<>"",#REF!,IF(#REF!<>"",#REF!,""))
B36: =#REF! | D36: =IF(#REF!<>"",#REF!,IF(#REF!<>"",#REF!,""))
B37: =#REF! | D37: =IF(#REF!<>"",#REF!,IF(#REF!<>"",#REF!,"")) | J37: =#REF! | K37: ='rincian 6'!S14 | L37: ='rincian 6'!U14 | M37: =K37+L37 | N37: =L37 | O37: =J37-M37 | P37: =#REF! | Q37: =N37*P37
B38: =#REF! | D38: =IF(#REF!<>"",#REF!,IF(#REF!<>"",#REF!,"")) | J38: =#REF! | K38: ='rincian 6'!S15 | L38: ='rincian 6'!U15 | M38: =K38+L38 | N38: =L38 | O38: =J38-M38 | P38: =#REF! | Q38: =N38*P38
B39: =#REF! | D39: =IF(#REF!<>"",#REF!,IF(#REF!<>"",#REF!,"")) | J39: =#REF! | K39: ='rincian 6'!S16 | L39: ='rincian 6'!U16 | M39: =K39+L39 | N39: =L39 | O39: =J39-M39 | P39: =#REF! | Q39: =N39*P39
B40: =#REF! | D40: =IF(#REF!<>"",#REF!,IF(#REF!<>"",#REF!,"")) | J40: =#REF! | K40: ='rincian 6'!S17 | L40: ='rincian 6'!U17 | M40: =K40+L40 | N40: =L40 | O40: =J40-M40 | P40: =#REF! | Q40: =N40*P40
B41: =#REF! | D41: =IF(#REF!<>"",#REF!,IF(#REF!<>"",#REF!,""))
B42: =#REF! | D42: =IF(#REF!<>"",#REF!,IF(#REF!<>"",#REF!,"")) | J42: =#REF! | K42: ='rincian 6'!S19 | L42: ='rincian 6'!U19 | M42: =K42+L42 | N42: =L42 | O42: =J42-M42 | P42: =#REF! | Q42: =N42*P42
B43: =#REF! | D43: =IF(#REF!<>"",#REF!,IF(#REF!<>"",#REF!,"")) | J43: =#REF! | K43: ='rincian 6'!S20 | L43: ='rincian 6'!U20 | M43: =K43+L43 | N43: =L43 | O43: =J43-M43 | P43: =#REF! | Q43: =N43*P43
B44: =#REF! | D44: =IF(#REF!<>"",#REF!,IF(#REF!<>"",#REF!,"")) | J44: =#REF! | K44: ='rincian 6'!S21 | L44: ='rincian 6'!U21 | M44: =K44+L44 | N44: =L44 | O44: =J44-M44 | P44: =#REF! | Q44: =N44*P44
B45: =#REF! | D45: =IF(#REF!<>"",#REF!,IF(#REF!<>"",#REF!,"")) | J45: =#REF! | K45: ='rincian 6'!S22 | L45: ='rincian 6'!U22 | M45: =K45+L45 | N45: =L45 | O45: =J45-M45 | P45: =#REF! | Q45: =N45*P45
B46: =#REF! | D46: =IF(#REF!<>"",#REF!,IF(#REF!<>"",#REF!,"")) | J46: =#REF! | K46: ='rincian 6'!S23 | L46: ='rincian 6'!U23 | M46: =K46+L46 | N46: =L46 | O46: =J46-M46 | P46: =#REF! | Q46: =N46*P46
B47: =#REF! | D47: =IF(#REF!<>"",#REF!,IF(#REF!<>"",#REF!,"")) | J47: =#REF! | K47: ='rincian 6'!S24 | L47: ='rincian 6'!U24 | M47: =K47+L47 | N47: =L47 | O47: =J47-M47 | P47: =#REF! | Q47: =N47*P47
B48: =#REF! | D48: =IF(#REF!<>"",#REF!,IF(#REF!<>"",#REF!,""))
B49: =#REF! | D49: =IF(#REF!<>"",#REF!,IF(#REF!<>"",#REF!,"")) | J49: =#REF! | K49: ='rincian 6'!S26 | L49: ='rincian 6'!U26 | M49: =K49+L49 | N49: =L49 | O49: =J49-M49 | P49: =#REF! | Q49: =N49*P49
B50: =#REF! | D50: =IF(#REF!<>"",#REF!,IF(#REF!<>"",#REF!,"")) | J50: =#REF! | K50: ='rincian 6'!S27 | L50: ='rincian 6'!U27 | M50: =K50+L50 | N50: =L50 | O50: =J50-M50 | P50: =#REF! | Q50: =N50*P50
B51: =#REF! | D51: =IF(#REF!<>"",#REF!,IF(#REF!<>"",#REF!,"")) | J51: =#REF! | K51: ='rincian 6'!S28 | L51: ='rincian 6'!U28 | M51: =K51+L51 | N51: =L51 | O51: =J51-M51 | P51: =#REF! | Q51: =N51*P51
B52: =#REF! | D52: =IF(#REF!<>"",#REF!,IF(#REF!<>"",#REF!,"")) | J52: =#REF! | K52: ='rincian 6'!S29 | L52: ='rincian 6'!U29 | M52: =K52+L52 | N52: =L52 | O52: =J52-M52 | P52: =#REF! | Q52: =N52*P52
B53: =#REF! | D53: =IF(#REF!<>"",#REF!,IF(#REF!<>"",#REF!,""))
B54: =#REF! | D54: =IF(#REF!<>"",#REF!,IF(#REF!<>"",#REF!,"")) | J54: =#REF! | K54: ='rincian 6'!S31 | L54: ='rincian 6'!U31 | M54: =K54+L54 | N54: =L54 | O54: =J54-M54 | P54: =#REF! | Q54: =N54*P54
B55: =#REF! | D55: =IF(#REF!<>"",#REF!,IF(#REF!<>"",#REF!,"")) | J55: =#REF! | K55: ='rincian 6'!S32 | L55: ='rincian 6'!U32 | M55: =K55+L55 | N55: =L55 | O55: =J55-M55 | P55: =#REF! | Q55: =N55*P55
B56: =#REF! | D56: =IF(#REF!<>"",#REF!,IF(#REF!<>"",#REF!,"")) | J56: =#REF! | K56: ='rincian 6'!S33 | L56: ='rincian 6'!U33 | M56: =K56+L56 | N56: =L56 | O56: =J56-M56 | P56: =#REF! | Q56: =N56*P56
B57: =#REF! | D57: =IF(#REF!<>"",#REF!,IF(#REF!<>"",#REF!,"")) | J57: =#REF! | K57: ='rincian 6'!S34 | L57: ='rincian 6'!U34 | M57: =K57+L57 | N57: =L57 | O57: =J57-M57 | P57: =#REF! | Q57: =N57*P57
B58: =#REF! | D58: =IF(#REF!<>"",#REF!,IF(#REF!<>"",#REF!,"")) | J58: =#REF! | K58: ='rincian 6'!S35 | L58: ='rincian 6'!U35 | M58: =K58+L58 | N58: =L58 | O58: =J58-M58 | P58: =#REF! | Q58: =N58*P58
B59: =#REF! | D59: =IF(#REF!<>"",#REF!,IF(#REF!<>"",#REF!,""))
B60: =#REF! | D60: =IF(#REF!<>"",#REF!,IF(#REF!<>"",#REF!,"")) | J60: =#REF! | K60: ='rincian 6'!S37 | L60: ='rincian 6'!U37 | M60: =K60+L60 | N60: =L60 | O60: =J60-M60 | P60: =#REF! | Q60: =N60*P60
B61: =#REF! | D61: =IF(#REF!<>"",#REF!,IF(#REF!<>"",#REF!,"")) | J61: =#REF! | K61: ='rincian 6'!S38 | L61: ='rincian 6'!U38 | M61: =K61+L61 | N61: =L61 | O61: =J61-M61 | P61: =#REF! | Q61: =N61*P61
B62: =#REF! | D62: =IF(#REF!<>"",#REF!,IF(#REF!<>"",#REF!,"")) | J62: =#REF! | K62: ='rincian 6'!S39 | L62: ='rincian 6'!U39 | M62: =K62+L62 | N62: =L62 | O62: =J62-M62 | P62: =#REF! | Q62: =N62*P62
B63: =#REF! | D63: =IF(#REF!<>"",#REF!,IF(#REF!<>"",#REF!,"")) | J63: =#REF! | K63: ='rincian 6'!S40 | L63: ='rincian 6'!U40 | M63: =K63+L63 | N63: =L63 | O63: =J63-M63 | P63: =#REF! | Q63: =N63*P63
B64: =#REF! | D64: =IF(#REF!<>"",#REF!,IF(#REF!<>"",#REF!,"")) | J64: =#REF! | K64: ='rincian 6'!S41 | L64: ='rincian 6'!U41 | M64: =K64+L64 | N64: =L64 | O64: =J64-M64 | P64: =#REF! | Q64: =N64*P64
B65: =#REF! | D65: =IF(#REF!<>"",#REF!,IF(#REF!<>"",#REF!,"")) | J65: =#REF! | K65: ='rincian 6'!S42 | L65: ='rincian 6'!U42 | M65: =K65+L65 | N65: =L65 | O65: =J65-M65 | P65: =#REF! | Q65: =N65*P65
B66: =#REF! | D66: =IF(#REF!<>"",#REF!,IF(#REF!<>"",#REF!,"")) | J66: =#REF! | K66: ='rincian 6'!S43 | L66: ='rincian 6'!U43 | M66: =K66+L66 | N66: =L66 | O66: =J66-M66 | P66: =#REF! | Q66: =N66*P66
B67: =#REF! | D67: =IF(#REF!<>"",#REF!,IF(#REF!<>"",#REF!,"")) | J67: =#REF! | K67: ='rincian 6'!S44 | L67: ='rincian 6'!U44 | M67: =K67+L67 | N67: =L67 | O67: =J67-M67 | P67: =#REF! | Q67: =N67*P67
B68: =#REF! | D68: =IF(#REF!<>"",#REF!,IF(#REF!<>"",#REF!,"")) | J68: =#REF! | K68: ='rincian 6'!S45 | L68: ='rincian 6'!U45 | M68: =K68+L68 | N68: =L68 | O68: =J68-M68 | P68: =#REF! | Q68: =N68*P68
B69: =#REF! | D69: =IF(#REF!<>"",#REF!,IF(#REF!<>"",#REF!,"")) | J69: =#REF! | K69: ='rincian 6'!S46 | L69: ='rincian 6'!U46 | M69: =K69+L69 | N69: =L69 | O69: =J69-M69 | P69: =#REF! | Q69: =N69*P69
B70: =#REF! | D70: =IF(#REF!<>"",#REF!,IF(#REF!<>"",#REF!,"")) | J70: =#REF! | K70: ='rincian 6'!S47 | L70: ='rincian 6'!U47 | M70: =K70+L70 | N70: =L70 | O70: =J70-M70 | P70: =#REF! | Q70: =N70*P70
B71: =#REF! | D71: =IF(#REF!<>"",#REF!,IF(#REF!<>"",#REF!,"")) | J71: =#REF! | K71: ='rincian 6'!S48 | L71: ='rincian 6'!U48 | M71: =K71+L71 | N71: =L71 | O71: =J71-M71 | P71: =#REF! | Q71: =N71*P71
... B76: =#REF! | D76: =IF(#REF!<>"",#REF!,IF(#REF!<>"",#REF!,"")) | J76: =#REF! | K76: ='rincian 6'!S53 | L76: ='rincian 6'!U53 | M76: =K76+L76 | N76: =L76 | O76: =J76-M76 | P76: =#REF! | Q76: =N76*P76
B77: =#REF! | D77: =IF(#REF!<>"",#REF!,IF(#REF!<>"",#REF!,""))
B78: =#REF! | D78: =IF(#REF!<>"",#REF!,IF(#REF!<>"",#REF!,""))
B79: =#REF! | D79: =IF(#REF!<>"",#REF!,IF(#REF!<>"",#REF!,""))
B80: =#REF! | D80: =IF(#REF!<>"",#REF!,IF(#REF!<>"",#REF!,"")) | J80: =#REF! | K80: ='rincian 6'!S57 | L80: ='rincian 6'!U57 | M80: =K80+L80 | N80: =L80 | O80: =J80-M80 | P80: =#REF! | Q80: =N80*P80
B81: =#REF! | D81: =IF(#REF!<>"",#REF!,IF(#REF!<>"",#REF!,"")) | J81: =#REF! | K81: ='rincian 6'!S58 | L81: ='rincian 6'!U58 | M81: =K81+L81 | N81: =L81 | O81: =J81-M81 | P81: =#REF! | Q81: =N81*P81
B82: =#REF! | D82: =IF(#REF!<>"",#REF!,IF(#REF!<>"",#REF!,"")) | J82: =#REF! | K82: ='rincian 6'!S59 | L82: ='rincian 6'!U59 | M82: =K82+L82 | N82: =L82 | O82: =J82-M82 | P82: =#REF! | Q82: =N82*P82
B83: =#REF! | D83: =IF(#REF!<>"",#REF!,IF(#REF!<>"",#REF!,"")) | J83: =#REF! | K83: ='rincian 6'!S60 | L83: ='rincian 6'!U60 | M83: =K83+L83 | N83: =L83 | O83: =J83-M83 | P83: =#REF! | Q83: =N83*P83
B84: =#REF! | D84: =IF(#REF!<>"",#REF!,IF(#REF!<>"",#REF!,""))
B85: =#REF! | D85: =IF(#REF!<>"",#REF!,IF(#REF!<>"",#REF!,"")) | J85: =#REF! | K85: ='rincian 6'!S62 | L85: ='rincian 6'!U62 | M85: =K85+L85 | N85: =L85 | O85: =J85-M85 | P85: =#REF! | Q85: =N85*P85
B86: =#REF! | D86: =IF(#REF!<>"",#REF!,IF(#REF!<>"",#REF!,"")) | J86: =#REF! | K86: ='rincian 6'!S63 | L86: ='rincian 6'!U63 | M86: =K86+L86 | N86: =L86 | O86: =J86-M86 | P86: =#REF! | Q86: =N86*P86
B87: =#REF! | D87: =IF(#REF!<>"",#REF!,IF(#REF!<>"",#REF!,"")) | J87: =#REF! | K87: ='rincian 6'!S64 | L87: ='rincian 6'!U64 | M87: =K87+L87 | N87: =L87 | O87: =J87-M87 | P87: =#REF! | Q87: =N87*P87
B88: =#REF! | D88: =IF(#REF!<>"",#REF!,IF(#REF!<>"",#REF!,"")) | J88: =#REF! | K88: ='rincian 6'!S65 | L88: ='rincian 6'!U65 | M88: =K88+L88 | N88: =L88 | O88: =J88-M88 | P88: =#REF! | Q88: =N88*P88
B89: =#REF! | D89: =IF(#REF!<>"",#REF!,IF(#REF!<>"",#REF!,"")) | J89: =#REF! | K89: ='rincian 6'!S66 | L89: ='rincian 6'!U66 | M89: =K89+L89 | N89: =L89 | O89: =J89-M89 | P89: =#REF! | Q89: =N89*P89
B90: =#REF! | D90: =IF(#REF!<>"",#REF!,IF(#REF!<>"",#REF!,""))
B91: =#REF! | D91: =IF(#REF!<>"",#REF!,IF(#REF!<>"",#REF!,"")) | J91: =#REF! | K91: ='rincian 6'!S68 | L91: ='rincian 6'!U68 | M91: =K91+L91 | N91: =L91 | O91: =J91-M91 | P91: =#REF! | Q91: =N91*P91
B92: =#REF! | D92: =IF(#REF!<>"",#REF!,IF(#REF!<>"",#REF!,"")) | J92: =#REF! | K92: ='rincian 6'!S69 | L92: ='rincian 6'!U69 | M92: =K92+L92 | N92: =L92 | O92: =J92-M92 | P92: =#REF! | Q92: =N92*P92
B93: =#REF! | D93: =IF(#REF!<>"",#REF!,IF(#REF!<>"",#REF!,"")) | J93: =#REF! | K93: ='rincian 6'!S70 | L93: ='rincian 6'!U70 | M93: =K93+L93 | N93: =L93 | O93: =J93-M93 | P93: =#REF! | Q93: =N93*P93
B94: =#REF! | D94: =IF(#REF!<>"",#REF!,IF(#REF!<>"",#REF!,"")) | J94: =#REF! | K94: ='rincian 6'!S71 | L94: ='rincian 6'!U71 | M94: =K94+L94 | N94: =L94 | O94: =J94-M94 | P94: =#REF! | Q94: =N94*P94
B95: =#REF! | D95: =IF(#REF!<>"",#REF!,IF(#REF!<>"",#REF!,"")) | J95: =#REF! | K95: ='rincian 6'!S72 | L95: ='rincian 6'!U72 | M95: =K95+L95 | N95: =L95 | O95: =J95-M95 | P95: =#REF! | Q95: =N95*P95
B96: =#REF! | D96: =IF(#REF!<>"",#REF!,IF(#REF!<>"",#REF!,"")) | J96: =#REF! | K96: ='rincian 6'!S73 | L96: ='rincian 6'!U73 | M96: =K96+L96 | N96: =L96 | O96: =J96-M96 | P96: =#REF! | Q96: =N96*P96
B97: =#REF! | D97: =IF(#REF!<>"",#REF!,IF(#REF!<>"",#REF!,"")) | J97: =#REF! | K97: ='rincian 6'!S74 | L97: ='rincian 6'!U74 | M97: =K97+L97 | N97: =L97 | O97: =J97-M97 | P97: =#REF! | Q97: =N97*P97
B98: =#REF! | D98: =IF(#REF!<>"",#REF!,IF(#REF!<>"",#REF!,"")) | J98: =#REF! | K98: ='rincian 6'!S75 | L98: ='rincian 6'!U75 | M98: =K98+L98 | N98: =L98 | O98: =J98-M98 | P98: =#REF! | Q98: =N98*P98
B99: =#REF! | D99: =IF(#REF!<>"",#REF!,IF(#REF!<>"",#REF!,"")) | J99: =#REF! | K99: ='rincian 6'!S76 | L99: ='rincian 6'!U76 | M99: =K99+L99 | N99: =L99 | O99: =J99-M99 | P99: =#REF! | Q99: =N99*P99
B100: =#REF! | D100: =IF(#REF!<>"",#REF!,IF(#REF!<>"",#REF!,"")) | J100: =#REF! | K100: ='rincian 6'!S77 | L100: ='rincian 6'!U77 | M100: =K100+L100 | N100: =L100 | O100: =J100-M100 | P100: =#REF! | Q100: =N100*P100
B101: =#REF! | D101: =IF(#REF!<>"",#REF!,IF(#REF!<>"",#REF!,"")) | J101: =#REF! | K101: ='rincian 6'!S78 | L101: ='rincian 6'!U78 | M101: =K101+L101 | N101: =L101 | O101: =J101-M101 | P101: =#REF! | Q101: =N101*P101
B102: =#REF! | D102: =IF(#REF!<>"",#REF!,IF(#REF!<>"",#REF!,""))
B103: =#REF! | D103: =IF(#REF!<>"",#REF!,IF(#REF!<>"",#REF!,"")) | J103: =#REF! | K103: ='rincian 6'!S80 | L103: ='rincian 6'!U80 | M103: =K103+L103 | N103: =L103 | O103: =J103-M103 | P103: =#REF! | Q103: =N103*P103
B104: =#REF! | D104: =IF(#REF!<>"",#REF!,IF(#REF!<>"",#REF!,"")) | J104: =#REF! | K104: ='rincian 6'!S81 | L104: ='rincian 6'!U81 | M104: =K104+L104 | N104: =L104 | O104: =J104-M104 | P104: =#REF! | Q104: =N104*P104
B105: =#REF! | D105: =IF(#REF!<>"",#REF!,IF(#REF!<>"",#REF!,"")) | J105: =#REF! | K105: ='rincian 6'!S82 | L105: ='rincian 6'!U82 | M105: =K105+L105 | N105: =L105 | O105: =J105-M105 | P105: =#REF! | Q105: =N105*P105
B106: =#REF! | D106: =IF(#REF!<>"",#REF!,IF(#REF!<>"",#REF!,""))
B107: =#REF! | D107: =IF(#REF!<>"",#REF!,IF(#REF!<>"",#REF!,"")) | J107: =#REF! | K107: ='rincian 6'!S84 | L107: ='rincian 6'!U84 | M107: =K107+L107 | N107: =L107 | O107: =J107-M107 | P107: =#REF! | Q107: =N107*P107
B108: =#REF! | D108: =IF(#REF!<>"",#REF!,IF(#REF!<>"",#REF!,"")) | J108: =#REF! | K108: ='rincian 6'!S85 | L108: ='rincian 6'!U85 | M108: =K108+L108 | N108: =L108 | O108: =J108-M108 | P108: =#REF! | Q108: =N108*P108
B109: =#REF! | D109: =IF(#REF!<>"",#REF!,IF(#REF!<>"",#REF!,"")) | J109: =#REF! | K109: ='rincian 6'!S86 | L109: ='rincian 6'!U86 | M109: =K109+L109 | N109: =L109 | O109: =J109-M109 | P109: =#REF! | Q109: =N109*P109
B110: =#REF! | D110: =IF(#REF!<>"",#REF!,IF(#REF!<>"",#REF!,""))
B111: =#REF! | D111: =IF(#REF!<>"",#REF!,IF(#REF!<>"",#REF!,"")) | J111: =#REF! | K111: ='rincian 6'!S88 | L111: ='rincian 6'!U88 | M111: =K111+L111 | N111: =L111 | O111: =J111-M111 | P111: =#REF! | Q111: =N111*P111
B112: =#REF! | D112: =IF(#REF!<>"",#REF!,IF(#REF!<>"",#REF!,"")) | J112: =#REF! | K112: ='rincian 6'!S89 | L112: ='rincian 6'!U89 | M112: =K112+L112 | N112: =L112 | O112: =J112-M112 | P112: =#REF! | Q112: =N112*P112
...

Sheet rincian 
AL1: =IF(COUNTIF($AT$13:$AT$37,"DITOLAK*")>0,"DITOLAK: ada item yang volumenya MELEBIHI kontrak - cek kolom STATUS (AT) yang merah",IF(ROUND($AS$7,6)>1,"DITOLAK: total bobot "&TEXT($AS$7,"0.00%")&" sudah melebihi 100% kontrak",IF(ROUND($AS$7,6)=1,"PROGRES SUDAH 100% - VOLUME KONTRAK HABIS. Penambahan progres akan ditolak.","AMAN - sisa bobot yang belum dialokasikan "&TEXT(1-$AS$7,"0.00%"))))
B3: RINCIAN PROGRES PEKERJAAN
B4: =UPPER(""&DATA!$B$6) | AL4: TERMIN SHEET INI (1-6)
B5: PROYEK DESIGN AND BUILD PERKUATAN DERMAGA BARAT JICT PELABUHAN TANJUNG PRIOK | AL5: 1
B7: NO. | C7: URAIAN | J7: SAT | K7: SESUAI DENGAN RAB | N7: VOLUME | O7: SAT | P7: HARGA SATUAN (Rp) | Q7: JUMLAH HARGA (Rp) | R7: BOBOT | S7: S/D PERIODE LALU | U7: PERIODE INI | W7: S/D PERIODE INI | AL7: ALOKASI VOLUME PROGRES PER TERMIN - OTOMATIS dari sheet 'REKAP PROGRES' kolom J:O (TERMIN 1-6). Jangan diisi manual di sini. | AR7: TOTAL BOBOT TERALOKASI | AS7: {=SUMPRODUCT(IFERROR($AR$13:$AR$37/$N$13:$N$37*$R$13:$R$37,0))}
R8: ( % ) | S8: PROGRES | T8: BOBOT | U8: PROGRES | V8: BOBOT | W8: PROGRES | X8: BOBOT
K9: VOLUME | L9: HARGA SATUAN | M9: JUMLAH HARGA | AL9: TERMIN 1 | AM9: TERMIN 2 | AN9: TERMIN 3 | AO9: TERMIN 4 | AP9: TERMIN 5 | AQ9: TERMIN 6 | AR9: TOTAL ALOKASI | AS9: SISA VOLUME | AT9: STATUS
C11: =DATA!$B$6 | AC11: PROYEK DESIGN AND BUILD PERKUATAN DERMAGA BARAT JICT PELABUHAN TANJUNG PRIOK
C12: =lamp1!C14
B13: =lamp1!B15 | C13: =lamp1!C15 | AL13: ='REKAP PROGRES'!J5 | AM13: ='REKAP PROGRES'!K5 | AN13: ='REKAP PROGRES'!L5 | AO13: ='REKAP PROGRES'!M5 | AP13: ='REKAP PROGRES'!N5 | AQ13: ='REKAP PROGRES'!O5 | AR13: =SUM($AL13:$AQ13) | AS13: =IF(N(N15)=0,"",N15-AR13) | AT13: =IF(N(N15)=0,IF(AR13>0,"DITOLAK - BARIS BUKAN ITEM",""),IF(AR13>N15,"DITOLAK - MELEBIHI KONTRAK",IF(AR13=N15,"HABIS - 100%","")))
C14: =lamp1!C16 | AL14: ='REKAP PROGRES'!J6 | AM14: ='REKAP PROGRES'!K6 | AN14: ='REKAP PROGRES'!L6 | AO14: ='REKAP PROGRES'!M6 | AP14: ='REKAP PROGRES'!N6 | AQ14: ='REKAP PROGRES'!O6 | AR14: =SUM($AL14:$AQ14) | AS14: =IF(N(N16)=0,"",N16-AR14) | AT14: =IF(N(N16)=0,IF(AR14>0,"DITOLAK - BARIS BUKAN ITEM",""),IF(AR14>N16,"DITOLAK - MELEBIHI KONTRAK",IF(AR14=N16,"HABIS - 100%","")))
B15: =lamp1!B17 | D15: =lamp1!D17 | N15: =lamp1!H17 | O15: =lamp1!I17 | P15: =lamp1!J17 | Q15: =P15*N15 | R15: =IFERROR(Q15/$Q$38,0) | S15: =IF($AL$5<=1,0,SUM(OFFSET($AL15,0,0,1,$AL$5-1))) | T15: =IFERROR(S15/N15*R15,0) | U15: {=IFERROR(INDEX($AL15:$AQ15,$AL$5),0)} | V15: =IFERROR(U15/N15*R15,0) | W15: =S15+U15 | X15: =T15+V15 | AL15: ='REKAP PROGRES'!J7 | AM15: ='REKAP PROGRES'!K7 | AN15: ='REKAP PROGRES'!L7 | AO15: ='REKAP PROGRES'!M7 | AP15: ='REKAP PROGRES'!N7 | AQ15: ='REKAP PROGRES'!O7 | AR15: =SUM($AL15:$AQ15) | AS15: =IF(N(N17)=0,"",N17-AR15) | AT15: =IF(N(N17)=0,IF(AR15>0,"DITOLAK - BARIS BUKAN ITEM",""),IF(AR15>N17,"DITOLAK - MELEBIHI KONTRAK",IF(AR15=N17,"HABIS - 100%","")))
B16: =lamp1!B18 | D16: =lamp1!D18 | N16: =lamp1!H18 | O16: =lamp1!I18 | P16: =lamp1!J18 | Q16: =P16*N16 | R16: =IFERROR(Q16/$Q$38,0) | S16: =IF($AL$5<=1,0,SUM(OFFSET($AL16,0,0,1,$AL$5-1))) | T16: =IFERROR(S16/N16*R16,0) | U16: {=IFERROR(INDEX($AL16:$AQ16,$AL$5),0)} | V16: =IFERROR(U16/N16*R16,0) | W16: =S16+U16 | X16: =T16+V16 | AL16: ='REKAP PROGRES'!J8 | AM16: ='REKAP PROGRES'!K8 | AN16: ='REKAP PROGRES'!L8 | AO16: ='REKAP PROGRES'!M8 | AP16: ='REKAP PROGRES'!N8 | AQ16: ='REKAP PROGRES'!O8 | AR16: =SUM($AL16:$AQ16) | AS16: =IF(N(N18)=0,"",N18-AR16) | AT16: =IF(N(N18)=0,IF(AR16>0,"DITOLAK - BARIS BUKAN ITEM",""),IF(AR16>N18,"DITOLAK - MELEBIHI KONTRAK",IF(AR16=N18,"HABIS - 100%","")))
B17: =lamp1!B19 | D17: =lamp1!D19 | N17: =lamp1!H19 | O17: =lamp1!I19 | P17: =lamp1!J19 | Q17: =P17*N17 | R17: =IFERROR(Q17/$Q$38,0) | S17: =IF($AL$5<=1,0,SUM(OFFSET($AL17,0,0,1,$AL$5-1))) | T17: =IFERROR(S17/N17*R17,0) | U17: {=IFERROR(INDEX($AL17:$AQ17,$AL$5),0)} | V17: =IFERROR(U17/N17*R17,0) | W17: =S17+U17 | X17: =T17+V17 | AL17: ='REKAP PROGRES'!J9 | AM17: ='REKAP PROGRES'!K9 | AN17: ='REKAP PROGRES'!L9 | AO17: ='REKAP PROGRES'!M9 | AP17: ='REKAP PROGRES'!N9 | AQ17: ='REKAP PROGRES'!O9 | AR17: =SUM($AL17:$AQ17) | AS17: =IF(N(N19)=0,"",N19-AR17) | AT17: =IF(N(N19)=0,IF(AR17>0,"DITOLAK - BARIS BUKAN ITEM",""),IF(AR17>N19,"DITOLAK - MELEBIHI KONTRAK",IF(AR17=N19,"HABIS - 100%","")))
B18: =lamp1!B20 | D18: =lamp1!D20 | N18: =lamp1!H20 | O18: =lamp1!I20 | P18: =lamp1!J20 | Q18: =P18*N18 | R18: =IFERROR(Q18/$Q$38,0) | S18: =IF($AL$5<=1,0,SUM(OFFSET($AL18,0,0,1,$AL$5-1))) | T18: =IFERROR(S18/N18*R18,0) | U18: {=IFERROR(INDEX($AL18:$AQ18,$AL$5),0)} | V18: =IFERROR(U18/N18*R18,0) | W18: =S18+U18 | X18: =T18+V18 | AL18: ='REKAP PROGRES'!J10 | AM18: ='REKAP PROGRES'!K10 | AN18: ='REKAP PROGRES'!L10 | AO18: ='REKAP PROGRES'!M10 | AP18: ='REKAP PROGRES'!N10 | AQ18: ='REKAP PROGRES'!O10 | AR18: =SUM($AL18:$AQ18) | AS18: =IF(N(N20)=0,"",N20-AR18) | AT18: =IF(N(N20)=0,IF(AR18>0,"DITOLAK - BARIS BUKAN ITEM",""),IF(AR18>N20,"DITOLAK - MELEBIHI KONTRAK",IF(AR18=N20,"HABIS - 100%","")))
B19: =lamp1!B21 | D19: =lamp1!D21 | N19: =lamp1!H21 | O19: =lamp1!I21 | P19: =lamp1!J21 | Q19: =P19*N19 | R19: =IFERROR(Q19/$Q$38,0) | S19: =IF($AL$5<=1,0,SUM(OFFSET($AL19,0,0,1,$AL$5-1))) | T19: =IFERROR(S19/N19*R19,0) | U19: {=IFERROR(INDEX($AL19:$AQ19,$AL$5),0)} | V19: =IFERROR(U19/N19*R19,0) | W19: =S19+U19 | X19: =T19+V19 | AL19: ='REKAP PROGRES'!J11 | AM19: ='REKAP PROGRES'!K11 | AN19: ='REKAP PROGRES'!L11 | AO19: ='REKAP PROGRES'!M11 | AP19: ='REKAP PROGRES'!N11 | AQ19: ='REKAP PROGRES'!O11 | AR19: =SUM($AL19:$AQ19) | AS19: =IF(N(N21)=0,"",N21-AR19) | AT19: =IF(N(N21)=0,IF(AR19>0,"DITOLAK - BARIS BUKAN ITEM",""),IF(AR19>N21,"DITOLAK - MELEBIHI KONTRAK",IF(AR19=N21,"HABIS - 100%","")))
B20: =lamp1!B22 | D20: =lamp1!D22 | N20: =lamp1!H22 | O20: =lamp1!I22 | P20: =lamp1!J22 | Q20: =P20*N20 | R20: =IFERROR(Q20/$Q$38,0) | S20: =IF($AL$5<=1,0,SUM(OFFSET($AL20,0,0,1,$AL$5-1))) | T20: =IFERROR(S20/N20*R20,0) | U20: {=IFERROR(INDEX($AL20:$AQ20,$AL$5),0)} | V20: =IFERROR(U20/N20*R20,0) | W20: =S20+U20 | X20: =T20+V20 | AL20: ='REKAP PROGRES'!J12 | AM20: ='REKAP PROGRES'!K12 | AN20: ='REKAP PROGRES'!L12 | AO20: ='REKAP PROGRES'!M12 | AP20: ='REKAP PROGRES'!N12 | AQ20: ='REKAP PROGRES'!O12 | AR20: =SUM($AL20:$AQ20) | AS20: =IF(N(N22)=0,"",N22-AR20) | AT20: =IF(N(N22)=0,IF(AR20>0,"DITOLAK - BARIS BUKAN ITEM",""),IF(AR20>N22,"DITOLAK - MELEBIHI KONTRAK",IF(AR20=N22,"HABIS - 100%","")))
B21: =lamp1!B23 | D21: =lamp1!D23 | N21: =lamp1!H23 | O21: =lamp1!I23 | P21: =lamp1!J23 | Q21: 0 | R21: =IFERROR(Q21/$Q$38,0) | S21: =IF($AL$5<=1,0,SUM(OFFSET($AL21,0,0,1,$AL$5-1))) | T21: =IFERROR(S21/N21*R21,0) | U21: {=IFERROR(INDEX($AL21:$AQ21,$AL$5),0)} | V21: =IFERROR(U21/N21*R21,0) | W21: =S21+U21 | X21: =T21+V21 | AS21: =IF(N(N23)=0,"",N23-AR21) | AT21: =IF(N(N23)=0,IF(AR21>0,"DITOLAK - BARIS BUKAN ITEM",""),IF(AR21>N23,"DITOLAK - MELEBIHI KONTRAK",IF(AR21=N23,"HABIS - 100%","")))
B22: =lamp1!B24 | D22: =lamp1!D24 | N22: =lamp1!H24 | O22: =lamp1!I24 | P22: =lamp1!J24 | Q22: =P22*N22 | R22: =IFERROR(Q22/$Q$38,0) | S22: =IF($AL$5<=1,0,SUM(OFFSET($AL22,0,0,1,$AL$5-1))) | T22: =IFERROR(S22/N22*R22,0) | U22: {=IFERROR(INDEX($AL22:$AQ22,$AL$5),0)} | V22: =IFERROR(U22/N22*R22,0) | W22: =S22+U22 | X22: =T22+V22 | AS22: =IF(N(N24)=0,"",N24-AR22) | AT22: =IF(N(N24)=0,IF(AR22>0,"DITOLAK - BARIS BUKAN ITEM",""),IF(AR22>N24,"DITOLAK - MELEBIHI KONTRAK",IF(AR22=N24,"HABIS - 100%","")))
AS23: =IF(N(N25)=0,"",N25-AR23) | AT23: =IF(N(N25)=0,IF(AR23>0,"DITOLAK - BARIS BUKAN ITEM",""),IF(AR23>N25,"DITOLAK - MELEBIHI KONTRAK",IF(AR23=N25,"HABIS - 100%","")))
B24: =lamp1!B26 | C24: =lamp1!C26 | AL24: ='REKAP PROGRES'!J16 | AM24: ='REKAP PROGRES'!K16 | AN24: ='REKAP PROGRES'!L16 | AO24: ='REKAP PROGRES'!M16 | AP24: ='REKAP PROGRES'!N16 | AQ24: ='REKAP PROGRES'!O16 | AR24: =SUM($AL24:$AQ24) | AS24: =IF(N(N26)=0,"",N26-AR24) | AT24: =IF(N(N26)=0,IF(AR24>0,"DITOLAK - BARIS BUKAN ITEM",""),IF(AR24>N26,"DITOLAK - MELEBIHI KONTRAK",IF(AR24=N26,"HABIS - 100%","")))
C25: =lamp1!C27 | AL25: ='REKAP PROGRES'!J17 | AM25: ='REKAP PROGRES'!K17 | AN25: ='REKAP PROGRES'!L17 | AO25: ='REKAP PROGRES'!M17 | AP25: ='REKAP PROGRES'!N17 | AQ25: ='REKAP PROGRES'!O17 | AR25: =SUM($AL25:$AQ25) | AS25: =IF(N(N27)=0,"",N27-AR25) | AT25: =IF(N(N27)=0,IF(AR25>0,"DITOLAK - BARIS BUKAN ITEM",""),IF(AR25>N27,"DITOLAK - MELEBIHI KONTRAK",IF(AR25=N27,"HABIS - 100%","")))
B26: =lamp1!B28 | D26: =lamp1!D28 | N26: =lamp1!H28 | O26: =lamp1!I28 | P26: =lamp1!J28 | Q26: =P26*N26 | R26: =IFERROR(Q26/$Q$38,0) | S26: =IF($AL$5<=1,0,SUM(OFFSET($AL26,0,0,1,$AL$5-1))) | T26: =IFERROR(S26/N26*R26,0) | U26: {=IFERROR(INDEX($AL26:$AQ26,$AL$5),0)} | V26: =IFERROR(U26/N26*R26,0) | W26: =S26+U26 | X26: =T26+V26 | AL26: ='REKAP PROGRES'!J18 | AM26: ='REKAP PROGRES'!K18 | AN26: ='REKAP PROGRES'!L18 | AO26: ='REKAP PROGRES'!M18 | AP26: ='REKAP PROGRES'!N18 | AQ26: ='REKAP PROGRES'!O18 | AR26: =SUM($AL26:$AQ26) | AS26: =IF(N(N28)=0,"",N28-AR26) | AT26: =IF(N(N28)=0,IF(AR26>0,"DITOLAK - BARIS BUKAN ITEM",""),IF(AR26>N28,"DITOLAK - MELEBIHI KONTRAK",IF(AR26=N28,"HABIS - 100%","")))
B27: =lamp1!B29 | D27: =lamp1!D29 | N27: =lamp1!H29 | O27: =lamp1!I29 | P27: =lamp1!J29 | Q27: =P27*N27 | R27: =IFERROR(Q27/$Q$38,0) | S27: =IF($AL$5<=1,0,SUM(OFFSET($AL27,0,0,1,$AL$5-1))) | T27: =IFERROR(S27/N27*R27,0) | U27: {=IFERROR(INDEX($AL27:$AQ27,$AL$5),0)} | V27: =IFERROR(U27/N27*R27,0) | W27: =S27+U27 | X27: =T27+V27 | AL27: ='REKAP PROGRES'!J19 | AM27: ='REKAP PROGRES'!K19 | AN27: ='REKAP PROGRES'!L19 | AO27: ='REKAP PROGRES'!M19 | AP27: ='REKAP PROGRES'!N19 | AQ27: ='REKAP PROGRES'!O19 | AR27: =SUM($AL27:$AQ27) | AS27: =IF(N(N29)=0,"",N29-AR27) | AT27: =IF(N(N29)=0,IF(AR27>0,"DITOLAK - BARIS BUKAN ITEM",""),IF(AR27>N29,"DITOLAK - MELEBIHI KONTRAK",IF(AR27=N29,"HABIS - 100%","")))
B28: =lamp1!B30 | D28: =lamp1!D30 | N28: =lamp1!H30 | O28: =lamp1!I30 | P28: =lamp1!J30 | Q28: =P28*N28 | R28: =IFERROR(Q28/$Q$38,0) | S28: =IF($AL$5<=1,0,SUM(OFFSET($AL28,0,0,1,$AL$5-1))) | T28: =IFERROR(S28/N28*R28,0) | U28: {=IFERROR(INDEX($AL28:$AQ28,$AL$5),0)} | V28: =IFERROR(U28/N28*R28,0) | W28: =S28+U28 | X28: =T28+V28 | AL28: ='REKAP PROGRES'!J20 | AM28: ='REKAP PROGRES'!K20 | AN28: ='REKAP PROGRES'!L20 | AO28: ='REKAP PROGRES'!M20 | AP28: ='REKAP PROGRES'!N20 | AQ28: ='REKAP PROGRES'!O20 | AR28: =SUM($AL28:$AQ28) | AS28: =IF(N(N30)=0,"",N30-AR28) | AT28: =IF(N(N30)=0,IF(AR28>0,"DITOLAK - BARIS BUKAN ITEM",""),IF(AR28>N30,"DITOLAK - MELEBIHI KONTRAK",IF(AR28=N30,"HABIS - 100%","")))
B29: =lamp1!B31 | D29: =lamp1!D31 | N29: =lamp1!H31 | O29: =lamp1!I31 | P29: =lamp1!J31 | Q29: =P29*N29 | R29: =IFERROR(Q29/$Q$38,0) | S29: =IF($AL$5<=1,0,SUM(OFFSET($AL29,0,0,1,$AL$5-1))) | T29: =IFERROR(S29/N29*R29,0) | U29: {=IFERROR(INDEX($AL29:$AQ29,$AL$5),0)} | V29: =IFERROR(U29/N29*R29,0) | W29: =S29+U29 | X29: =T29+V29 | AL29: ='REKAP PROGRES'!J21 | AM29: ='REKAP PROGRES'!K21 | AN29: ='REKAP PROGRES'!L21 | AO29: ='REKAP PROGRES'!M21 | AP29: ='REKAP PROGRES'!N21 | AQ29: ='REKAP PROGRES'!O21 | AR29: =SUM($AL29:$AQ29) | AS29: =IF(N(N31)=0,"",N31-AR29) | AT29: =IF(N(N31)=0,IF(AR29>0,"DITOLAK - BARIS BUKAN ITEM",""),IF(AR29>N31,"DITOLAK - MELEBIHI KONTRAK",IF(AR29=N31,"HABIS - 100%","")))
B30: =lamp1!B32 | D30: =lamp1!D32 | N30: =lamp1!H32 | O30: =lamp1!I32 | P30: =lamp1!J32 | Q30: =P30*N30 | R30: =IFERROR(Q30/$Q$38,0) | S30: =IF($AL$5<=1,0,SUM(OFFSET($AL30,0,0,1,$AL$5-1))) | T30: =IFERROR(S30/N30*R30,0) | U30: {=IFERROR(INDEX($AL30:$AQ30,$AL$5),0)} | V30: =IFERROR(U30/N30*R30,0) | W30: =S30+U30 | X30: =T30+V30 | AL30: ='REKAP PROGRES'!J22 | AM30: ='REKAP PROGRES'!K22 | AN30: ='REKAP PROGRES'!L22 | AO30: ='REKAP PROGRES'!M22 | AP30: ='REKAP PROGRES'!N22 | AQ30: ='REKAP PROGRES'!O22 | AR30: =SUM($AL30:$AQ30) | AS30: =IF(N(N32)=0,"",N32-AR30) | AT30: =IF(N(N32)=0,IF(AR30>0,"DITOLAK - BARIS BUKAN ITEM",""),IF(AR30>N32,"DITOLAK - MELEBIHI KONTRAK",IF(AR30=N32,"HABIS - 100%","")))
B31: =lamp1!B33 | D31: =lamp1!D33 | N31: =lamp1!H33 | O31: =lamp1!I33 | P31: =lamp1!J33 | Q31: =P31*N31 | R31: =IFERROR(Q31/$Q$38,0) | S31: =IF($AL$5<=1,0,SUM(OFFSET($AL31,0,0,1,$AL$5-1))) | T31: =IFERROR(S31/N31*R31,0) | U31: {=IFERROR(INDEX($AL31:$AQ31,$AL$5),0)} | V31: =IFERROR(U31/N31*R31,0) | W31: =S31+U31 | X31: =T31+V31 | AS31: =IF(N(N33)=0,"",N33-AR31) | AT31: =IF(N(N33)=0,IF(AR31>0,"DITOLAK - BARIS BUKAN ITEM",""),IF(AR31>N33,"DITOLAK - MELEBIHI KONTRAK",IF(AR31=N33,"HABIS - 100%","")))
B32: =lamp1!B34 | D32: =lamp1!D34 | N32: =lamp1!H34 | O32: =lamp1!I34 | P32: =lamp1!J34 | Q32: =P32*N32 | R32: =IFERROR(Q32/$Q$38,0) | S32: =IF($AL$5<=1,0,SUM(OFFSET($AL32,0,0,1,$AL$5-1))) | T32: =IFERROR(S32/N32*R32,0) | U32: {=IFERROR(INDEX($AL32:$AQ32,$AL$5),0)} | V32: =IFERROR(U32/N32*R32,0) | W32: =S32+U32 | X32: =T32+V32 | AS32: =IF(N(N34)=0,"",N34-AR32) | AT32: =IF(N(N34)=0,IF(AR32>0,"DITOLAK - BARIS BUKAN ITEM",""),IF(AR32>N34,"DITOLAK - MELEBIHI KONTRAK",IF(AR32=N34,"HABIS - 100%","")))
B33: =lamp1!B35 | D33: =lamp1!D35 | N33: =lamp1!H35 | O33: =lamp1!I35 | P33: =lamp1!J35 | Q33: 0 | R33: 0 | S33: 0 | T33: 0 | U33: 0 | V33: 0 | W33: 0 | X33: 0 | AL33: ='REKAP PROGRES'!J25 | AM33: ='REKAP PROGRES'!K25 | AN33: ='REKAP PROGRES'!L25 | AO33: ='REKAP PROGRES'!M25 | AP33: ='REKAP PROGRES'!N25 | AQ33: ='REKAP PROGRES'!O25 | AR33: =SUM($AL33:$AQ33) | AS33: =IF(N(N35)=0,"",N35-AR33) | AT33: =IF(N(N35)=0,IF(AR33>0,"DITOLAK - BARIS BUKAN ITEM",""),IF(AR33>N35,"DITOLAK - MELEBIHI KONTRAK",IF(AR33=N35,"HABIS - 100%","")))
B34: =lamp1!B36 | D34: =lamp1!D36 | N34: =lamp1!H36 | O34: =lamp1!I36 | P34: =lamp1!J36 | Q34: 0 | R34: 0 | S34: 0 | T34: 0 | U34: 0 | V34: 0 | W34: 0 | X34: 0 | AL34: ='REKAP PROGRES'!J26 | AM34: ='REKAP PROGRES'!K26 | AN34: ='REKAP PROGRES'!L26 | AO34: ='REKAP PROGRES'!M26 | AP34: ='REKAP PROGRES'!N26 | AQ34: ='REKAP PROGRES'!O26 | AR34: =SUM($AL34:$AQ34) | AS34: =IF(N(N36)=0,"",N36-AR34) | AT34: =IF(N(N36)=0,IF(AR34>0,"DITOLAK - BARIS BUKAN ITEM",""),IF(AR34>N36,"DITOLAK - MELEBIHI KONTRAK",IF(AR34=N36,"HABIS - 100%","")))
B35: =lamp1!B37 | D35: =lamp1!D37 | N35: =lamp1!H37 | O35: =lamp1!I37 | P35: =lamp1!J37 | Q35: =P35*N35 | R35: =IFERROR(Q35/$Q$38,0) | S35: =IF($AL$5<=1,0,SUM(OFFSET($AL35,0,0,1,$AL$5-1))) | T35: =IFERROR(S35/N35*R35,0) | U35: {=IFERROR(INDEX($AL35:$AQ35,$AL$5),0)} | V35: =IFERROR(U35/N35*R35,0) | W35: =S35+U35 | X35: =T35+V35 | AS35: =IF(N(N37)=0,"",N37-AR35) | AT35: =IF(N(N37)=0,IF(AR35>0,"DITOLAK - BARIS BUKAN ITEM",""),IF(AR35>N37,"DITOLAK - MELEBIHI KONTRAK",IF(AR35=N37,"HABIS - 100%","")))
B36: =lamp1!B38 | D36: =lamp1!D38 | N36: =lamp1!H38 | O36: =lamp1!I38 | P36: =lamp1!J38 | Q36: =P36*N36 | R36: =IFERROR(Q36/$Q$38,0) | S36: =IF($AL$5<=1,0,SUM(OFFSET($AL36,0,0,1,$AL$5-1))) | T36: =IFERROR(S36/N36*R36,0) | U36: {=IFERROR(INDEX($AL36:$AQ36,$AL$5),0)} | V36: =IFERROR(U36/N36*R36,0) | W36: =S36+U36 | X36: =T36+V36 | AB36: =Q36/Q38 | AS36: =IF(N(N38)=0,"",N38-AR36) | AT36: =IF(N(N38)=0,IF(AR36>0,"DITOLAK - BARIS BUKAN ITEM",""),IF(AR36>N38,"DITOLAK - MELEBIHI KONTRAK",IF(AR36=N38,"HABIS - 100%","")))
AS37: =IF(N(N39)=0,"",N39-AR37) | AT37: =IF(N(N39)=0,IF(AR37>0,"DITOLAK - BARIS BUKAN ITEM",""),IF(AR37>N39,"DITOLAK - MELEBIHI KONTRAK",IF(AR37=N39,"HABIS - 100%","")))
C38: JUMLAH | Q38: =SUM(Q13:Q37) | R38: =SUM(R13:R37) | T38: =SUM(T13:T37) | V38: =SUM(V13:V37) | X38: =SUM(X13:X37) | Z38: {=IF(SUMPRODUCT(--(W15:W37>IFERROR(N15:N37*1,0)))>0,"DITOLAK: ada item dengan progres s/d periode ini MELEBIHI volume kontrak",IF(ROUND(X38,6)>1,"DITOLAK: bobot s/d periode ini "&TEXT(X38,"0.00%")&" sudah melebihi 100%",IF(ROUND(X38,6)=1,"PROGRES SUDAH 100% - VOLUME KONTRAK HABIS, penambahan progres ditolak","SISA BOBOT BELUM DITAGIH: "&TEXT(1-X38,"0.00%"))))}
W40: =DATA!$B$36&", "&BAPP!W2
B41: Mengetahui / Menyetujui, | N41: Diperiksa Oleh, | V41: Diajukan Oleh,
B42: =DATA!$B$107 | N42: =B42 | R42: =N42 | V42: SUBKONTRAKTOR
B43: =DATA!$B$108 | N43: =$B$43 | R43: =$B$43
B50: =DATA!$B$109 | N50: =DATA!$B$111 | R50: =DATA!$B$113 | V50: =DATA!B22
B51: =DATA!$B$110 | N51: =DATA!$B$112 | R51: =DATA!$B$114 | V51: =DATA!B23
J55: Disetujui :
J56: =DATA!$B$62
J57: =DATA!$B$108

Sheet rincian 2
B3: RINCIAN PROGRES PEKERJAAN
B4: =UPPER(""&#REF!) | AL4: TERMIN SHEET INI (1-6)
B5: PROYEK DESIGN AND BUILD PERKUATAN DERMAGA BARAT JICT PELABUHAN TANJUNG PRIOK | AL5: 2
B7: NO. | C7: URAIAN | J7: SAT | K7: SESUAI DENGAN RAB | N7: VOLUME | O7: SAT | P7: HARGA SATUAN (Rp) | Q7: JUMLAH HARGA (Rp) | R7: BOBOT | S7: S/D PERIODE LALU | U7: PERIODE INI | W7: S/D PERIODE INI | AL7: Alokasi volume per termin diisi HANYA di sheet 'rincian ' (master termin 1). Sheet ini otomatis mengambil dari sana.
R8: ( % ) | S8: PROGRES | T8: BOBOT | U8: PROGRES | V8: BOBOT | W8: PROGRES | X8: BOBOT
K9: VOLUME | L9: HARGA SATUAN | M9: JUMLAH HARGA | AL9: TERMIN 1 | AM9: TERMIN 2 | AN9: TERMIN 3 | AO9: TERMIN 4 | AP9: TERMIN 5 | AQ9: TERMIN 6
C11: =DATA!$B$6 | AC11: PROYEK DESIGN AND BUILD PERKUATAN DERMAGA BARAT JICT PELABUHAN TANJUNG PRIOK
B12: =#REF! | D12: =IF(#REF!<>"",#REF!,IF(#REF!<>"",#REF!,""))
B13: =#REF! | D13: =IF(#REF!<>"",#REF!,IF(#REF!<>"",#REF!,""))
B14: =#REF! | D14: =IF(#REF!<>"",#REF!,IF(#REF!<>"",#REF!,"")) | N14: =#REF! | O14: =#REF! | P14: =#REF! | Q14: =P14*N14 | R14: =IFERROR(Q14/$Q$166,0) | S14: =IF($AL$5<=1,0,SUM(OFFSET('rincian '!#REF!,0,0,1,$AL$5-1))) | T14: =IFERROR(S14/N14*R14,0) | U14: {=IFERROR(INDEX('rincian '!#REF!,$AL$5),0)} | V14: =IFERROR(U14/N14*R14,0) | W14: =S14+U14 | X14: =T14+V14
B15: =#REF! | D15: =IF(#REF!<>"",#REF!,IF(#REF!<>"",#REF!,"")) | N15: =#REF! | O15: =#REF! | P15: =#REF! | Q15: =P15*N15 | R15: =IFERROR(Q15/$Q$166,0) | S15: =IF($AL$5<=1,0,SUM(OFFSET('rincian '!$AL15,0,0,1,$AL$5-1))) | T15: =IFERROR(S15/N15*R15,0) | U15: {=IFERROR(INDEX('rincian '!$AL15:$AQ15,$AL$5),0)} | V15: =IFERROR(U15/N15*R15,0) | W15: =S15+U15 | X15: =T15+V15
B16: =#REF! | D16: =IF(#REF!<>"",#REF!,IF(#REF!<>"",#REF!,"")) | N16: =#REF! | O16: =#REF! | P16: =#REF! | Q16: =P16*N16 | R16: =IFERROR(Q16/$Q$166,0) | S16: =IF($AL$5<=1,0,SUM(OFFSET('rincian '!$AL16,0,0,1,$AL$5-1))) | T16: =IFERROR(S16/N16*R16,0) | U16: {=IFERROR(INDEX('rincian '!$AL16:$AQ16,$AL$5),0)} | V16: =IFERROR(U16/N16*R16,0) | W16: =S16+U16 | X16: =T16+V16
B17: =#REF! | D17: =IF(#REF!<>"",#REF!,IF(#REF!<>"",#REF!,"")) | N17: =#REF! | O17: =#REF! | P17: =#REF! | Q17: =P17*N17 | R17: =IFERROR(Q17/$Q$166,0) | S17: =IF($AL$5<=1,0,SUM(OFFSET('rincian '!$AL17,0,0,1,$AL$5-1))) | T17: =IFERROR(S17/N17*R17,0) | U17: {=IFERROR(INDEX('rincian '!$AL17:$AQ17,$AL$5),0)} | V17: =IFERROR(U17/N17*R17,0) | W17: =S17+U17 | X17: =T17+V17
B18: =#REF! | D18: =IF(#REF!<>"",#REF!,IF(#REF!<>"",#REF!,""))
B19: =#REF! | D19: =IF(#REF!<>"",#REF!,IF(#REF!<>"",#REF!,"")) | N19: =#REF! | O19: =#REF! | P19: =#REF! | Q19: =P19*N19 | R19: =IFERROR(Q19/$Q$166,0) | S19: =IF($AL$5<=1,0,SUM(OFFSET('rincian '!$AL19,0,0,1,$AL$5-1))) | T19: =IFERROR(S19/N19*R19,0) | U19: {=IFERROR(INDEX('rincian '!$AL19:$AQ19,$AL$5),0)} | V19: =IFERROR(U19/N19*R19,0) | W19: =S19+U19 | X19: =T19+V19
B20: =#REF! | D20: =IF(#REF!<>"",#REF!,IF(#REF!<>"",#REF!,"")) | N20: =#REF! | O20: =#REF! | P20: =#REF! | Q20: =P20*N20 | R20: =IFERROR(Q20/$Q$166,0) | S20: =IF($AL$5<=1,0,SUM(OFFSET('rincian '!$AL20,0,0,1,$AL$5-1))) | T20: =IFERROR(S20/N20*R20,0) | U20: {=IFERROR(INDEX('rincian '!$AL20:$AQ20,$AL$5),0)} | V20: =IFERROR(U20/N20*R20,0) | W20: =S20+U20 | X20: =T20+V20
B21: =#REF! | D21: =IF(#REF!<>"",#REF!,IF(#REF!<>"",#REF!,"")) | N21: =#REF! | O21: =#REF! | P21: =#REF! | Q21: =P21*N21 | R21: =IFERROR(Q21/$Q$166,0) | S21: =IF($AL$5<=1,0,SUM(OFFSET('rincian '!$AL21,0,0,1,$AL$5-1))) | T21: =IFERROR(S21/N21*R21,0) | U21: {=IFERROR(INDEX('rincian '!$AL21:$AQ21,$AL$5),0)} | V21: =IFERROR(U21/N21*R21,0) | W21: =S21+U21 | X21: =T21+V21
B22: =#REF! | D22: =IF(#REF!<>"",#REF!,IF(#REF!<>"",#REF!,"")) | N22: =#REF! | O22: =#REF! | P22: =#REF! | Q22: =P22*N22 | R22: =IFERROR(Q22/$Q$166,0) | S22: =IF($AL$5<=1,0,SUM(OFFSET('rincian '!$AL22,0,0,1,$AL$5-1))) | T22: =IFERROR(S22/N22*R22,0) | U22: {=IFERROR(INDEX('rincian '!$AL22:$AQ22,$AL$5),0)} | V22: =IFERROR(U22/N22*R22,0) | W22: =S22+U22 | X22: =T22+V22
B23: =#REF! | D23: =IF(#REF!<>"",#REF!,IF(#REF!<>"",#REF!,"")) | N23: =#REF! | O23: =#REF! | P23: =#REF! | Q23: =P23*N23 | R23: =IFERROR(Q23/$Q$166,0) | S23: =IF($AL$5<=1,0,SUM(OFFSET('rincian '!#REF!,0,0,1,$AL$5-1))) | T23: =IFERROR(S23/N23*R23,0) | U23: {=IFERROR(INDEX('rincian '!#REF!,$AL$5),0)} | V23: =IFERROR(U23/N23*R23,0) | W23: =S23+U23 | X23: =T23+V23
B24: =#REF! | D24: =IF(#REF!<>"",#REF!,IF(#REF!<>"",#REF!,"")) | N24: =#REF! | O24: =#REF! | P24: =#REF! | Q24: =P24*N24 | R24: =IFERROR(Q24/$Q$166,0) | S24: =IF($AL$5<=1,0,SUM(OFFSET('rincian '!$AL24,0,0,1,$AL$5-1))) | T24: =IFERROR(S24/N24*R24,0) | U24: {=IFERROR(INDEX('rincian '!$AL24:$AQ24,$AL$5),0)} | V24: =IFERROR(U24/N24*R24,0) | W24: =S24+U24 | X24: =T24+V24
B25: =#REF! | D25: =IF(#REF!<>"",#REF!,IF(#REF!<>"",#REF!,""))
B26: =#REF! | D26: =IF(#REF!<>"",#REF!,IF(#REF!<>"",#REF!,"")) | N26: =#REF! | O26: =#REF! | P26: =#REF! | Q26: =P26*N26 | R26: =IFERROR(Q26/$Q$166,0) | S26: =IF($AL$5<=1,0,SUM(OFFSET('rincian '!$AL36,0,0,1,$AL$5-1))) | T26: =IFERROR(S26/N26*R26,0) | U26: {=IFERROR(INDEX('rincian '!$AL36:$AQ36,$AL$5),0)} | V26: =IFERROR(U26/N26*R26,0) | W26: =S26+U26 | X26: =T26+V26 | AB26: =Q26/Q166
B27: =#REF! | D27: =IF(#REF!<>"",#REF!,IF(#REF!<>"",#REF!,"")) | N27: =#REF! | O27: =#REF! | P27: =#REF! | Q27: =P27*N27 | R27: =IFERROR(Q27/$Q$166,0) | S27: =IF($AL$5<=1,0,SUM(OFFSET('rincian '!#REF!,0,0,1,$AL$5-1))) | T27: =IFERROR(S27/N27*R27,0) | U27: {=IFERROR(INDEX('rincian '!#REF!,$AL$5),0)} | V27: =IFERROR(U27/N27*R27,0) | W27: =S27+U27 | X27: =T27+V27
B28: =#REF! | D28: =IF(#REF!<>"",#REF!,IF(#REF!<>"",#REF!,"")) | N28: =#REF! | O28: =#REF! | P28: =#REF! | Q28: =P28*N28 | R28: =IFERROR(Q28/$Q$166,0) | S28: =IF($AL$5<=1,0,SUM(OFFSET('rincian '!#REF!,0,0,1,$AL$5-1))) | T28: =IFERROR(S28/N28*R28,0) | U28: {=IFERROR(INDEX('rincian '!#REF!,$AL$5),0)} | V28: =IFERROR(U28/N28*R28,0) | W28: =S28+U28 | X28: =T28+V28
B29: =#REF! | D29: =IF(#REF!<>"",#REF!,IF(#REF!<>"",#REF!,"")) | N29: =#REF! | O29: =#REF! | P29: =#REF! | Q29: =P29*N29 | R29: =IFERROR(Q29/$Q$166,0) | S29: =IF($AL$5<=1,0,SUM(OFFSET('rincian '!#REF!,0,0,1,$AL$5-1))) | T29: =IFERROR(S29/N29*R29,0) | U29: {=IFERROR(INDEX('rincian '!#REF!,$AL$5),0)} | V29: =IFERROR(U29/N29*R29,0) | W29: =S29+U29 | X29: =T29+V29
B30: =#REF! | D30: =IF(#REF!<>"",#REF!,IF(#REF!<>"",#REF!,""))
B31: =#REF! | D31: =IF(#REF!<>"",#REF!,IF(#REF!<>"",#REF!,"")) | N31: =#REF! | O31: =#REF! | P31: =#REF! | Q31: =P31*N31 | R31: =IFERROR(Q31/$Q$166,0) | S31: =IF($AL$5<=1,0,SUM(OFFSET('rincian '!#REF!,0,0,1,$AL$5-1))) | T31: =IFERROR(S31/N31*R31,0) | U31: {=IFERROR(INDEX('rincian '!#REF!,$AL$5),0)} | V31: =IFERROR(U31/N31*R31,0) | W31: =S31+U31 | X31: =T31+V31
B32: =#REF! | D32: =IF(#REF!<>"",#REF!,IF(#REF!<>"",#REF!,"")) | N32: =#REF! | O32: =#REF! | P32: =#REF! | Q32: =P32*N32 | R32: =IFERROR(Q32/$Q$166,0) | S32: =IF($AL$5<=1,0,SUM(OFFSET('rincian '!#REF!,0,0,1,$AL$5-1))) | T32: =IFERROR(S32/N32*R32,0) | U32: {=IFERROR(INDEX('rincian '!#REF!,$AL$5),0)} | V32: =IFERROR(U32/N32*R32,0) | W32: =S32+U32 | X32: =T32+V32
B33: =#REF! | D33: =IF(#REF!<>"",#REF!,IF(#REF!<>"",#REF!,"")) | N33: =#REF! | O33: =#REF! | P33: =#REF! | Q33: =P33*N33 | R33: =IFERROR(Q33/$Q$166,0) | S33: =IF($AL$5<=1,0,SUM(OFFSET('rincian '!#REF!,0,0,1,$AL$5-1))) | T33: =IFERROR(S33/N33*R33,0) | U33: {=IFERROR(INDEX('rincian '!#REF!,$AL$5),0)} | V33: =IFERROR(U33/N33*R33,0) | W33: =S33+U33 | X33: =T33+V33
B34: =#REF! | D34: =IF(#REF!<>"",#REF!,IF(#REF!<>"",#REF!,"")) | N34: =#REF! | O34: =#REF! | P34: =#REF! | Q34: =P34*N34 | R34: =IFERROR(Q34/$Q$166,0) | S34: =IF($AL$5<=1,0,SUM(OFFSET('rincian '!#REF!,0,0,1,$AL$5-1))) | T34: =IFERROR(S34/N34*R34,0) | U34: {=IFERROR(INDEX('rincian '!#REF!,$AL$5),0)} | V34: =IFERROR(U34/N34*R34,0) | W34: =S34+U34 | X34: =T34+V34
B35: =#REF! | D35: =IF(#REF!<>"",#REF!,IF(#REF!<>"",#REF!,"")) | N35: =#REF! | O35: =#REF! | P35: =#REF! | Q35: =P35*N35 | R35: =IFERROR(Q35/$Q$166,0) | S35: =IF($AL$5<=1,0,SUM(OFFSET('rincian '!#REF!,0,0,1,$AL$5-1))) | T35: =IFERROR(S35/N35*R35,0) | U35: {=IFERROR(INDEX('rincian '!#REF!,$AL$5),0)} | V35: =IFERROR(U35/N35*R35,0) | W35: =S35+U35 | X35: =T35+V35
B36: =#REF! | D36: =IF(#REF!<>"",#REF!,IF(#REF!<>"",#REF!,""))
B37: =#REF! | D37: =IF(#REF!<>"",#REF!,IF(#REF!<>"",#REF!,"")) | N37: =#REF! | O37: =#REF! | P37: =#REF! | Q37: =P37*N37 | R37: =IFERROR(Q37/$Q$166,0) | S37: =IF($AL$5<=1,0,SUM(OFFSET('rincian '!#REF!,0,0,1,$AL$5-1))) | T37: =IFERROR(S37/N37*R37,0) | U37: {=IFERROR(INDEX('rincian '!#REF!,$AL$5),0)} | V37: =IFERROR(U37/N37*R37,0) | W37: =S37+U37 | X37: =T37+V37
B38: =#REF! | D38: =IF(#REF!<>"",#REF!,IF(#REF!<>"",#REF!,"")) | N38: =#REF! | O38: =#REF! | P38: =#REF! | Q38: =P38*N38 | R38: =IFERROR(Q38/$Q$166,0) | S38: =IF($AL$5<=1,0,SUM(OFFSET('rincian '!#REF!,0,0,1,$AL$5-1))) | T38: =IFERROR(S38/N38*R38,0) | U38: {=IFERROR(INDEX('rincian '!#REF!,$AL$5),0)} | V38: =IFERROR(U38/N38*R38,0) | W38: =S38+U38 | X38: =T38+V38
B39: =#REF! | D39: =IF(#REF!<>"",#REF!,IF(#REF!<>"",#REF!,"")) | N39: =#REF! | O39: =#REF! | P39: =#REF! | Q39: =P39*N39 | R39: =IFERROR(Q39/$Q$166,0) | S39: =IF($AL$5<=1,0,SUM(OFFSET('rincian '!#REF!,0,0,1,$AL$5-1))) | T39: =IFERROR(S39/N39*R39,0) | U39: {=IFERROR(INDEX('rincian '!#REF!,$AL$5),0)} | V39: =IFERROR(U39/N39*R39,0) | W39: =S39+U39 | X39: =T39+V39
B40: =#REF! | D40: =IF(#REF!<>"",#REF!,IF(#REF!<>"",#REF!,"")) | N40: =#REF! | O40: =#REF! | P40: =#REF! | Q40: =P40*N40 | R40: =IFERROR(Q40/$Q$166,0) | S40: =IF($AL$5<=1,0,SUM(OFFSET('rincian '!#REF!,0,0,1,$AL$5-1))) | T40: =IFERROR(S40/N40*R40,0) | U40: {=IFERROR(INDEX('rincian '!#REF!,$AL$5),0)} | V40: =IFERROR(U40/N40*R40,0) | W40: =S40+U40 | X40: =T40+V40
B41: =#REF! | D41: =IF(#REF!<>"",#REF!,IF(#REF!<>"",#REF!,"")) | N41: =#REF! | O41: =#REF! | P41: =#REF! | Q41: =P41*N41 | R41: =IFERROR(Q41/$Q$166,0) | S41: =IF($AL$5<=1,0,SUM(OFFSET('rincian '!#REF!,0,0,1,$AL$5-1))) | T41: =IFERROR(S41/N41*R41,0) | U41: {=IFERROR(INDEX('rincian '!#REF!,$AL$5),0)} | V41: =IFERROR(U41/N41*R41,0) | W41: =S41+U41 | X41: =T41+V41
B42: =#REF! | D42: =IF(#REF!<>"",#REF!,IF(#REF!<>"",#REF!,"")) | N42: =#REF! | O42: =#REF! | P42: =#REF! | Q42: =P42*N42 | R42: =IFERROR(Q42/$Q$166,0) | S42: =IF($AL$5<=1,0,SUM(OFFSET('rincian '!#REF!,0,0,1,$AL$5-1))) | T42: =IFERROR(S42/N42*R42,0) | U42: {=IFERROR(INDEX('rincian '!#REF!,$AL$5),0)} | V42: =IFERROR(U42/N42*R42,0) | W42: =S42+U42 | X42: =T42+V42
B43: =#REF! | D43: =IF(#REF!<>"",#REF!,IF(#REF!<>"",#REF!,"")) | N43: =#REF! | O43: =#REF! | P43: =#REF! | Q43: =P43*N43 | R43: =IFERROR(Q43/$Q$166,0) | S43: =IF($AL$5<=1,0,SUM(OFFSET('rincian '!#REF!,0,0,1,$AL$5-1))) | T43: =IFERROR(S43/N43*R43,0) | U43: {=IFERROR(INDEX('rincian '!#REF!,$AL$5),0)} | V43: =IFERROR(U43/N43*R43,0) | W43: =S43+U43 | X43: =T43+V43
B44: =#REF! | D44: =IF(#REF!<>"",#REF!,IF(#REF!<>"",#REF!,"")) | N44: =#REF! | O44: =#REF! | P44: =#REF! | Q44: =P44*N44 | R44: =IFERROR(Q44/$Q$166,0) | S44: =IF($AL$5<=1,0,SUM(OFFSET('rincian '!#REF!,0,0,1,$AL$5-1))) | T44: =IFERROR(S44/N44*R44,0) | U44: {=IFERROR(INDEX('rincian '!#REF!,$AL$5),0)} | V44: =IFERROR(U44/N44*R44,0) | W44: =S44+U44 | X44: =T44+V44
B45: =#REF! | D45: =IF(#REF!<>"",#REF!,IF(#REF!<>"",#REF!,"")) | N45: =#REF! | O45: =#REF! | P45: =#REF! | Q45: =P45*N45 | R45: =IFERROR(Q45/$Q$166,0) | S45: =IF($AL$5<=1,0,SUM(OFFSET('rincian '!#REF!,0,0,1,$AL$5-1))) | T45: =IFERROR(S45/N45*R45,0) | U45: {=IFERROR(INDEX('rincian '!#REF!,$AL$5),0)} | V45: =IFERROR(U45/N45*R45,0) | W45: =S45+U45 | X45: =T45+V45
B46: =#REF! | D46: =IF(#REF!<>"",#REF!,IF(#REF!<>"",#REF!,"")) | N46: =#REF! | O46: =#REF! | P46: =#REF! | Q46: =P46*N46 | R46: =IFERROR(Q46/$Q$166,0) | S46: =IF($AL$5<=1,0,SUM(OFFSET('rincian '!#REF!,0,0,1,$AL$5-1))) | T46: =IFERROR(S46/N46*R46,0) | U46: {=IFERROR(INDEX('rincian '!#REF!,$AL$5),0)} | V46: =IFERROR(U46/N46*R46,0) | W46: =S46+U46 | X46: =T46+V46
B47: =#REF! | D47: =IF(#REF!<>"",#REF!,IF(#REF!<>"",#REF!,"")) | N47: =#REF! | O47: =#REF! | P47: =#REF! | Q47: =P47*N47 | R47: =IFERROR(Q47/$Q$166,0) | S47: =IF($AL$5<=1,0,SUM(OFFSET('rincian '!#REF!,0,0,1,$AL$5-1))) | T47: =IFERROR(S47/N47*R47,0) | U47: {=IFERROR(INDEX('rincian '!#REF!,$AL$5),0)} | V47: =IFERROR(U47/N47*R47,0) | W47: =S47+U47 | X47: =T47+V47
B48: =#REF! | D48: =IF(#REF!<>"",#REF!,IF(#REF!<>"",#REF!,"")) | N48: =#REF! | O48: =#REF! | P48: =#REF! | Q48: =P48*N48 | R48: =IFERROR(Q48/$Q$166,0) | S48: =IF($AL$5<=1,0,SUM(OFFSET('rincian '!#REF!,0,0,1,$AL$5-1))) | T48: =IFERROR(S48/N48*R48,0) | U48: {=IFERROR(INDEX('rincian '!#REF!,$AL$5),0)} | V48: =IFERROR(U48/N48*R48,0) | W48: =S48+U48 | X48: =T48+V48
... B53: =#REF! | D53: =IF(#REF!<>"",#REF!,IF(#REF!<>"",#REF!,"")) | N53: =#REF! | O53: =#REF! | P53: =#REF! | Q53: =P53*N53 | R53: =IFERROR(Q53/$Q$166,0) | S53: =IF($AL$5<=1,0,SUM(OFFSET('rincian '!#REF!,0,0,1,$AL$5-1))) | T53: =IFERROR(S53/N53*R53,0) | U53: {=IFERROR(INDEX('rincian '!#REF!,$AL$5),0)} | V53: =IFERROR(U53/N53*R53,0) | W53: =S53+U53 | X53: =T53+V53
B54: =#REF! | D54: =IF(#REF!<>"",#REF!,IF(#REF!<>"",#REF!,""))
B55: =#REF! | D55: =IF(#REF!<>"",#REF!,IF(#REF!<>"",#REF!,""))
B56: =#REF! | D56: =IF(#REF!<>"",#REF!,IF(#REF!<>"",#REF!,""))
B57: =#REF! | D57: =IF(#REF!<>"",#REF!,IF(#REF!<>"",#REF!,"")) | N57: =#REF! | O57: =#REF! | P57: =#REF! | Q57: =P57*N57 | R57: =IFERROR(Q57/$Q$166,0) | S57: =IF($AL$5<=1,0,SUM(OFFSET('rincian '!#REF!,0,0,1,$AL$5-1))) | T57: =IFERROR(S57/N57*R57,0) | U57: {=IFERROR(INDEX('rincian '!#REF!,$AL$5),0)} | V57: =IFERROR(U57/N57*R57,0) | W57: =S57+U57 | X57: =T57+V57
B58: =#REF! | D58: =IF(#REF!<>"",#REF!,IF(#REF!<>"",#REF!,"")) | N58: =#REF! | O58: =#REF! | P58: =#REF! | Q58: =P58*N58 | R58: =IFERROR(Q58/$Q$166,0) | S58: =IF($AL$5<=1,0,SUM(OFFSET('rincian '!#REF!,0,0,1,$AL$5-1))) | T58: =IFERROR(S58/N58*R58,0) | U58: {=IFERROR(INDEX('rincian '!#REF!,$AL$5),0)} | V58: =IFERROR(U58/N58*R58,0) | W58: =S58+U58 | X58: =T58+V58
B59: =#REF! | D59: =IF(#REF!<>"",#REF!,IF(#REF!<>"",#REF!,"")) | N59: =#REF! | O59: =#REF! | P59: =#REF! | Q59: =P59*N59 | R59: =IFERROR(Q59/$Q$166,0) | S59: =IF($AL$5<=1,0,SUM(OFFSET('rincian '!#REF!,0,0,1,$AL$5-1))) | T59: =IFERROR(S59/N59*R59,0) | U59: {=IFERROR(INDEX('rincian '!#REF!,$AL$5),0)} | V59: =IFERROR(U59/N59*R59,0) | W59: =S59+U59 | X59: =T59+V59
B60: =#REF! | D60: =IF(#REF!<>"",#REF!,IF(#REF!<>"",#REF!,"")) | N60: =#REF! | O60: =#REF! | P60: =#REF! | Q60: =P60*N60 | R60: =IFERROR(Q60/$Q$166,0) | S60: =IF($AL$5<=1,0,SUM(OFFSET('rincian '!#REF!,0,0,1,$AL$5-1))) | T60: =IFERROR(S60/N60*R60,0) | U60: {=IFERROR(INDEX('rincian '!#REF!,$AL$5),0)} | V60: =IFERROR(U60/N60*R60,0) | W60: =S60+U60 | X60: =T60+V60
B61: =#REF! | D61: =IF(#REF!<>"",#REF!,IF(#REF!<>"",#REF!,""))
B62: =#REF! | D62: =IF(#REF!<>"",#REF!,IF(#REF!<>"",#REF!,"")) | N62: =#REF! | O62: =#REF! | P62: =#REF! | Q62: =P62*N62 | R62: =IFERROR(Q62/$Q$166,0) | S62: =IF($AL$5<=1,0,SUM(OFFSET('rincian '!#REF!,0,0,1,$AL$5-1))) | T62: =IFERROR(S62/N62*R62,0) | U62: {=IFERROR(INDEX('rincian '!#REF!,$AL$5),0)} | V62: =IFERROR(U62/N62*R62,0) | W62: =S62+U62 | X62: =T62+V62
B63: =#REF! | D63: =IF(#REF!<>"",#REF!,IF(#REF!<>"",#REF!,"")) | N63: =#REF! | O63: =#REF! | P63: =#REF! | Q63: =P63*N63 | R63: =IFERROR(Q63/$Q$166,0) | S63: =IF($AL$5<=1,0,SUM(OFFSET('rincian '!#REF!,0,0,1,$AL$5-1))) | T63: =IFERROR(S63/N63*R63,0) | U63: {=IFERROR(INDEX('rincian '!#REF!,$AL$5),0)} | V63: =IFERROR(U63/N63*R63,0) | W63: =S63+U63 | X63: =T63+V63
B64: =#REF! | D64: =IF(#REF!<>"",#REF!,IF(#REF!<>"",#REF!,"")) | N64: =#REF! | O64: =#REF! | P64: =#REF! | Q64: =P64*N64 | R64: =IFERROR(Q64/$Q$166,0) | S64: =IF($AL$5<=1,0,SUM(OFFSET('rincian '!#REF!,0,0,1,$AL$5-1))) | T64: =IFERROR(S64/N64*R64,0) | U64: {=IFERROR(INDEX('rincian '!#REF!,$AL$5),0)} | V64: =IFERROR(U64/N64*R64,0) | W64: =S64+U64 | X64: =T64+V64
B65: =#REF! | D65: =IF(#REF!<>"",#REF!,IF(#REF!<>"",#REF!,"")) | N65: =#REF! | O65: =#REF! | P65: =#REF! | Q65: =P65*N65 | R65: =IFERROR(Q65/$Q$166,0) | S65: =IF($AL$5<=1,0,SUM(OFFSET('rincian '!#REF!,0,0,1,$AL$5-1))) | T65: =IFERROR(S65/N65*R65,0) | U65: {=IFERROR(INDEX('rincian '!#REF!,$AL$5),0)} | V65: =IFERROR(U65/N65*R65,0) | W65: =S65+U65 | X65: =T65+V65
B66: =#REF! | D66: =IF(#REF!<>"",#REF!,IF(#REF!<>"",#REF!,"")) | N66: =#REF! | O66: =#REF! | P66: =#REF! | Q66: =P66*N66 | R66: =IFERROR(Q66/$Q$166,0) | S66: =IF($AL$5<=1,0,SUM(OFFSET('rincian '!#REF!,0,0,1,$AL$5-1))) | T66: =IFERROR(S66/N66*R66,0) | U66: {=IFERROR(INDEX('rincian '!#REF!,$AL$5),0)} | V66: =IFERROR(U66/N66*R66,0) | W66: =S66+U66 | X66: =T66+V66
B67: =#REF! | D67: =IF(#REF!<>"",#REF!,IF(#REF!<>"",#REF!,""))
B68: =#REF! | D68: =IF(#REF!<>"",#REF!,IF(#REF!<>"",#REF!,"")) | N68: =#REF! | O68: =#REF! | P68: =#REF! | Q68: =P68*N68 | R68: =IFERROR(Q68/$Q$166,0) | S68: =IF($AL$5<=1,0,SUM(OFFSET('rincian '!#REF!,0,0,1,$AL$5-1))) | T68: =IFERROR(S68/N68*R68,0) | U68: {=IFERROR(INDEX('rincian '!#REF!,$AL$5),0)} | V68: =IFERROR(U68/N68*R68,0) | W68: =S68+U68 | X68: =T68+V68
B69: =#REF! | D69: =IF(#REF!<>"",#REF!,IF(#REF!<>"",#REF!,"")) | N69: =#REF! | O69: =#REF! | P69: =#REF! | Q69: =P69*N69 | R69: =IFERROR(Q69/$Q$166,0) | S69: =IF($AL$5<=1,0,SUM(OFFSET('rincian '!#REF!,0,0,1,$AL$5-1))) | T69: =IFERROR(S69/N69*R69,0) | U69: {=IFERROR(INDEX('rincian '!#REF!,$AL$5),0)} | V69: =IFERROR(U69/N69*R69,0) | W69: =S69+U69 | X69: =T69+V69
B70: =#REF! | D70: =IF(#REF!<>"",#REF!,IF(#REF!<>"",#REF!,"")) | N70: =#REF! | O70: =#REF! | P70: =#REF! | Q70: =P70*N70 | R70: =IFERROR(Q70/$Q$166,0) | S70: =IF($AL$5<=1,0,SUM(OFFSET('rincian '!#REF!,0,0,1,$AL$5-1))) | T70: =IFERROR(S70/N70*R70,0) | U70: {=IFERROR(INDEX('rincian '!#REF!,$AL$5),0)} | V70: =IFERROR(U70/N70*R70,0) | W70: =S70+U70 | X70: =T70+V70
B71: =#REF! | D71: =IF(#REF!<>"",#REF!,IF(#REF!<>"",#REF!,"")) | N71: =#REF! | O71: =#REF! | P71: =#REF! | Q71: =P71*N71 | R71: =IFERROR(Q71/$Q$166,0) | S71: =IF($AL$5<=1,0,SUM(OFFSET('rincian '!#REF!,0,0,1,$AL$5-1))) | T71: =IFERROR(S71/N71*R71,0) | U71: {=IFERROR(INDEX('rincian '!#REF!,$AL$5),0)} | V71: =IFERROR(U71/N71*R71,0) | W71: =S71+U71 | X71: =T71+V71
B72: =#REF! | D72: =IF(#REF!<>"",#REF!,IF(#REF!<>"",#REF!,"")) | N72: =#REF! | O72: =#REF! | P72: =#REF! | Q72: =P72*N72 | R72: =IFERROR(Q72/$Q$166,0) | S72: =IF($AL$5<=1,0,SUM(OFFSET('rincian '!#REF!,0,0,1,$AL$5-1))) | T72: =IFERROR(S72/N72*R72,0) | U72: {=IFERROR(INDEX('rincian '!#REF!,$AL$5),0)} | V72: =IFERROR(U72/N72*R72,0) | W72: =S72+U72 | X72: =T72+V72
B73: =#REF! | D73: =IF(#REF!<>"",#REF!,IF(#REF!<>"",#REF!,"")) | N73: =#REF! | O73: =#REF! | P73: =#REF! | Q73: =P73*N73 | R73: =IFERROR(Q73/$Q$166,0) | S73: =IF($AL$5<=1,0,SUM(OFFSET('rincian '!#REF!,0,0,1,$AL$5-1))) | T73: =IFERROR(S73/N73*R73,0) | U73: {=IFERROR(INDEX('rincian '!#REF!,$AL$5),0)} | V73: =IFERROR(U73/N73*R73,0) | W73: =S73+U73 | X73: =T73+V73
B74: =#REF! | D74: =IF(#REF!<>"",#REF!,IF(#REF!<>"",#REF!,"")) | N74: =#REF! | O74: =#REF! | P74: =#REF! | Q74: =P74*N74 | R74: =IFERROR(Q74/$Q$166,0) | S74: =IF($AL$5<=1,0,SUM(OFFSET('rincian '!#REF!,0,0,1,$AL$5-1))) | T74: =IFERROR(S74/N74*R74,0) | U74: {=IFERROR(INDEX('rincian '!#REF!,$AL$5),0)} | V74: =IFERROR(U74/N74*R74,0) | W74: =S74+U74 | X74: =T74+V74
B75: =#REF! | D75: =IF(#REF!<>"",#REF!,IF(#REF!<>"",#REF!,"")) | N75: =#REF! | O75: =#REF! | P75: =#REF! | Q75: =P75*N75 | R75: =IFERROR(Q75/$Q$166,0) | S75: =IF($AL$5<=1,0,SUM(OFFSET('rincian '!#REF!,0,0,1,$AL$5-1))) | T75: =IFERROR(S75/N75*R75,0) | U75: {=IFERROR(INDEX('rincian '!#REF!,$AL$5),0)} | V75: =IFERROR(U75/N75*R75,0) | W75: =S75+U75 | X75: =T75+V75
B76: =#REF! | D76: =IF(#REF!<>"",#REF!,IF(#REF!<>"",#REF!,"")) | N76: =#REF! | O76: =#REF! | P76: =#REF! | Q76: =P76*N76 | R76: =IFERROR(Q76/$Q$166,0) | S76: =IF($AL$5<=1,0,SUM(OFFSET('rincian '!#REF!,0,0,1,$AL$5-1))) | T76: =IFERROR(S76/N76*R76,0) | U76: {=IFERROR(INDEX('rincian '!#REF!,$AL$5),0)} | V76: =IFERROR(U76/N76*R76,0) | W76: =S76+U76 | X76: =T76+V76
B77: =#REF! | D77: =IF(#REF!<>"",#REF!,IF(#REF!<>"",#REF!,"")) | N77: =#REF! | O77: =#REF! | P77: =#REF! | Q77: =P77*N77 | R77: =IFERROR(Q77/$Q$166,0) | S77: =IF($AL$5<=1,0,SUM(OFFSET('rincian '!#REF!,0,0,1,$AL$5-1))) | T77: =IFERROR(S77/N77*R77,0) | U77: {=IFERROR(INDEX('rincian '!#REF!,$AL$5),0)} | V77: =IFERROR(U77/N77*R77,0) | W77: =S77+U77 | X77: =T77+V77
B78: =#REF! | D78: =IF(#REF!<>"",#REF!,IF(#REF!<>"",#REF!,"")) | N78: =#REF! | O78: =#REF! | P78: =#REF! | Q78: =P78*N78 | R78: =IFERROR(Q78/$Q$166,0) | S78: =IF($AL$5<=1,0,SUM(OFFSET('rincian '!#REF!,0,0,1,$AL$5-1))) | T78: =IFERROR(S78/N78*R78,0) | U78: {=IFERROR(INDEX('rincian '!#REF!,$AL$5),0)} | V78: =IFERROR(U78/N78*R78,0) | W78: =S78+U78 | X78: =T78+V78
B79: =#REF! | D79: =IF(#REF!<>"",#REF!,IF(#REF!<>"",#REF!,""))
B80: =#REF! | D80: =IF(#REF!<>"",#REF!,IF(#REF!<>"",#REF!,""))
B81: =#REF! | D81: =IF(#REF!<>"",#REF!,IF(#REF!<>"",#REF!,"")) | N81: =#REF! | O81: =#REF! | P81: =#REF! | Q81: =P81*N81 | R81: =IFERROR(Q81/$Q$166,0) | S81: =IF($AL$5<=1,0,SUM(OFFSET('rincian '!#REF!,0,0,1,$AL$5-1))) | T81: =IFERROR(S81/N81*R81,0) | U81: {=IFERROR(INDEX('rincian '!#REF!,$AL$5),0)} | V81: =IFERROR(U81/N81*R81,0) | W81: =S81+U81 | X81: =T81+V81
B82: =#REF! | D82: =IF(#REF!<>"",#REF!,IF(#REF!<>"",#REF!,"")) | N82: =#REF! | O82: =#REF! | P82: =#REF! | Q82: =P82*N82 | R82: =IFERROR(Q82/$Q$166,0) | S82: =IF($AL$5<=1,0,SUM(OFFSET('rincian '!#REF!,0,0,1,$AL$5-1))) | T82: =IFERROR(S82/N82*R82,0) | U82: {=IFERROR(INDEX('rincian '!#REF!,$AL$5),0)} | V82: =IFERROR(U82/N82*R82,0) | W82: =S82+U82 | X82: =T82+V82
B83: =#REF! | D83: =IF(#REF!<>"",#REF!,IF(#REF!<>"",#REF!,""))
B84: =#REF! | D84: =IF(#REF!<>"",#REF!,IF(#REF!<>"",#REF!,"")) | N84: =#REF! | O84: =#REF! | P84: =#REF! | Q84: =P84*N84 | R84: =IFERROR(Q84/$Q$166,0) | S84: =IF($AL$5<=1,0,SUM(OFFSET('rincian '!#REF!,0,0,1,$AL$5-1))) | T84: =IFERROR(S84/N84*R84,0) | U84: {=IFERROR(INDEX('rincian '!#REF!,$AL$5),0)} | V84: =IFERROR(U84/N84*R84,0) | W84: =S84+U84 | X84: =T84+V84
B85: =#REF! | D85: =IF(#REF!<>"",#REF!,IF(#REF!<>"",#REF!,"")) | N85: =#REF! | O85: =#REF! | P85: =#REF! | Q85: =P85*N85 | R85: =IFERROR(Q85/$Q$166,0) | S85: =IF($AL$5<=1,0,SUM(OFFSET('rincian '!#REF!,0,0,1,$AL$5-1))) | T85: =IFERROR(S85/N85*R85,0) | U85: {=IFERROR(INDEX('rincian '!#REF!,$AL$5),0)} | V85: =IFERROR(U85/N85*R85,0) | W85: =S85+U85 | X85: =T85+V85
B86: =#REF! | D86: =IF(#REF!<>"",#REF!,IF(#REF!<>"",#REF!,"")) | N86: =#REF! | O86: =#REF! | P86: =#REF! | Q86: =P86*N86 | R86: =IFERROR(Q86/$Q$166,0) | S86: =IF($AL$5<=1,0,SUM(OFFSET('rincian '!#REF!,0,0,1,$AL$5-1))) | T86: =IFERROR(S86/N86*R86,0) | U86: {=IFERROR(INDEX('rincian '!#REF!,$AL$5),0)} | V86: =IFERROR(U86/N86*R86,0) | W86: =S86+U86 | X86: =T86+V86
B87: =#REF! | D87: =IF(#REF!<>"",#REF!,IF(#REF!<>"",#REF!,""))
B88: =#REF! | D88: =IF(#REF!<>"",#REF!,IF(#REF!<>"",#REF!,"")) | N88: =#REF! | O88: =#REF! | P88: =#REF! | Q88: =P88*N88 | R88: =IFERROR(Q88/$Q$166,0) | S88: =IF($AL$5<=1,0,SUM(OFFSET('rincian '!#REF!,0,0,1,$AL$5-1))) | T88: =IFERROR(S88/N88*R88,0) | U88: {=IFERROR(INDEX('rincian '!#REF!,$AL$5),0)} | V88: =IFERROR(U88/N88*R88,0) | W88: =S88+U88 | X88: =T88+V88
B89: =#REF! | D89: =IF(#REF!<>"",#REF!,IF(#REF!<>"",#REF!,"")) | N89: =#REF! | O89: =#REF! | P89: =#REF! | Q89: =P89*N89 | R89: =IFERROR(Q89/$Q$166,0) | S89: =IF($AL$5<=1,0,SUM(OFFSET('rincian '!#REF!,0,0,1,$AL$5-1))) | T89: =IFERROR(S89/N89*R89,0) | U89: {=IFERROR(INDEX('rincian '!#REF!,$AL$5),0)} | V89: =IFERROR(U89/N89*R89,0) | W89: =S89+U89 | X89: =T89+V89
B90: =#REF! | D90: =IF(#REF!<>"",#REF!,IF(#REF!<>"",#REF!,"")) | N90: =#REF! | O90: =#REF! | P90: =#REF! | Q90: =P90*N90 | R90: =IFERROR(Q90/$Q$166,0) | S90: =IF($AL$5<=1,0,SUM(OFFSET('rincian '!#REF!,0,0,1,$AL$5-1))) | T90: =IFERROR(S90/N90*R90,0) | U90: {=IFERROR(INDEX('rincian '!#REF!,$AL$5),0)} | V90: =IFERROR(U90/N90*R90,0) | W90: =S90+U90 | X90: =T90+V90
B91: =#REF! | D91: =IF(#REF!<>"",#REF!,IF(#REF!<>"",#REF!,"")) | N91: =#REF! | O91: =#REF! | P91: =#REF! | Q91: =P91*N91 | R91: =IFERROR(Q91/$Q$166,0) | S91: =IF($AL$5<=1,0,SUM(OFFSET('rincian '!#REF!,0,0,1,$AL$5-1))) | T91: =IFERROR(S91/N91*R91,0) | U91: {=IFERROR(INDEX('rincian '!#REF!,$AL$5),0)} | V91: =IFERROR(U91/N91*R91,0) | W91: =S91+U91 | X91: =T91+V91
B92: =#REF! | D92: =IF(#REF!<>"",#REF!,IF(#REF!<>"",#REF!,""))
B93: =#REF! | D93: =IF(#REF!<>"",#REF!,IF(#REF!<>"",#REF!,"")) | N93: =#REF! | O93: =#REF! | P93: =#REF! | Q93: =P93*N93 | R93: =IFERROR(Q93/$Q$166,0) | S93: =IF($AL$5<=1,0,SUM(OFFSET('rincian '!#REF!,0,0,1,$AL$5-1))) | T93: =IFERROR(S93/N93*R93,0) | U93: {=IFERROR(INDEX('rincian '!#REF!,$AL$5),0)} | V93: =IFERROR(U93/N93*R93,0) | W93: =S93+U93 | X93: =T93+V93
B94: =#REF! | D94: =IF(#REF!<>"",#REF!,IF(#REF!<>"",#REF!,""))
B95: =#REF! | D95: =IF(#REF!<>"",#REF!,IF(#REF!<>"",#REF!,"")) | N95: =#REF! | O95: =#REF! | P95: =#REF! | Q95: =P95*N95 | R95: =IFERROR(Q95/$Q$166,0) | S95: =IF($AL$5<=1,0,SUM(OFFSET('rincian '!#REF!,0,0,1,$AL$5-1))) | T95: =IFERROR(S95/N95*R95,0) | U95: {=IFERROR(INDEX('rincian '!#REF!,$AL$5),0)} | V95: =IFERROR(U95/N95*R95,0) | W95: =S95+U95 | X95: =T95+V95
B96: =#REF! | D96: =IF(#REF!<>"",#REF!,IF(#REF!<>"",#REF!,"")) | N96: =#REF! | O96: =#REF! | P96: =#REF! | Q96: =P96*N96 | R96: =IFERROR(Q96/$Q$166,0) | S96: =IF($AL$5<=1,0,SUM(OFFSET('rincian '!#REF!,0,0,1,$AL$5-1))) | T96: =IFERROR(S96/N96*R96,0) | U96: {=IFERROR(INDEX('rincian '!#REF!,$AL$5),0)} | V96: =IFERROR(U96/N96*R96,0) | W96: =S96+U96 | X96: =T96+V96
B97: =#REF! | D97: =IF(#REF!<>"",#REF!,IF(#REF!<>"",#REF!,"")) | N97: =#REF! | O97: =#REF! | P97: =#REF! | Q97: =P97*N97 | R97: =IFERROR(Q97/$Q$166,0) | S97: =IF($AL$5<=1,0,SUM(OFFSET('rincian '!#REF!,0,0,1,$AL$5-1))) | T97: =IFERROR(S97/N97*R97,0) | U97: {=IFERROR(INDEX('rincian '!#REF!,$AL$5),0)} | V97: =IFERROR(U97/N97*R97,0) | W97: =S97+U97 | X97: =T97+V97
B98: =#REF! | D98: =IF(#REF!<>"",#REF!,IF(#REF!<>"",#REF!,"")) | N98: =#REF! | O98: =#REF! | P98: =#REF! | Q98: =P98*N98 | R98: =IFERROR(Q98/$Q$166,0) | S98: =IF($AL$5<=1,0,SUM(OFFSET('rincian '!#REF!,0,0,1,$AL$5-1))) | T98: =IFERROR(S98/N98*R98,0) | U98: {=IFERROR(INDEX('rincian '!#REF!,$AL$5),0)} | V98: =IFERROR(U98/N98*R98,0) | W98: =S98+U98 | X98: =T98+V98
B99: =#REF! | D99: =IF(#REF!<>"",#REF!,IF(#REF!<>"",#REF!,""))
B100: =#REF! | D100: =IF(#REF!<>"",#REF!,IF(#REF!<>"",#REF!,""))
B101: =#REF! | D101: =IF(#REF!<>"",#REF!,IF(#REF!<>"",#REF!,"")) | N101: =#REF! | O101: =#REF! | P101: =#REF! | Q101: =P101*N101 | R101: =IFERROR(Q101/$Q$166,0) | S101: =IF($AL$5<=1,0,SUM(OFFSET('rincian '!#REF!,0,0,1,$AL$5-1))) | T101: =IFERROR(S101/N101*R101,0) | U101: {=IFERROR(INDEX('rincian '!#REF!,$AL$5),0)} | V101: =IFERROR(U101/N101*R101,0) | W101: =S101+U101 | X101: =T101+V101
B102: =#REF! | D102: =IF(#REF!<>"",#REF!,IF(#REF!<>"",#REF!,"")) | N102: =#REF! | O102: =#REF! | P102: =#REF! | Q102: =P102*N102 | R102: =IFERROR(Q102/$Q$166,0) | S102: =IF($AL$5<=1,0,SUM(OFFSET('rincian '!#REF!,0,0,1,$AL$5-1))) | T102: =IFERROR(S102/N102*R102,0) | U102: {=IFERROR(INDEX('rincian '!#REF!,$AL$5),0)} | V102: =IFERROR(U102/N102*R102,0) | W102: =S102+U102 | X102: =T102+V102
B103: =#REF! | D103: =IF(#REF!<>"",#REF!,IF(#REF!<>"",#REF!,"")) | N103: =#REF! | O103: =#REF! | P103: =#REF! | Q103: =P103*N103 | R103: =IFERROR(Q103/$Q$166,0) | S103: =IF($AL$5<=1,0,SUM(OFFSET('rincian '!#REF!,0,0,1,$AL$5-1))) | T103: =IFERROR(S103/N103*R103,0) | U103: {=IFERROR(INDEX('rincian '!#REF!,$AL$5),0)} | V103: =IFERROR(U103/N103*R103,0) | W103: =S103+U103 | X103: =T103+V103
B104: =#REF! | D104: =IF(#REF!<>"",#REF!,IF(#REF!<>"",#REF!,""))
B105: =#REF! | D105: =IF(#REF!<>"",#REF!,IF(#REF!<>"",#REF!,"")) | N105: =#REF! | O105: =#REF! | P105: =#REF! | Q105: =P105*N105 | R105: =IFERROR(Q105/$Q$166,0) | S105: =IF($AL$5<=1,0,SUM(OFFSET('rincian '!#REF!,0,0,1,$AL$5-1))) | T105: =IFERROR(S105/N105*R105,0) | U105: {=IFERROR(INDEX('rincian '!#REF!,$AL$5),0)} | V105: =IFERROR(U105/N105*R105,0) | W105: =S105+U105 | X105: =T105+V105
B106: =#REF! | D106: =IF(#REF!<>"",#REF!,IF(#REF!<>"",#REF!,"")) | N106: =#REF! | O106: =#REF! | P106: =#REF! | Q106: =P106*N106 | R106: =IFERROR(Q106/$Q$166,0) | S106: =IF($AL$5<=1,0,SUM(OFFSET('rincian '!#REF!,0,0,1,$AL$5-1))) | T106: =IFERROR(S106/N106*R106,0) | U106: {=IFERROR(INDEX('rincian '!#REF!,$AL$5),0)} | V106: =IFERROR(U106/N106*R106,0) | W106: =S106+U106 | X106: =T106+V106
B107: =#REF! | D107: =IF(#REF!<>"",#REF!,IF(#REF!<>"",#REF!,""))
B108: =#REF! | D108: =IF(#REF!<>"",#REF!,IF(#REF!<>"",#REF!,"")) | N108: =#REF! | O108: =#REF! | P108: =#REF! | Q108: =P108*N108 | R108: =IFERROR(Q108/$Q$166,0) | S108: =IF($AL$5<=1,0,SUM(OFFSET('rincian '!#REF!,0,0,1,$AL$5-1))) | T108: =IFERROR(S108/N108*R108,0) | U108: {=IFERROR(INDEX('rincian '!#REF!,$AL$5),0)} | V108: =IFERROR(U108/N108*R108,0) | W108: =S108+U108 | X108: =T108+V108
...

Sheet rincian 3
B3: RINCIAN PROGRES PEKERJAAN
B4: =UPPER(""&#REF!) | AL4: TERMIN SHEET INI (1-6)
B5: PROYEK DESIGN AND BUILD PERKUATAN DERMAGA BARAT JICT PELABUHAN TANJUNG PRIOK | AL5: 3
B7: NO. | C7: URAIAN | J7: SAT | K7: SESUAI DENGAN RAB | N7: VOLUME | O7: SAT | P7: HARGA SATUAN (Rp) | Q7: JUMLAH HARGA (Rp) | R7: BOBOT | S7: S/D PERIODE LALU | U7: PERIODE INI | W7: S/D PERIODE INI | AL7: Alokasi volume per termin diisi HANYA di sheet 'rincian ' (master termin 1). Sheet ini otomatis mengambil dari sana.
R8: ( % ) | S8: PROGRES | T8: BOBOT | U8: PROGRES | V8: BOBOT | W8: PROGRES | X8: BOBOT
K9: VOLUME | L9: HARGA SATUAN | M9: JUMLAH HARGA | AL9: TERMIN 1 | AM9: TERMIN 2 | AN9: TERMIN 3 | AO9: TERMIN 4 | AP9: TERMIN 5 | AQ9: TERMIN 6
C11: =DATA!$B$6 | AC11: PROYEK DESIGN AND BUILD PERKUATAN DERMAGA BARAT JICT PELABUHAN TANJUNG PRIOK
B12: =#REF! | D12: =IF(#REF!<>"",#REF!,IF(#REF!<>"",#REF!,""))
B13: =#REF! | D13: =IF(#REF!<>"",#REF!,IF(#REF!<>"",#REF!,""))
B14: =#REF! | D14: =IF(#REF!<>"",#REF!,IF(#REF!<>"",#REF!,"")) | N14: =#REF! | O14: =#REF! | P14: =#REF! | Q14: =P14*N14 | R14: =IFERROR(Q14/$Q$166,0) | S14: =IF($AL$5<=1,0,SUM(OFFSET('rincian '!#REF!,0,0,1,$AL$5-1))) | T14: =IFERROR(S14/N14*R14,0) | U14: {=IFERROR(INDEX('rincian '!#REF!,$AL$5),0)} | V14: =IFERROR(U14/N14*R14,0) | W14: =S14+U14 | X14: =T14+V14
B15: =#REF! | D15: =IF(#REF!<>"",#REF!,IF(#REF!<>"",#REF!,"")) | N15: =#REF! | O15: =#REF! | P15: =#REF! | Q15: =P15*N15 | R15: =IFERROR(Q15/$Q$166,0) | S15: =IF($AL$5<=1,0,SUM(OFFSET('rincian '!$AL15,0,0,1,$AL$5-1))) | T15: =IFERROR(S15/N15*R15,0) | U15: {=IFERROR(INDEX('rincian '!$AL15:$AQ15,$AL$5),0)} | V15: =IFERROR(U15/N15*R15,0) | W15: =S15+U15 | X15: =T15+V15
B16: =#REF! | D16: =IF(#REF!<>"",#REF!,IF(#REF!<>"",#REF!,"")) | N16: =#REF! | O16: =#REF! | P16: =#REF! | Q16: =P16*N16 | R16: =IFERROR(Q16/$Q$166,0) | S16: =IF($AL$5<=1,0,SUM(OFFSET('rincian '!$AL16,0,0,1,$AL$5-1))) | T16: =IFERROR(S16/N16*R16,0) | U16: {=IFERROR(INDEX('rincian '!$AL16:$AQ16,$AL$5),0)} | V16: =IFERROR(U16/N16*R16,0) | W16: =S16+U16 | X16: =T16+V16
B17: =#REF! | D17: =IF(#REF!<>"",#REF!,IF(#REF!<>"",#REF!,"")) | N17: =#REF! | O17: =#REF! | P17: =#REF! | Q17: =P17*N17 | R17: =IFERROR(Q17/$Q$166,0) | S17: =IF($AL$5<=1,0,SUM(OFFSET('rincian '!$AL17,0,0,1,$AL$5-1))) | T17: =IFERROR(S17/N17*R17,0) | U17: {=IFERROR(INDEX('rincian '!$AL17:$AQ17,$AL$5),0)} | V17: =IFERROR(U17/N17*R17,0) | W17: =S17+U17 | X17: =T17+V17
B18: =#REF! | D18: =IF(#REF!<>"",#REF!,IF(#REF!<>"",#REF!,""))
B19: =#REF! | D19: =IF(#REF!<>"",#REF!,IF(#REF!<>"",#REF!,"")) | N19: =#REF! | O19: =#REF! | P19: =#REF! | Q19: =P19*N19 | R19: =IFERROR(Q19/$Q$166,0) | S19: =IF($AL$5<=1,0,SUM(OFFSET('rincian '!$AL19,0,0,1,$AL$5-1))) | T19: =IFERROR(S19/N19*R19,0) | U19: {=IFERROR(INDEX('rincian '!$AL19:$AQ19,$AL$5),0)} | V19: =IFERROR(U19/N19*R19,0) | W19: =S19+U19 | X19: =T19+V19
B20: =#REF! | D20: =IF(#REF!<>"",#REF!,IF(#REF!<>"",#REF!,"")) | N20: =#REF! | O20: =#REF! | P20: =#REF! | Q20: =P20*N20 | R20: =IFERROR(Q20/$Q$166,0) | S20: =IF($AL$5<=1,0,SUM(OFFSET('rincian '!$AL20,0,0,1,$AL$5-1))) | T20: =IFERROR(S20/N20*R20,0) | U20: {=IFERROR(INDEX('rincian '!$AL20:$AQ20,$AL$5),0)} | V20: =IFERROR(U20/N20*R20,0) | W20: =S20+U20 | X20: =T20+V20
B21: =#REF! | D21: =IF(#REF!<>"",#REF!,IF(#REF!<>"",#REF!,"")) | N21: =#REF! | O21: =#REF! | P21: =#REF! | Q21: =P21*N21 | R21: =IFERROR(Q21/$Q$166,0) | S21: =IF($AL$5<=1,0,SUM(OFFSET('rincian '!$AL21,0,0,1,$AL$5-1))) | T21: =IFERROR(S21/N21*R21,0) | U21: {=IFERROR(INDEX('rincian '!$AL21:$AQ21,$AL$5),0)} | V21: =IFERROR(U21/N21*R21,0) | W21: =S21+U21 | X21: =T21+V21
B22: =#REF! | D22: =IF(#REF!<>"",#REF!,IF(#REF!<>"",#REF!,"")) | N22: =#REF! | O22: =#REF! | P22: =#REF! | Q22: =P22*N22 | R22: =IFERROR(Q22/$Q$166,0) | S22: =IF($AL$5<=1,0,SUM(OFFSET('rincian '!$AL22,0,0,1,$AL$5-1))) | T22: =IFERROR(S22/N22*R22,0) | U22: {=IFERROR(INDEX('rincian '!$AL22:$AQ22,$AL$5),0)} | V22: =IFERROR(U22/N22*R22,0) | W22: =S22+U22 | X22: =T22+V22
B23: =#REF! | D23: =IF(#REF!<>"",#REF!,IF(#REF!<>"",#REF!,"")) | N23: =#REF! | O23: =#REF! | P23: =#REF! | Q23: =P23*N23 | R23: =IFERROR(Q23/$Q$166,0) | S23: =IF($AL$5<=1,0,SUM(OFFSET('rincian '!#REF!,0,0,1,$AL$5-1))) | T23: =IFERROR(S23/N23*R23,0) | U23: {=IFERROR(INDEX('rincian '!#REF!,$AL$5),0)} | V23: =IFERROR(U23/N23*R23,0) | W23: =S23+U23 | X23: =T23+V23
B24: =#REF! | D24: =IF(#REF!<>"",#REF!,IF(#REF!<>"",#REF!,"")) | N24: =#REF! | O24: =#REF! | P24: =#REF! | Q24: =P24*N24 | R24: =IFERROR(Q24/$Q$166,0) | S24: =IF($AL$5<=1,0,SUM(OFFSET('rincian '!$AL24,0,0,1,$AL$5-1))) | T24: =IFERROR(S24/N24*R24,0) | U24: {=IFERROR(INDEX('rincian '!$AL24:$AQ24,$AL$5),0)} | V24: =IFERROR(U24/N24*R24,0) | W24: =S24+U24 | X24: =T24+V24
B25: =#REF! | D25: =IF(#REF!<>"",#REF!,IF(#REF!<>"",#REF!,""))
B26: =#REF! | D26: =IF(#REF!<>"",#REF!,IF(#REF!<>"",#REF!,"")) | N26: =#REF! | O26: =#REF! | P26: =#REF! | Q26: =P26*N26 | R26: =IFERROR(Q26/$Q$166,0) | S26: =IF($AL$5<=1,0,SUM(OFFSET('rincian '!$AL36,0,0,1,$AL$5-1))) | T26: =IFERROR(S26/N26*R26,0) | U26: {=IFERROR(INDEX('rincian '!$AL36:$AQ36,$AL$5),0)} | V26: =IFERROR(U26/N26*R26,0) | W26: =S26+U26 | X26: =T26+V26 | AB26: =Q26/Q166
B27: =#REF! | D27: =IF(#REF!<>"",#REF!,IF(#REF!<>"",#REF!,"")) | N27: =#REF! | O27: =#REF! | P27: =#REF! | Q27: =P27*N27 | R27: =IFERROR(Q27/$Q$166,0) | S27: =IF($AL$5<=1,0,SUM(OFFSET('rincian '!#REF!,0,0,1,$AL$5-1))) | T27: =IFERROR(S27/N27*R27,0) | U27: {=IFERROR(INDEX('rincian '!#REF!,$AL$5),0)} | V27: =IFERROR(U27/N27*R27,0) | W27: =S27+U27 | X27: =T27+V27
B28: =#REF! | D28: =IF(#REF!<>"",#REF!,IF(#REF!<>"",#REF!,"")) | N28: =#REF! | O28: =#REF! | P28: =#REF! | Q28: =P28*N28 | R28: =IFERROR(Q28/$Q$166,0) | S28: =IF($AL$5<=1,0,SUM(OFFSET('rincian '!#REF!,0,0,1,$AL$5-1))) | T28: =IFERROR(S28/N28*R28,0) | U28: {=IFERROR(INDEX('rincian '!#REF!,$AL$5),0)} | V28: =IFERROR(U28/N28*R28,0) | W28: =S28+U28 | X28: =T28+V28
B29: =#REF! | D29: =IF(#REF!<>"",#REF!,IF(#REF!<>"",#REF!,"")) | N29: =#REF! | O29: =#REF! | P29: =#REF! | Q29: =P29*N29 | R29: =IFERROR(Q29/$Q$166,0) | S29: =IF($AL$5<=1,0,SUM(OFFSET('rincian '!#REF!,0,0,1,$AL$5-1))) | T29: =IFERROR(S29/N29*R29,0) | U29: {=IFERROR(INDEX('rincian '!#REF!,$AL$5),0)} | V29: =IFERROR(U29/N29*R29,0) | W29: =S29+U29 | X29: =T29+V29
B30: =#REF! | D30: =IF(#REF!<>"",#REF!,IF(#REF!<>"",#REF!,""))
B31: =#REF! | D31: =IF(#REF!<>"",#REF!,IF(#REF!<>"",#REF!,"")) | N31: =#REF! | O31: =#REF! | P31: =#REF! | Q31: =P31*N31 | R31: =IFERROR(Q31/$Q$166,0) | S31: =IF($AL$5<=1,0,SUM(OFFSET('rincian '!#REF!,0,0,1,$AL$5-1))) | T31: =IFERROR(S31/N31*R31,0) | U31: {=IFERROR(INDEX('rincian '!#REF!,$AL$5),0)} | V31: =IFERROR(U31/N31*R31,0) | W31: =S31+U31 | X31: =T31+V31
B32: =#REF! | D32: =IF(#REF!<>"",#REF!,IF(#REF!<>"",#REF!,"")) | N32: =#REF! | O32: =#REF! | P32: =#REF! | Q32: =P32*N32 | R32: =IFERROR(Q32/$Q$166,0) | S32: =IF($AL$5<=1,0,SUM(OFFSET('rincian '!#REF!,0,0,1,$AL$5-1))) | T32: =IFERROR(S32/N32*R32,0) | U32: {=IFERROR(INDEX('rincian '!#REF!,$AL$5),0)} | V32: =IFERROR(U32/N32*R32,0) | W32: =S32+U32 | X32: =T32+V32
B33: =#REF! | D33: =IF(#REF!<>"",#REF!,IF(#REF!<>"",#REF!,"")) | N33: =#REF! | O33: =#REF! | P33: =#REF! | Q33: =P33*N33 | R33: =IFERROR(Q33/$Q$166,0) | S33: =IF($AL$5<=1,0,SUM(OFFSET('rincian '!#REF!,0,0,1,$AL$5-1))) | T33: =IFERROR(S33/N33*R33,0) | U33: {=IFERROR(INDEX('rincian '!#REF!,$AL$5),0)} | V33: =IFERROR(U33/N33*R33,0) | W33: =S33+U33 | X33: =T33+V33
B34: =#REF! | D34: =IF(#REF!<>"",#REF!,IF(#REF!<>"",#REF!,"")) | N34: =#REF! | O34: =#REF! | P34: =#REF! | Q34: =P34*N34 | R34: =IFERROR(Q34/$Q$166,0) | S34: =IF($AL$5<=1,0,SUM(OFFSET('rincian '!#REF!,0,0,1,$AL$5-1))) | T34: =IFERROR(S34/N34*R34,0) | U34: {=IFERROR(INDEX('rincian '!#REF!,$AL$5),0)} | V34: =IFERROR(U34/N34*R34,0) | W34: =S34+U34 | X34: =T34+V34
B35: =#REF! | D35: =IF(#REF!<>"",#REF!,IF(#REF!<>"",#REF!,"")) | N35: =#REF! | O35: =#REF! | P35: =#REF! | Q35: =P35*N35 | R35: =IFERROR(Q35/$Q$166,0) | S35: =IF($AL$5<=1,0,SUM(OFFSET('rincian '!#REF!,0,0,1,$AL$5-1))) | T35: =IFERROR(S35/N35*R35,0) | U35: {=IFERROR(INDEX('rincian '!#REF!,$AL$5),0)} | V35: =IFERROR(U35/N35*R35,0) | W35: =S35+U35 | X35: =T35+V35
B36: =#REF! | D36: =IF(#REF!<>"",#REF!,IF(#REF!<>"",#REF!,""))
B37: =#REF! | D37: =IF(#REF!<>"",#REF!,IF(#REF!<>"",#REF!,"")) | N37: =#REF! | O37: =#REF! | P37: =#REF! | Q37: =P37*N37 | R37: =IFERROR(Q37/$Q$166,0) | S37: =IF($AL$5<=1,0,SUM(OFFSET('rincian '!#REF!,0,0,1,$AL$5-1))) | T37: =IFERROR(S37/N37*R37,0) | U37: {=IFERROR(INDEX('rincian '!#REF!,$AL$5),0)} | V37: =IFERROR(U37/N37*R37,0) | W37: =S37+U37 | X37: =T37+V37
B38: =#REF! | D38: =IF(#REF!<>"",#REF!,IF(#REF!<>"",#REF!,"")) | N38: =#REF! | O38: =#REF! | P38: =#REF! | Q38: =P38*N38 | R38: =IFERROR(Q38/$Q$166,0) | S38: =IF($AL$5<=1,0,SUM(OFFSET('rincian '!#REF!,0,0,1,$AL$5-1))) | T38: =IFERROR(S38/N38*R38,0) | U38: {=IFERROR(INDEX('rincian '!#REF!,$AL$5),0)} | V38: =IFERROR(U38/N38*R38,0) | W38: =S38+U38 | X38: =T38+V38
B39: =#REF! | D39: =IF(#REF!<>"",#REF!,IF(#REF!<>"",#REF!,"")) | N39: =#REF! | O39: =#REF! | P39: =#REF! | Q39: =P39*N39 | R39: =IFERROR(Q39/$Q$166,0) | S39: =IF($AL$5<=1,0,SUM(OFFSET('rincian '!#REF!,0,0,1,$AL$5-1))) | T39: =IFERROR(S39/N39*R39,0) | U39: {=IFERROR(INDEX('rincian '!#REF!,$AL$5),0)} | V39: =IFERROR(U39/N39*R39,0) | W39: =S39+U39 | X39: =T39+V39
B40: =#REF! | D40: =IF(#REF!<>"",#REF!,IF(#REF!<>"",#REF!,"")) | N40: =#REF! | O40: =#REF! | P40: =#REF! | Q40: =P40*N40 | R40: =IFERROR(Q40/$Q$166,0) | S40: =IF($AL$5<=1,0,SUM(OFFSET('rincian '!#REF!,0,0,1,$AL$5-1))) | T40: =IFERROR(S40/N40*R40,0) | U40: {=IFERROR(INDEX('rincian '!#REF!,$AL$5),0)} | V40: =IFERROR(U40/N40*R40,0) | W40: =S40+U40 | X40: =T40+V40
B41: =#REF! | D41: =IF(#REF!<>"",#REF!,IF(#REF!<>"",#REF!,"")) | N41: =#REF! | O41: =#REF! | P41: =#REF! | Q41: =P41*N41 | R41: =IFERROR(Q41/$Q$166,0) | S41: =IF($AL$5<=1,0,SUM(OFFSET('rincian '!#REF!,0,0,1,$AL$5-1))) | T41: =IFERROR(S41/N41*R41,0) | U41: {=IFERROR(INDEX('rincian '!#REF!,$AL$5),0)} | V41: =IFERROR(U41/N41*R41,0) | W41: =S41+U41 | X41: =T41+V41
B42: =#REF! | D42: =IF(#REF!<>"",#REF!,IF(#REF!<>"",#REF!,"")) | N42: =#REF! | O42: =#REF! | P42: =#REF! | Q42: =P42*N42 | R42: =IFERROR(Q42/$Q$166,0) | S42: =IF($AL$5<=1,0,SUM(OFFSET('rincian '!#REF!,0,0,1,$AL$5-1))) | T42: =IFERROR(S42/N42*R42,0) | U42: {=IFERROR(INDEX('rincian '!#REF!,$AL$5),0)} | V42: =IFERROR(U42/N42*R42,0) | W42: =S42+U42 | X42: =T42+V42
B43: =#REF! | D43: =IF(#REF!<>"",#REF!,IF(#REF!<>"",#REF!,"")) | N43: =#REF! | O43: =#REF! | P43: =#REF! | Q43: =P43*N43 | R43: =IFERROR(Q43/$Q$166,0) | S43: =IF($AL$5<=1,0,SUM(OFFSET('rincian '!#REF!,0,0,1,$AL$5-1))) | T43: =IFERROR(S43/N43*R43,0) | U43: {=IFERROR(INDEX('rincian '!#REF!,$AL$5),0)} | V43: =IFERROR(U43/N43*R43,0) | W43: =S43+U43 | X43: =T43+V43
B44: =#REF! | D44: =IF(#REF!<>"",#REF!,IF(#REF!<>"",#REF!,"")) | N44: =#REF! | O44: =#REF! | P44: =#REF! | Q44: =P44*N44 | R44: =IFERROR(Q44/$Q$166,0) | S44: =IF($AL$5<=1,0,SUM(OFFSET('rincian '!#REF!,0,0,1,$AL$5-1))) | T44: =IFERROR(S44/N44*R44,0) | U44: {=IFERROR(INDEX('rincian '!#REF!,$AL$5),0)} | V44: =IFERROR(U44/N44*R44,0) | W44: =S44+U44 | X44: =T44+V44
B45: =#REF! | D45: =IF(#REF!<>"",#REF!,IF(#REF!<>"",#REF!,"")) | N45: =#REF! | O45: =#REF! | P45: =#REF! | Q45: =P45*N45 | R45: =IFERROR(Q45/$Q$166,0) | S45: =IF($AL$5<=1,0,SUM(OFFSET('rincian '!#REF!,0,0,1,$AL$5-1))) | T45: =IFERROR(S45/N45*R45,0) | U45: {=IFERROR(INDEX('rincian '!#REF!,$AL$5),0)} | V45: =IFERROR(U45/N45*R45,0) | W45: =S45+U45 | X45: =T45+V45
B46: =#REF! | D46: =IF(#REF!<>"",#REF!,IF(#REF!<>"",#REF!,"")) | N46: =#REF! | O46: =#REF! | P46: =#REF! | Q46: =P46*N46 | R46: =IFERROR(Q46/$Q$166,0) | S46: =IF($AL$5<=1,0,SUM(OFFSET('rincian '!#REF!,0,0,1,$AL$5-1))) | T46: =IFERROR(S46/N46*R46,0) | U46: {=IFERROR(INDEX('rincian '!#REF!,$AL$5),0)} | V46: =IFERROR(U46/N46*R46,0) | W46: =S46+U46 | X46: =T46+V46
B47: =#REF! | D47: =IF(#REF!<>"",#REF!,IF(#REF!<>"",#REF!,"")) | N47: =#REF! | O47: =#REF! | P47: =#REF! | Q47: =P47*N47 | R47: =IFERROR(Q47/$Q$166,0) | S47: =IF($AL$5<=1,0,SUM(OFFSET('rincian '!#REF!,0,0,1,$AL$5-1))) | T47: =IFERROR(S47/N47*R47,0) | U47: {=IFERROR(INDEX('rincian '!#REF!,$AL$5),0)} | V47: =IFERROR(U47/N47*R47,0) | W47: =S47+U47 | X47: =T47+V47
B48: =#REF! | D48: =IF(#REF!<>"",#REF!,IF(#REF!<>"",#REF!,"")) | N48: =#REF! | O48: =#REF! | P48: =#REF! | Q48: =P48*N48 | R48: =IFERROR(Q48/$Q$166,0) | S48: =IF($AL$5<=1,0,SUM(OFFSET('rincian '!#REF!,0,0,1,$AL$5-1))) | T48: =IFERROR(S48/N48*R48,0) | U48: {=IFERROR(INDEX('rincian '!#REF!,$AL$5),0)} | V48: =IFERROR(U48/N48*R48,0) | W48: =S48+U48 | X48: =T48+V48
... B53: =#REF! | D53: =IF(#REF!<>"",#REF!,IF(#REF!<>"",#REF!,"")) | N53: =#REF! | O53: =#REF! | P53: =#REF! | Q53: =P53*N53 | R53: =IFERROR(Q53/$Q$166,0) | S53: =IF($AL$5<=1,0,SUM(OFFSET('rincian '!#REF!,0,0,1,$AL$5-1))) | T53: =IFERROR(S53/N53*R53,0) | U53: {=IFERROR(INDEX('rincian '!#REF!,$AL$5),0)} | V53: =IFERROR(U53/N53*R53,0) | W53: =S53+U53 | X53: =T53+V53
B54: =#REF! | D54: =IF(#REF!<>"",#REF!,IF(#REF!<>"",#REF!,""))
B55: =#REF! | D55: =IF(#REF!<>"",#REF!,IF(#REF!<>"",#REF!,""))
B56: =#REF! | D56: =IF(#REF!<>"",#REF!,IF(#REF!<>"",#REF!,""))
B57: =#REF! | D57: =IF(#REF!<>"",#REF!,IF(#REF!<>"",#REF!,"")) | N57: =#REF! | O57: =#REF! | P57: =#REF! | Q57: =P57*N57 | R57: =IFERROR(Q57/$Q$166,0) | S57: =IF($AL$5<=1,0,SUM(OFFSET('rincian '!#REF!,0,0,1,$AL$5-1))) | T57: =IFERROR(S57/N57*R57,0) | U57: {=IFERROR(INDEX('rincian '!#REF!,$AL$5),0)} | V57: =IFERROR(U57/N57*R57,0) | W57: =S57+U57 | X57: =T57+V57
B58: =#REF! | D58: =IF(#REF!<>"",#REF!,IF(#REF!<>"",#REF!,"")) | N58: =#REF! | O58: =#REF! | P58: =#REF! | Q58: =P58*N58 | R58: =IFERROR(Q58/$Q$166,0) | S58: =IF($AL$5<=1,0,SUM(OFFSET('rincian '!#REF!,0,0,1,$AL$5-1))) | T58: =IFERROR(S58/N58*R58,0) | U58: {=IFERROR(INDEX('rincian '!#REF!,$AL$5),0)} | V58: =IFERROR(U58/N58*R58,0) | W58: =S58+U58 | X58: =T58+V58
B59: =#REF! | D59: =IF(#REF!<>"",#REF!,IF(#REF!<>"",#REF!,"")) | N59: =#REF! | O59: =#REF! | P59: =#REF! | Q59: =P59*N59 | R59: =IFERROR(Q59/$Q$166,0) | S59: =IF($AL$5<=1,0,SUM(OFFSET('rincian '!#REF!,0,0,1,$AL$5-1))) | T59: =IFERROR(S59/N59*R59,0) | U59: {=IFERROR(INDEX('rincian '!#REF!,$AL$5),0)} | V59: =IFERROR(U59/N59*R59,0) | W59: =S59+U59 | X59: =T59+V59
B60: =#REF! | D60: =IF(#REF!<>"",#REF!,IF(#REF!<>"",#REF!,"")) | N60: =#REF! | O60: =#REF! | P60: =#REF! | Q60: =P60*N60 | R60: =IFERROR(Q60/$Q$166,0) | S60: =IF($AL$5<=1,0,SUM(OFFSET('rincian '!#REF!,0,0,1,$AL$5-1))) | T60: =IFERROR(S60/N60*R60,0) | U60: {=IFERROR(INDEX('rincian '!#REF!,$AL$5),0)} | V60: =IFERROR(U60/N60*R60,0) | W60: =S60+U60 | X60: =T60+V60
B61: =#REF! | D61: =IF(#REF!<>"",#REF!,IF(#REF!<>"",#REF!,""))
B62: =#REF! | D62: =IF(#REF!<>"",#REF!,IF(#REF!<>"",#REF!,"")) | N62: =#REF! | O62: =#REF! | P62: =#REF! | Q62: =P62*N62 | R62: =IFERROR(Q62/$Q$166,0) | S62: =IF($AL$5<=1,0,SUM(OFFSET('rincian '!#REF!,0,0,1,$AL$5-1))) | T62: =IFERROR(S62/N62*R62,0) | U62: {=IFERROR(INDEX('rincian '!#REF!,$AL$5),0)} | V62: =IFERROR(U62/N62*R62,0) | W62: =S62+U62 | X62: =T62+V62
B63: =#REF! | D63: =IF(#REF!<>"",#REF!,IF(#REF!<>"",#REF!,"")) | N63: =#REF! | O63: =#REF! | P63: =#REF! | Q63: =P63*N63 | R63: =IFERROR(Q63/$Q$166,0) | S63: =IF($AL$5<=1,0,SUM(OFFSET('rincian '!#REF!,0,0,1,$AL$5-1))) | T63: =IFERROR(S63/N63*R63,0) | U63: {=IFERROR(INDEX('rincian '!#REF!,$AL$5),0)} | V63: =IFERROR(U63/N63*R63,0) | W63: =S63+U63 | X63: =T63+V63
B64: =#REF! | D64: =IF(#REF!<>"",#REF!,IF(#REF!<>"",#REF!,"")) | N64: =#REF! | O64: =#REF! | P64: =#REF! | Q64: =P64*N64 | R64: =IFERROR(Q64/$Q$166,0) | S64: =IF($AL$5<=1,0,SUM(OFFSET('rincian '!#REF!,0,0,1,$AL$5-1))) | T64: =IFERROR(S64/N64*R64,0) | U64: {=IFERROR(INDEX('rincian '!#REF!,$AL$5),0)} | V64: =IFERROR(U64/N64*R64,0) | W64: =S64+U64 | X64: =T64+V64
B65: =#REF! | D65: =IF(#REF!<>"",#REF!,IF(#REF!<>"",#REF!,"")) | N65: =#REF! | O65: =#REF! | P65: =#REF! | Q65: =P65*N65 | R65: =IFERROR(Q65/$Q$166,0) | S65: =IF($AL$5<=1,0,SUM(OFFSET('rincian '!#REF!,0,0,1,$AL$5-1))) | T65: =IFERROR(S65/N65*R65,0) | U65: {=IFERROR(INDEX('rincian '!#REF!,$AL$5),0)} | V65: =IFERROR(U65/N65*R65,0) | W65: =S65+U65 | X65: =T65+V65
B66: =#REF! | D66: =IF(#REF!<>"",#REF!,IF(#REF!<>"",#REF!,"")) | N66: =#REF! | O66: =#REF! | P66: =#REF! | Q66: =P66*N66 | R66: =IFERROR(Q66/$Q$166,0) | S66: =IF($AL$5<=1,0,SUM(OFFSET('rincian '!#REF!,0,0,1,$AL$5-1))) | T66: =IFERROR(S66/N66*R66,0) | U66: {=IFERROR(INDEX('rincian '!#REF!,$AL$5),0)} | V66: =IFERROR(U66/N66*R66,0) | W66: =S66+U66 | X66: =T66+V66
B67: =#REF! | D67: =IF(#REF!<>"",#REF!,IF(#REF!<>"",#REF!,""))
B68: =#REF! | D68: =IF(#REF!<>"",#REF!,IF(#REF!<>"",#REF!,"")) | N68: =#REF! | O68: =#REF! | P68: =#REF! | Q68: =P68*N68 | R68: =IFERROR(Q68/$Q$166,0) | S68: =IF($AL$5<=1,0,SUM(OFFSET('rincian '!#REF!,0,0,1,$AL$5-1))) | T68: =IFERROR(S68/N68*R68,0) | U68: {=IFERROR(INDEX('rincian '!#REF!,$AL$5),0)} | V68: =IFERROR(U68/N68*R68,0) | W68: =S68+U68 | X68: =T68+V68
B69: =#REF! | D69: =IF(#REF!<>"",#REF!,IF(#REF!<>"",#REF!,"")) | N69: =#REF! | O69: =#REF! | P69: =#REF! | Q69: =P69*N69 | R69: =IFERROR(Q69/$Q$166,0) | S69: =IF($AL$5<=1,0,SUM(OFFSET('rincian '!#REF!,0,0,1,$AL$5-1))) | T69: =IFERROR(S69/N69*R69,0) | U69: {=IFERROR(INDEX('rincian '!#REF!,$AL$5),0)} | V69: =IFERROR(U69/N69*R69,0) | W69: =S69+U69 | X69: =T69+V69
B70: =#REF! | D70: =IF(#REF!<>"",#REF!,IF(#REF!<>"",#REF!,"")) | N70: =#REF! | O70: =#REF! | P70: =#REF! | Q70: =P70*N70 | R70: =IFERROR(Q70/$Q$166,0) | S70: =IF($AL$5<=1,0,SUM(OFFSET('rincian '!#REF!,0,0,1,$AL$5-1))) | T70: =IFERROR(S70/N70*R70,0) | U70: {=IFERROR(INDEX('rincian '!#REF!,$AL$5),0)} | V70: =IFERROR(U70/N70*R70,0) | W70: =S70+U70 | X70: =T70+V70
B71: =#REF! | D71: =IF(#REF!<>"",#REF!,IF(#REF!<>"",#REF!,"")) | N71: =#REF! | O71: =#REF! | P71: =#REF! | Q71: =P71*N71 | R71: =IFERROR(Q71/$Q$166,0) | S71: =IF($AL$5<=1,0,SUM(OFFSET('rincian '!#REF!,0,0,1,$AL$5-1))) | T71: =IFERROR(S71/N71*R71,0) | U71: {=IFERROR(INDEX('rincian '!#REF!,$AL$5),0)} | V71: =IFERROR(U71/N71*R71,0) | W71: =S71+U71 | X71: =T71+V71
B72: =#REF! | D72: =IF(#REF!<>"",#REF!,IF(#REF!<>"",#REF!,"")) | N72: =#REF! | O72: =#REF! | P72: =#REF! | Q72: =P72*N72 | R72: =IFERROR(Q72/$Q$166,0) | S72: =IF($AL$5<=1,0,SUM(OFFSET('rincian '!#REF!,0,0,1,$AL$5-1))) | T72: =IFERROR(S72/N72*R72,0) | U72: {=IFERROR(INDEX('rincian '!#REF!,$AL$5),0)} | V72: =IFERROR(U72/N72*R72,0) | W72: =S72+U72 | X72: =T72+V72
B73: =#REF! | D73: =IF(#REF!<>"",#REF!,IF(#REF!<>"",#REF!,"")) | N73: =#REF! | O73: =#REF! | P73: =#REF! | Q73: =P73*N73 | R73: =IFERROR(Q73/$Q$166,0) | S73: =IF($AL$5<=1,0,SUM(OFFSET('rincian '!#REF!,0,0,1,$AL$5-1))) | T73: =IFERROR(S73/N73*R73,0) | U73: {=IFERROR(INDEX('rincian '!#REF!,$AL$5),0)} | V73: =IFERROR(U73/N73*R73,0) | W73: =S73+U73 | X73: =T73+V73
