Workbook

Sheet INPUT
A1: INPUT VARIABEL TAGIHAN PENGADAAN BARANG
A2: Isi hanya sel berwarna kuning. Seluruh sheet SPM / BAPM / BAP / REKAP mengambil nilai dari sini.
A4: A. DATA PROYEK / PIHAK PERTAMA (TETAP)
A5: Nama Pekerjaan | B5: Design and Build Perkuatan Dermaga Barat JICT Pelabuhan Tanjung Priok
A6: Nama KSO | B6: WASKITA - NINDYA, KSO
A7: Divisi | B7: DIVISI OPERASI II INFRASTRUKTUR I
A8: Alamat KSO | B8: Jl. M.T. Haryono Kavling 10 RT.11/RW.11, Cipinang Cempedak, Jatinegara, Jakarta Timur 13340
A9: Nama Pihak Pertama | B9: DEDY HARIYANTO
A10: Jabatan Pihak Pertama | B10: Kepala Proyek
A11: Jabatan pada Tanda Tangan | B11: Kepala Proyek
A12: Nama Penerima Material | B12: JOKO SUPRIYONO
A13: Jabatan Penerima Material | B13: Kasi Pengadaan, Logistik, & Peralatan
A14: Kontak Korespondensi | B14: Joko Supriyono / Hp. 085272750122
A15: NPWP KSO | B15: 1000000007845820
A16: Nama Kuasa KSO | B16: STEFANUS GUNAWAN
A17: Jabatan Kuasa KSO | B17: Kuasa KSO
A18: Batas Nilai Wajib Kuasa KSO (Rp) | B18: 3000000000
A19: Penanda Tangan Pihak Pertama (BAP) | B19: =IF(AND(ITEM!$C$107>$B$18,$B$16<>""),$B$16,$B$9)
A20: Jabatan Penanda Tangan (BAP) | B20: =IF(AND(ITEM!$C$107>$B$18,$B$16<>""),$B$17,$B$10)
A22: B. PIHAK KEDUA (VARIABEL)
A23: Nama Direktur | C23: manual
A24: Nama Perusahaan
A25: Alamat Perusahaan
A26: NPWP
A27: Nama Rekening | B27: =B24
A28: Nomor Rekening | C28: manual
A29: Bank | C29: manual
A30: Email Vendor
A31: C. DATA SPM / PEMESANAN (VARIABEL)
A32: Nomor Urut SPM
A33: Kode Proyek | B33: 1726012
A34: Tahun | B34: 2026
A35: Nomor SPM Lengkap | B35: =B32&"/SPM/WK-NK.KSO/PDBJ/"&B33&"/"&B34
A36: Tanggal Pemesanan (SPM)
A37: Tanggal Akhir Pengadaan
A38: Bulan Tagihan | B38: =TEXT(B36,"mmmm yyyy")
A39: Lokasi Serah Terima / Franco | B39: ="Proyek Pekerjaan "&B5
A40: Kota Tanda Tangan | B40: Jakarta
A42: D. SYARAT PEMBAYARAN & KEBERTERIMAAN (VARIABEL)
A43: Tempo Pembayaran (hari kerja) | B43: 60
A44: Tempo Pembayaran (huruf) | B44: =IF($B$43<20,VLOOKUP($B$43,HELPER!$A$3:$B$22,2,0),IF($B$43<100,TRIM(VLOOKUP(INT($B$43/10),HELPER!$A$3:$B$22,2,0)&" Puluh "&IF(MOD($B$43,10)=0,"",VLOOKUP(MOD($B$43,10),HELPER!$A$3:$B$22,2,0))),"Seratus"))
A45: Tarif PPN | B45: 0.11
A46: Potongan Retensi (%) | B46: 0
A47: Pengembalian Uang Muka (%) | B47: 0
A48: Jumlah Termin BAP Digunakan (1-4) | B48: 4
A49: Termin Aktif yang Dicetak (1-4) | B49: 1
A50: Syarat Keberterimaan | B50: Material On Site Lokasi Proyek, kondisi baik, sesuai spesifikasi proyek dan disetujui konsultan/pengawas serta pemilik proyek.
A53: E. TERMIN PENGIRIMAN MATERIAL (1 PO DAPAT MENJADI 2-4 BAPM/BAP)
A54: Termin | B54: Tanggal BAPM / BAP | C54: Nomor BAPM | D54: Nomor BAP | E54: Jatuh Tempo Bayar | F54: Status Kontrak
A55: 1 | C55: =IF($A55>$B$48,"",TEXT($A55,"00")&"/BAPM/"&$B$35) | D55: =IF($A55>$B$48,"",TEXT($A55,"00")&"/BAP/"&$B$35) | E55: =IF(OR($A55>$B$48,$B55=""),"",WORKDAY($B55,$B$43)) | F55: =IF($B55="","",IF($B55>$B$37,"KONTRAK MATI - PERLU ADDENDUM","OK"))
A56: 2 | C56: =IF($A56>$B$48,"",TEXT($A56,"00")&"/BAPM/"&$B$35) | D56: =IF($A56>$B$48,"",TEXT($A56,"00")&"/BAP/"&$B$35) | E56: =IF(OR($A56>$B$48,$B56=""),"",WORKDAY($B56,$B$43)) | F56: =IF($B56="","",IF($B56>$B$37,"KONTRAK MATI - PERLU ADDENDUM","OK"))
A57: 3 | C57: =IF($A57>$B$48,"",TEXT($A57,"00")&"/BAPM/"&$B$35) | D57: =IF($A57>$B$48,"",TEXT($A57,"00")&"/BAP/"&$B$35) | E57: =IF(OR($A57>$B$48,$B57=""),"",WORKDAY($B57,$B$43)) | F57: =IF($B57="","",IF($B57>$B$37,"KONTRAK MATI - PERLU ADDENDUM","OK"))
A58: 4 | C58: =IF($A58>$B$48,"",TEXT($A58,"00")&"/BAPM/"&$B$35) | D58: =IF($A58>$B$48,"",TEXT($A58,"00")&"/BAP/"&$B$35) | E58: =IF(OR($A58>$B$48,$B58=""),"",WORKDAY($B58,$B$43)) | F58: =IF($B58="","",IF($B58>$B$37,"KONTRAK MATI - PERLU ADDENDUM","OK"))

Sheet ITEM
A1: DAFTAR ITEM PENGADAAN & ALOKASI PENGIRIMAN PER TERMIN
A2: ="SPM No. "&INPUT!B35&" | Vendor : "&INPUT!B24 | O2: KOLOM BANTU (jangan diubah) — harga satuan material yang diterima per termin, dipakai untuk memilih 3 material termahal di BAP
A3: NO. | B3: URAIAN | C3: SATUAN | D3: VOLUME KONTRAK | E3: HARGA SATUAN (Rp) | F3: JUMLAH HARGA (Rp) | G3: VOL. BAP-1 | H3: VOL. BAP-2 | I3: VOL. BAP-3 | J3: VOL. BAP-4 | K3: TOTAL TERKIRIM | L3: SISA VOLUME | M3: STATUS / NOTIFIKASI | N3: Catatan: alokasi pengiriman dibagi ke kolom VOL. BAP-1 s/d VOL. BAP-4 (maks. 4 termin). Setiap termin punya sheet sendiri: BAPM/BAP (termin 1), BAPM 2/BAP 2, BAPM 3/BAP 3, BAPM 4/BAP 4. Progres kumulatif otomatis berlanjut sampai 100% bila TOTAL TERKIRIM = VOLUME KONTRAK. Slot item 9-20 disembunyikan dalam grup baris pada SPM (21-32) & BAPM (34-45). | O3: HRG BAP-1 | P3: HRG BAP-2 | Q3: HRG BAP-3 | R3: HRG BAP-4
A4: =IF($B4="","",ROW()-3) | F4: =IF($B4="","",$D4*$E4) | K4: =IF($B4="","",SUM($G4:$J4)) | L4: =IF($B4="","",$D4-$K4) | M4: =IF($B4="","",IF($L4<0,"⚠ OVER "&TEXT(-$L4,"#,##0.00")&" "&$C4&" - kurangi alokasi BAP",IF($L4=0,"✓ Alokasi penuh (sisa 0)","Sisa "&TEXT($L4,"#,##0.00")&" "&$C4))) | O4: =IF(OR($B4="",N(G4)=0),"",$E4-ROW()/1000000) | P4: =IF(OR($B4="",N(H4)=0),"",$E4-ROW()/1000000) | Q4: =IF(OR($B4="",N(I4)=0),"",$E4-ROW()/1000000) | R4: =IF(OR($B4="",N(J4)=0),"",$E4-ROW()/1000000)
A5: =IF($B5="","",ROW()-3) | F5: =IF($B5="","",$D5*$E5) | K5: =IF($B5="","",SUM($G5:$J5)) | L5: =IF($B5="","",$D5-$K5) | M5: =IF($B5="","",IF($L5<0,"⚠ OVER "&TEXT(-$L5,"#,##0.00")&" "&$C5&" - kurangi alokasi BAP",IF($L5=0,"✓ Alokasi penuh (sisa 0)","Sisa "&TEXT($L5,"#,##0.00")&" "&$C5))) | O5: =IF(OR($B5="",N(G5)=0),"",$E5-ROW()/1000000) | P5: =IF(OR($B5="",N(H5)=0),"",$E5-ROW()/1000000) | Q5: =IF(OR($B5="",N(I5)=0),"",$E5-ROW()/1000000) | R5: =IF(OR($B5="",N(J5)=0),"",$E5-ROW()/1000000)
A6: =IF($B6="","",ROW()-3) | F6: =IF($B6="","",$D6*$E6) | K6: =IF($B6="","",SUM($G6:$J6)) | L6: =IF($B6="","",$D6-$K6) | M6: =IF($B6="","",IF($L6<0,"⚠ OVER "&TEXT(-$L6,"#,##0.00")&" "&$C6&" - kurangi alokasi BAP",IF($L6=0,"✓ Alokasi penuh (sisa 0)","Sisa "&TEXT($L6,"#,##0.00")&" "&$C6))) | O6: =IF(OR($B6="",N(G6)=0),"",$E6-ROW()/1000000) | P6: =IF(OR($B6="",N(H6)=0),"",$E6-ROW()/1000000) | Q6: =IF(OR($B6="",N(I6)=0),"",$E6-ROW()/1000000) | R6: =IF(OR($B6="",N(J6)=0),"",$E6-ROW()/1000000)
A7: =IF($B7="","",ROW()-3) | F7: =IF($B7="","",$D7*$E7) | K7: =IF($B7="","",SUM($G7:$J7)) | L7: =IF($B7="","",$D7-$K7) | M7: =IF($B7="","",IF($L7<0,"⚠ OVER "&TEXT(-$L7,"#,##0.00")&" "&$C7&" - kurangi alokasi BAP",IF($L7=0,"✓ Alokasi penuh (sisa 0)","Sisa "&TEXT($L7,"#,##0.00")&" "&$C7))) | O7: =IF(OR($B7="",N(G7)=0),"",$E7-ROW()/1000000) | P7: =IF(OR($B7="",N(H7)=0),"",$E7-ROW()/1000000) | Q7: =IF(OR($B7="",N(I7)=0),"",$E7-ROW()/1000000) | R7: =IF(OR($B7="",N(J7)=0),"",$E7-ROW()/1000000)
A8: =IF($B8="","",ROW()-3) | F8: =IF($B8="","",$D8*$E8) | K8: =IF($B8="","",SUM($G8:$J8)) | L8: =IF($B8="","",$D8-$K8) | M8: =IF($B8="","",IF($L8<0,"⚠ OVER "&TEXT(-$L8,"#,##0.00")&" "&$C8&" - kurangi alokasi BAP",IF($L8=0,"✓ Alokasi penuh (sisa 0)","Sisa "&TEXT($L8,"#,##0.00")&" "&$C8))) | O8: =IF(OR($B8="",N(G8)=0),"",$E8-ROW()/1000000) | P8: =IF(OR($B8="",N(H8)=0),"",$E8-ROW()/1000000) | Q8: =IF(OR($B8="",N(I8)=0),"",$E8-ROW()/1000000) | R8: =IF(OR($B8="",N(J8)=0),"",$E8-ROW()/1000000)
A9: =IF($B9="","",ROW()-3) | F9: =IF($B9="","",$D9*$E9) | K9: =IF($B9="","",SUM($G9:$J9)) | L9: =IF($B9="","",$D9-$K9) | M9: =IF($B9="","",IF($L9<0,"⚠ OVER "&TEXT(-$L9,"#,##0.00")&" "&$C9&" - kurangi alokasi BAP",IF($L9=0,"✓ Alokasi penuh (sisa 0)","Sisa "&TEXT($L9,"#,##0.00")&" "&$C9))) | O9: =IF(OR($B9="",N(G9)=0),"",$E9-ROW()/1000000) | P9: =IF(OR($B9="",N(H9)=0),"",$E9-ROW()/1000000) | Q9: =IF(OR($B9="",N(I9)=0),"",$E9-ROW()/1000000) | R9: =IF(OR($B9="",N(J9)=0),"",$E9-ROW()/1000000)
A10: =IF($B10="","",ROW()-3) | F10: =IF($B10="","",$D10*$E10) | K10: =IF($B10="","",SUM($G10:$J10)) | L10: =IF($B10="","",$D10-$K10) | M10: =IF($B10="","",IF($L10<0,"⚠ OVER "&TEXT(-$L10,"#,##0.00")&" "&$C10&" - kurangi alokasi BAP",IF($L10=0,"✓ Alokasi penuh (sisa 0)","Sisa "&TEXT($L10,"#,##0.00")&" "&$C10))) | O10: =IF(OR($B10="",N(G10)=0),"",$E10-ROW()/1000000) | P10: =IF(OR($B10="",N(H10)=0),"",$E10-ROW()/1000000) | Q10: =IF(OR($B10="",N(I10)=0),"",$E10-ROW()/1000000) | R10: =IF(OR($B10="",N(J10)=0),"",$E10-ROW()/1000000)
A11: =IF($B11="","",ROW()-3) | F11: =IF($B11="","",$D11*$E11) | K11: =IF($B11="","",SUM($G11:$J11)) | L11: =IF($B11="","",$D11-$K11) | M11: =IF($B11="","",IF($L11<0,"⚠ OVER "&TEXT(-$L11,"#,##0.00")&" "&$C11&" - kurangi alokasi BAP",IF($L11=0,"✓ Alokasi penuh (sisa 0)","Sisa "&TEXT($L11,"#,##0.00")&" "&$C11))) | O11: =IF(OR($B11="",N(G11)=0),"",$E11-ROW()/1000000) | P11: =IF(OR($B11="",N(H11)=0),"",$E11-ROW()/1000000) | Q11: =IF(OR($B11="",N(I11)=0),"",$E11-ROW()/1000000) | R11: =IF(OR($B11="",N(J11)=0),"",$E11-ROW()/1000000)
A12: =IF($B12="","",ROW()-3) | F12: =IF($B12="","",$D12*$E12) | K12: =IF($B12="","",SUM($G12:$J12)) | L12: =IF($B12="","",$D12-$K12) | M12: =IF($B12="","",IF($L12<0,"⚠ OVER "&TEXT(-$L12,"#,##0.00")&" "&$C12&" - kurangi alokasi BAP",IF($L12=0,"✓ Alokasi penuh (sisa 0)","Sisa "&TEXT($L12,"#,##0.00")&" "&$C12))) | O12: =IF(OR($B12="",N(G12)=0),"",$E12-ROW()/1000000) | P12: =IF(OR($B12="",N(H12)=0),"",$E12-ROW()/1000000) | Q12: =IF(OR($B12="",N(I12)=0),"",$E12-ROW()/1000000) | R12: =IF(OR($B12="",N(J12)=0),"",$E12-ROW()/1000000)
A13: =IF($B13="","",ROW()-3) | F13: =IF($B13="","",$D13*$E13) | K13: =IF($B13="","",SUM($G13:$J13)) | L13: =IF($B13="","",$D13-$K13) | M13: =IF($B13="","",IF($L13<0,"⚠ OVER "&TEXT(-$L13,"#,##0.00")&" "&$C13&" - kurangi alokasi BAP",IF($L13=0,"✓ Alokasi penuh (sisa 0)","Sisa "&TEXT($L13,"#,##0.00")&" "&$C13))) | O13: =IF(OR($B13="",N(G13)=0),"",$E13-ROW()/1000000) | P13: =IF(OR($B13="",N(H13)=0),"",$E13-ROW()/1000000) | Q13: =IF(OR($B13="",N(I13)=0),"",$E13-ROW()/1000000) | R13: =IF(OR($B13="",N(J13)=0),"",$E13-ROW()/1000000)
A14: =IF($B14="","",ROW()-3) | F14: =IF($B14="","",$D14*$E14) | K14: =IF($B14="","",SUM($G14:$J14)) | L14: =IF($B14="","",$D14-$K14) | M14: =IF($B14="","",IF($L14<0,"⚠ OVER "&TEXT(-$L14,"#,##0.00")&" "&$C14&" - kurangi alokasi BAP",IF($L14=0,"✓ Alokasi penuh (sisa 0)","Sisa "&TEXT($L14,"#,##0.00")&" "&$C14))) | O14: =IF(OR($B14="",N(G14)=0),"",$E14-ROW()/1000000) | P14: =IF(OR($B14="",N(H14)=0),"",$E14-ROW()/1000000) | Q14: =IF(OR($B14="",N(I14)=0),"",$E14-ROW()/1000000) | R14: =IF(OR($B14="",N(J14)=0),"",$E14-ROW()/1000000)
A15: =IF($B15="","",ROW()-3) | F15: =IF($B15="","",$D15*$E15) | K15: =IF($B15="","",SUM($G15:$J15)) | L15: =IF($B15="","",$D15-$K15) | M15: =IF($B15="","",IF($L15<0,"⚠ OVER "&TEXT(-$L15,"#,##0.00")&" "&$C15&" - kurangi alokasi BAP",IF($L15=0,"✓ Alokasi penuh (sisa 0)","Sisa "&TEXT($L15,"#,##0.00")&" "&$C15))) | O15: =IF(OR($B15="",N(G15)=0),"",$E15-ROW()/1000000) | P15: =IF(OR($B15="",N(H15)=0),"",$E15-ROW()/1000000) | Q15: =IF(OR($B15="",N(I15)=0),"",$E15-ROW()/1000000) | R15: =IF(OR($B15="",N(J15)=0),"",$E15-ROW()/1000000)
... A103: =IF($B103="","",ROW()-3) | F103: =IF($B103="","",$D103*$E103) | K103: =IF($B103="","",SUM($G103:$J103)) | L103: =IF($B103="","",$D103-$K103) | M103: =IF($B103="","",IF($L103<0,"⚠ OVER "&TEXT(-$L103,"#,##0.00")&" "&$C103&" - kurangi alokasi BAP",IF($L103=0,"✓ Alokasi penuh (sisa 0)","Sisa "&TEXT($L103,"#,##0.00")&" "&$C103))) | O103: =IF(OR($B103="",N(G103)=0),"",$E103-ROW()/1000000) | P103: =IF(OR($B103="",N(H103)=0),"",$E103-ROW()/1000000) | Q103: =IF(OR($B103="",N(I103)=0),"",$E103-ROW()/1000000) | R103: =IF(OR($B103="",N(J103)=0),"",$E103-ROW()/1000000)
B104: JUMLAH (Exclude PPN) | D104: =SUM(D4:D103) | F104: =SUM(F4:F103) | G104: =SUM(G4:G103) | H104: =SUM(H4:H103) | I104: =SUM(I4:I103) | J104: =SUM(J4:J103) | K104: =SUM(K4:K103) | L104: =SUM(L4:L103) | M104: =IF(COUNTIF($L$4:$L$103,"<0")>0,"⚠ ADA "&COUNTIF($L$4:$L$103,"<0")&" ITEM OVER ALOKASI - PENGADAAN TIDAK SESUAI PENERIMAAN","✓ Semua alokasi valid (tidak ada sisa minus)")
B106: RINGKASAN NILAI KONTRAK
B107: Nilai Kontrak (Exclude PPN) | C107: =F104
B108: PPN | C108: =ROUND(C107*INPUT!$B$45,0)
B109: TOTAL (Include PPN) | C109: =C107+C108

Sheet SPM
A4: SURAT PEMESANAN MATERIAL
A5: ="Nomor : "&INPUT!$B$35
A7: Kepada Yth,
A8: Nama Vendor | C8: =": "&INPUT!$B$24
A9: Alamat | C9: =": "&INPUT!$B$25
A10: NPWP | C10: =": "&INPUT!$B$26
A12: NO. | B12: URAIAN | D12: SATUAN | E12: VOLUME | F12: HARGA ( Rp. ) | G12: JUMLAH ( Rp. )
A13: =IF(ITEM!$B4="","",ITEM!$A4) | B13: =IF(ITEM!$B4="","",ITEM!$B4) | D13: =IF(ITEM!$B4="","",ITEM!$C4) | E13: =IF(ITEM!$B4="","",ITEM!$D4) | F13: =IF(ITEM!$B4="","",ITEM!$E4) | G13: =IF(ITEM!$B4="","",ITEM!$F4)
A14: =IF(ITEM!$B5="","",ITEM!$A5) | B14: =IF(ITEM!$B5="","",ITEM!$B5) | D14: =IF(ITEM!$B5="","",ITEM!$C5) | E14: =IF(ITEM!$B5="","",ITEM!$D5) | F14: =IF(ITEM!$B5="","",ITEM!$E5) | G14: =IF(ITEM!$B5="","",ITEM!$F5)
A15: =IF(ITEM!$B6="","",ITEM!$A6) | B15: =IF(ITEM!$B6="","",ITEM!$B6) | D15: =IF(ITEM!$B6="","",ITEM!$C6) | E15: =IF(ITEM!$B6="","",ITEM!$D6) | F15: =IF(ITEM!$B6="","",ITEM!$E6) | G15: =IF(ITEM!$B6="","",ITEM!$F6)
A16: =IF(ITEM!$B7="","",ITEM!$A7) | B16: =IF(ITEM!$B7="","",ITEM!$B7) | D16: =IF(ITEM!$B7="","",ITEM!$C7) | E16: =IF(ITEM!$B7="","",ITEM!$D7) | F16: =IF(ITEM!$B7="","",ITEM!$E7) | G16: =IF(ITEM!$B7="","",ITEM!$F7)
A17: =IF(ITEM!$B8="","",ITEM!$A8) | B17: =IF(ITEM!$B8="","",ITEM!$B8) | D17: =IF(ITEM!$B8="","",ITEM!$C8) | E17: =IF(ITEM!$B8="","",ITEM!$D8) | F17: =IF(ITEM!$B8="","",ITEM!$E8) | G17: =IF(ITEM!$B8="","",ITEM!$F8)
A18: =IF(ITEM!$B9="","",ITEM!$A9) | B18: =IF(ITEM!$B9="","",ITEM!$B9) | D18: =IF(ITEM!$B9="","",ITEM!$C9) | E18: =IF(ITEM!$B9="","",ITEM!$D9) | F18: =IF(ITEM!$B9="","",ITEM!$E9) | G18: =IF(ITEM!$B9="","",ITEM!$F9)
A19: =IF(ITEM!$B10="","",ITEM!$A10) | B19: =IF(ITEM!$B10="","",ITEM!$B10) | D19: =IF(ITEM!$B10="","",ITEM!$C10) | E19: =IF(ITEM!$B10="","",ITEM!$D10) | F19: =IF(ITEM!$B10="","",ITEM!$E10) | G19: =IF(ITEM!$B10="","",ITEM!$F10)
A20: =IF(ITEM!$B11="","",ITEM!$A11) | B20: =IF(ITEM!$B11="","",ITEM!$B11) | D20: =IF(ITEM!$B11="","",ITEM!$C11) | E20: =IF(ITEM!$B11="","",ITEM!$D11) | F20: =IF(ITEM!$B11="","",ITEM!$E11) | G20: =IF(ITEM!$B11="","",ITEM!$F11)
A21: =IF(ITEM!$B12="","",ITEM!$A12) | B21: =IF(ITEM!$B12="","",ITEM!$B12) | D21: =IF(ITEM!$B12="","",ITEM!$C12) | E21: =IF(ITEM!$B12="","",ITEM!$D12) | F21: =IF(ITEM!$B12="","",ITEM!$E12) | G21: =IF(ITEM!$B12="","",ITEM!$F12)
A22: =IF(ITEM!$B13="","",ITEM!$A13) | B22: =IF(ITEM!$B13="","",ITEM!$B13) | D22: =IF(ITEM!$B13="","",ITEM!$C13) | E22: =IF(ITEM!$B13="","",ITEM!$D13) | F22: =IF(ITEM!$B13="","",ITEM!$E13) | G22: =IF(ITEM!$B13="","",ITEM!$F13)
A23: =IF(ITEM!$B14="","",ITEM!$A14) | B23: =IF(ITEM!$B14="","",ITEM!$B14) | D23: =IF(ITEM!$B14="","",ITEM!$C14) | E23: =IF(ITEM!$B14="","",ITEM!$D14) | F23: =IF(ITEM!$B14="","",ITEM!$E14) | G23: =IF(ITEM!$B14="","",ITEM!$F14)
A24: =IF(ITEM!$B15="","",ITEM!$A15) | B24: =IF(ITEM!$B15="","",ITEM!$B15) | D24: =IF(ITEM!$B15="","",ITEM!$C15) | E24: =IF(ITEM!$B15="","",ITEM!$D15) | F24: =IF(ITEM!$B15="","",ITEM!$E15) | G24: =IF(ITEM!$B15="","",ITEM!$F15)
... A112: =IF(ITEM!$B103="","",ITEM!$A103) | B112: =IF(ITEM!$B103="","",ITEM!$B103) | D112: =IF(ITEM!$B103="","",ITEM!$C103) | E112: =IF(ITEM!$B103="","",ITEM!$D103) | F112: =IF(ITEM!$B103="","",ITEM!$E103) | G112: =IF(ITEM!$B103="","",ITEM!$F103)
A113: JUMLAH | G113: =ITEM!$C$107
A114: PPN | G114: =ITEM!$C$108
A115: TOTAL | G115: =ITEM!$C$109
A116: Terbilang | C116: =": "&HELPER!$L$4
A118: SYARAT - SYARAT :
A119: 1 | B119: Kondisi Harga / Nilai : | D119: ="Rp "&HELPER!$H$27
A120: 2 | B120: Harga tersebut diatas sudah termasuk:
B121: - Material On Site Lokasi Proyek
B122: - Termasuk PPh, dan pajak - pajak lain yang timbul akibat dari pengadaan material tersebut.
B123: - Biaya lain yang timbul baik secara langsung ataupun tidak langsung terkait pengadaan dan Pengiriman Material.
A124: 3 | B124: ="Waktu pengadaan material / alat terhitung sejak tanggal dikeluarkannya sampai dengan Tanggal. "&TEXT(INPUT!$B$37,"dd mmmm yyyy")
A125: 4 | B125: ="Lokasi Serah Terima Material / Franco : "&INPUT!$B$39
A126: 5 | B126: Rincian spesifikasi dan ukuran realisasi pengiriman material tersebut ke proyek mengacu pada spesifikasi Proyek dilaksanakan berdasarkan permintaan dari proyek, yang merupakan satu bagian yang tak terpisahkan dari SPM/ kontrak SPPM
A127: 6 | B127: Harga satuan tersebut diatas berlaku mengikat selama jangka waktu kontrak, dan volume sesuai kontrak terpenuhi seluruhnya
A128: 7 | B128: Pengadaan material / alat harus kwalitas baik dan sesuai dengan spesifikasi yang disetujui oleh konsultan/pengawas pekerjaan dan pemilik proyek
A129: 8 | B129: Material yang tidak sesuai dengan permintaan akan di tolak dan supplier harus mengganti dengan material baru sesuai permintaan atas biaya supplier
A130: 9 | B130: ="Pembayaran dilakukan dengan Reguler Tempo "&INPUT!$B$43&" ("&INPUT!$B$44&") hari Kerja, setelah invoice diterima dengan benar dan lengkap,"
B131: sesuai administrasi Waskita - NINDYA, KSO dan dilampiri Berita Acara Pembayaran yang ditandatangani oleh kedua belah pihak.
B132: Pembayaran dapat disalurkan ke rekening kami sebagai berikut :
B133: ="Ac. Name : "&INPUT!$B$27
B134: ="Ac. Number : "&INPUT!$B$28
B135: ="Bank : "&INPUT!$B$29
A136: 10 | B136: ="Nomor NPWP : "&INPUT!$B$15&" atas nama "&UPPER(INPUT!$B$6)
A137: 11 | B137: ="Korespondensi atau informasi pengiriman ditujukan ke Sdr. "&INPUT!$B$14
A138: 12 | B138: ="Keberterimaan : "&INPUT!$B$50
A140: Setuju :
A141: Dengan syarat tersebut diatas | E141: ="Jakarta, "&TEXT(INPUT!$B$36,"dd mmmm yyyy")
B142: =UPPER(INPUT!$B$24) | F142: =UPPER(INPUT!$B$6)
B146: =INPUT!$B$23 | F146: =INPUT!$B$19
B147: Direktur | F147: =INPUT!$B$20
A149: Catatan :
A150: SPM ini harus dilampirkan pada permintaan pembayaran.

Sheet BAPM
N1: TERMIN SHEET INI (jangan diubah kecuali perlu) | O1: 1
N2: Tanggal BAPM/BAP | O2: {=IF(IFERROR(INDEX(INPUT!$B$55:$B$58,$O$1),0)=0,"",INDEX(INPUT!$B$55:$B$58,$O$1))}
N3: Hari | O3: =IF($O$2="","",TEXT($O$2,"dddd"))
N4: Tanggal (huruf) | O4: =IF($O$2="","",IF(DAY($O$2)<20,VLOOKUP(DAY($O$2),HELPER!$A$3:$B$22,2,0),IF(DAY($O$2)<30,TRIM("Dua Puluh "&VLOOKUP(DAY($O$2)-20,HELPER!$A$3:$B$22,2,0)),TRIM("Tiga Puluh "&VLOOKUP(DAY($O$2)-30,HELPER!$A$3:$B$22,2,0)))))
A5: BERITA ACARA PENERIMAAN MATERIAL (BAPM) | N5: Bulan | O5: =IF($O$2="","",TEXT($O$2,"mmmm"))
A6: {=IF($O$2="","","Nomor : "&INDEX(INPUT!$C$55:$C$58,$O$1))} | N6: Tahun (huruf) | O6: =IF($O$2="","",TRIM(IF(INT(YEAR($O$2)/1000)=1,"Seribu ",IF(INT(YEAR($O$2)/1000)=0,"",IF(INT(INT(YEAR($O$2)/1000)/100)=0,"",IF(INT(INT(YEAR($O$2)/1000)/100)=1,"Seratus ",VLOOKUP(INT(INT(YEAR($O$2)/1000)/100),HELPER!$A$3:$B$22,2,0)&" Ratus "))&IF(MOD(INT(YEAR($O$2)/1000),100)=0,"",IF(MOD(INT(YEAR($O$2)/1000),100)<20,VLOOKUP(MOD(INT(YEAR($O$2)/1000),100),HELPER!$A$3:$B$22,2,0),VLOOKUP(INT(MOD(INT(YEAR($O$2)/1000),100)/10),HELPER!$A$3:$B$22,2,0)&" Puluh "&IF(MOD(INT(YEAR($O$2)/1000),10)=0,"",VLOOKUP(MOD(INT(YEAR($O$2)/1000),10),HELPER!$A$3:$B$22,2,0)))))&" Ribu ")&IF(MOD(YEAR($O$2),1000)=0,"",IF(INT(MOD(YEAR($O$2),1000)/100)=0,"",IF(INT(MOD(YEAR($O$2),1000)/100)=1,"Seratus ",VLOOKUP(INT(MOD(YEAR($O$2),1000)/100),HELPER!$A$3:$B$22,2,0)&" Ratus "))&IF(MOD(MOD(YEAR($O$2),1000),100)=0,"",IF(MOD(MOD(YEAR($O$2),1000),100)<20,VLOOKUP(MOD(MOD(YEAR($O$2),1000),100),HELPER!$A$3:$B$22,2,0),VLOOKUP(INT(MOD(MOD(YEAR($O$2),1000),100)/10),HELPER!$A$3:$B$22,2,0)&" Puluh "&IF(MOD(MOD(YEAR($O$2),1000),10)=0,"",VLOOKUP(MOD(MOD(YEAR($O$2),1000),10),HELPER!$A$3:$B$22,2,0)))))))
N7: Kalimat pembuka | O7: =IF($O$2="","","Pada hari ini "&$O$3&", tanggal "&$O$4&" bulan "&$O$5&" tahun "&$O$6&" ("&TEXT($O$2,"dd/mm/yyyy")&")")
A8: =IF($O$7="","",$O$7&", telah diterima alat :")
N9: Nilai diterima | O9: =$K$135
A10: I. | B10: Dari | C10: =": "&UPPER(INPUT!$B$24) | N10: Kelompok miliar | O10: =INT(ROUND($O$9,0)/1000000000)
C11: ="Sebagai Pihak Kedua" | N11: Kelompok juta | O11: =MOD(INT(ROUND($O$9,0)/1000000),1000)
A12: II. | B12: Kepada | C12: =": "&UPPER(INPUT!$B$6)&" Proyek Pekerjaan "&INPUT!$B$5 | N12: Kelompok ribu | O12: =MOD(INT(ROUND($O$9,0)/1000),1000)
C13: ="Sebagai Pihak Pertama" | N13: Kelompok satuan | O13: =MOD(ROUND($O$9,0),1000)
N14: Terbilang | O14: =IF(ROUND($O$9,0)=0,"== Nol Rupiah ==","== "&TRIM(IF($O$10=0,"",IF($O$10=0,"",IF(INT($O$10/100)=0,"",IF(INT($O$10/100)=1,"Seratus ",VLOOKUP(INT($O$10/100),HELPER!$A$3:$B$22,2,0)&" Ratus "))&IF(MOD($O$10,100)=0,"",IF(MOD($O$10,100)<20,VLOOKUP(MOD($O$10,100),HELPER!$A$3:$B$22,2,0),VLOOKUP(INT(MOD($O$10,100)/10),HELPER!$A$3:$B$22,2,0)&" Puluh "&IF(MOD($O$10,10)=0,"",VLOOKUP(MOD($O$10,10),HELPER!$A$3:$B$22,2,0)))))&" Miliar ")&IF($O$11=0,"",IF($O$11=1,"Satu Juta ",IF($O$11=0,"",IF(INT($O$11/100)=0,"",IF(INT($O$11/100)=1,"Seratus ",VLOOKUP(INT($O$11/100),HELPER!$A$3:$B$22,2,0)&" Ratus "))&IF(MOD($O$11,100)=0,"",IF(MOD($O$11,100)<20,VLOOKUP(MOD($O$11,100),HELPER!$A$3:$B$22,2,0),VLOOKUP(INT(MOD($O$11,100)/10),HELPER!$A$3:$B$22,2,0)&" Puluh "&IF(MOD($O$11,10)=0,"",VLOOKUP(MOD($O$11,10),HELPER!$A$3:$B$22,2,0)))))&" Juta "))&IF($O$12=0,"",IF($O$12=1,"Seribu ",IF($O$12=0,"",IF(INT($O$12/100)=0,"",IF(INT($O$12/100)=1,"Seratus ",VLOOKUP(INT($O$12/100),HELPER!$A$3:$B$22,2,0)&" Ratus "))&IF(MOD($O$12,100)=0,"",IF(MOD($O$12,100)<20,VLOOKUP(MOD($O$12,100),HELPER!$A$3:$B$22,2,0),VLOOKUP(INT(MOD($O$12,100)/10),HELPER!$A$3:$B$22,2,0)&" Puluh "&IF(MOD($O$12,10)=0,"",VLOOKUP(MOD($O$12,10),HELPER!$A$3:$B$22,2,0)))))&" Ribu "))&IF($O$13=0,"",IF(INT($O$13/100)=0,"",IF(INT($O$13/100)=1,"Seratus ",VLOOKUP(INT($O$13/100),HELPER!$A$3:$B$22,2,0)&" Ratus "))&IF(MOD($O$13,100)=0,"",IF(MOD($O$13,100)<20,VLOOKUP(MOD($O$13,100),HELPER!$A$3:$B$22,2,0),VLOOKUP(INT(MOD($O$13,100)/10),HELPER!$A$3:$B$22,2,0)&" Puluh "&IF(MOD($O$13,10)=0,"",VLOOKUP(MOD($O$13,10),HELPER!$A$3:$B$22,2,0))))))&" Rupiah ==")
A15: Menerangkan bahwa kedua belah pihak telah setuju dan sepakat melakukan pemeriksaan pengadaan dan serah terima berdasarkan :
A17: 1 | B17: Kontrak/SPM No. | C17: =": "&INPUT!$B$35&" Tanggal : "&TEXT(INPUT!$B$36,"dd mmmm yyyy")
A18: 2 | B18: Nilai Kontrak | C18: =": Rp "&HELPER!$I$28&" (Exclude PPN)"
A19: 3 | B19: Waktu Pelaksanaan | C19: =": "&TEXT(INPUT!$B$36,"dd mmmm yyyy")&" s/d "&TEXT(INPUT!$B$37,"dd mmmm yyyy")
A21: Dengan rincian sebagai berikut,
A23: NO. | B23: JENIS ITEM | D23: VOLUME KONTRAK | E23: SAT | F23: PROGRES REAL VOLUME | J23: HARGA (Rp) | K23: JUMLAH HARGA (Rp)
F24: YG LALU | G24: SAAT INI | H24: SD. SAAT INI | I24: SISA
A25: 1 | B25: 2 | D25: 3 | E25: 4 | F25: 5 | G25: 6 | H25: 7=5+6 | I25: 8=3-7 | J25: 9 | K25: 10 = 6 x 9
A26: =IF(ITEM!$B4="","",ITEM!$A4) | B26: =IF(ITEM!$B4="","",ITEM!$B4) | D26: =IF(ITEM!$B4="","",ITEM!$D4) | E26: =IF(ITEM!$B4="","",ITEM!$C4) | F26: {=IF(ITEM!$B4="","",SUMPRODUCT((COLUMN(ITEM!$G4:$J4)-COLUMN(ITEM!$G4)+1<$O$1)*ITEM!$G4:$J4))} | G26: {=IF(ITEM!$B4="","",INDEX(ITEM!$G4:$J4,1,$O$1))} | H26: =IF(ITEM!$B4="","",$F26+$G26) | I26: =IF(ITEM!$B4="","",$D26-$H26) | J26: =IF(ITEM!$B4="","",ITEM!$E4) | K26: =IF(ITEM!$B4="","",$G26*$J26)
A27: =IF(ITEM!$B5="","",ITEM!$A5) | B27: =IF(ITEM!$B5="","",ITEM!$B5) | D27: =IF(ITEM!$B5="","",ITEM!$D5) | E27: =IF(ITEM!$B5="","",ITEM!$C5) | F27: {=IF(ITEM!$B5="","",SUMPRODUCT((COLUMN(ITEM!$G5:$J5)-COLUMN(ITEM!$G5)+1<$O$1)*ITEM!$G5:$J5))} | G27: {=IF(ITEM!$B5="","",INDEX(ITEM!$G5:$J5,1,$O$1))} | H27: =IF(ITEM!$B5="","",$F27+$G27) | I27: =IF(ITEM!$B5="","",$D27-$H27) | J27: =IF(ITEM!$B5="","",ITEM!$E5) | K27: =IF(ITEM!$B5="","",$G27*$J27)
A28: =IF(ITEM!$B6="","",ITEM!$A6) | B28: =IF(ITEM!$B6="","",ITEM!$B6) | D28: =IF(ITEM!$B6="","",ITEM!$D6) | E28: =IF(ITEM!$B6="","",ITEM!$C6) | F28: {=IF(ITEM!$B6="","",SUMPRODUCT((COLUMN(ITEM!$G6:$J6)-COLUMN(ITEM!$G6)+1<$O$1)*ITEM!$G6:$J6))} | G28: {=IF(ITEM!$B6="","",INDEX(ITEM!$G6:$J6,1,$O$1))} | H28: =IF(ITEM!$B6="","",$F28+$G28) | I28: =IF(ITEM!$B6="","",$D28-$H28) | J28: =IF(ITEM!$B6="","",ITEM!$E6) | K28: =IF(ITEM!$B6="","",$G28*$J28)
A29: =IF(ITEM!$B7="","",ITEM!$A7) | B29: =IF(ITEM!$B7="","",ITEM!$B7) | D29: =IF(ITEM!$B7="","",ITEM!$D7) | E29: =IF(ITEM!$B7="","",ITEM!$C7) | F29: {=IF(ITEM!$B7="","",SUMPRODUCT((COLUMN(ITEM!$G7:$J7)-COLUMN(ITEM!$G7)+1<$O$1)*ITEM!$G7:$J7))} | G29: {=IF(ITEM!$B7="","",INDEX(ITEM!$G7:$J7,1,$O$1))} | H29: =IF(ITEM!$B7="","",$F29+$G29) | I29: =IF(ITEM!$B7="","",$D29-$H29) | J29: =IF(ITEM!$B7="","",ITEM!$E7) | K29: =IF(ITEM!$B7="","",$G29*$J29)
A30: =IF(ITEM!$B8="","",ITEM!$A8) | B30: =IF(ITEM!$B8="","",ITEM!$B8) | D30: =IF(ITEM!$B8="","",ITEM!$D8) | E30: =IF(ITEM!$B8="","",ITEM!$C8) | F30: {=IF(ITEM!$B8="","",SUMPRODUCT((COLUMN(ITEM!$G8:$J8)-COLUMN(ITEM!$G8)+1<$O$1)*ITEM!$G8:$J8))} | G30: {=IF(ITEM!$B8="","",INDEX(ITEM!$G8:$J8,1,$O$1))} | H30: =IF(ITEM!$B8="","",$F30+$G30) | I30: =IF(ITEM!$B8="","",$D30-$H30) | J30: =IF(ITEM!$B8="","",ITEM!$E8) | K30: =IF(ITEM!$B8="","",$G30*$J30)
A31: =IF(ITEM!$B9="","",ITEM!$A9) | B31: =IF(ITEM!$B9="","",ITEM!$B9) | D31: =IF(ITEM!$B9="","",ITEM!$D9) | E31: =IF(ITEM!$B9="","",ITEM!$C9) | F31: {=IF(ITEM!$B9="","",SUMPRODUCT((COLUMN(ITEM!$G9:$J9)-COLUMN(ITEM!$G9)+1<$O$1)*ITEM!$G9:$J9))} | G31: {=IF(ITEM!$B9="","",INDEX(ITEM!$G9:$J9,1,$O$1))} | H31: =IF(ITEM!$B9="","",$F31+$G31) | I31: =IF(ITEM!$B9="","",$D31-$H31) | J31: =IF(ITEM!$B9="","",ITEM!$E9) | K31: =IF(ITEM!$B9="","",$G31*$J31)
A32: =IF(ITEM!$B10="","",ITEM!$A10) | B32: =IF(ITEM!$B10="","",ITEM!$B10) | D32: =IF(ITEM!$B10="","",ITEM!$D10) | E32: =IF(ITEM!$B10="","",ITEM!$C10) | F32: {=IF(ITEM!$B10="","",SUMPRODUCT((COLUMN(ITEM!$G10:$J10)-COLUMN(ITEM!$G10)+1<$O$1)*ITEM!$G10:$J10))} | G32: {=IF(ITEM!$B10="","",INDEX(ITEM!$G10:$J10,1,$O$1))} | H32: =IF(ITEM!$B10="","",$F32+$G32) | I32: =IF(ITEM!$B10="","",$D32-$H32) | J32: =IF(ITEM!$B10="","",ITEM!$E10) | K32: =IF(ITEM!$B10="","",$G32*$J32)
A33: =IF(ITEM!$B11="","",ITEM!$A11) | B33: =IF(ITEM!$B11="","",ITEM!$B11) | D33: =IF(ITEM!$B11="","",ITEM!$D11) | E33: =IF(ITEM!$B11="","",ITEM!$C11) | F33: {=IF(ITEM!$B11="","",SUMPRODUCT((COLUMN(ITEM!$G11:$J11)-COLUMN(ITEM!$G11)+1<$O$1)*ITEM!$G11:$J11))} | G33: {=IF(ITEM!$B11="","",INDEX(ITEM!$G11:$J11,1,$O$1))} | H33: =IF(ITEM!$B11="","",$F33+$G33) | I33: =IF(ITEM!$B11="","",$D33-$H33) | J33: =IF(ITEM!$B11="","",ITEM!$E11) | K33: =IF(ITEM!$B11="","",$G33*$J33)
A34: =IF(ITEM!$B12="","",ITEM!$A12) | B34: =IF(ITEM!$B12="","",ITEM!$B12) | D34: =IF(ITEM!$B12="","",ITEM!$D12) | E34: =IF(ITEM!$B12="","",ITEM!$C12) | F34: {=IF(ITEM!$B12="","",SUMPRODUCT((COLUMN(ITEM!$G12:$J12)-COLUMN(ITEM!$G12)+1<$O$1)*ITEM!$G12:$J12))} | G34: {=IF(ITEM!$B12="","",INDEX(ITEM!$G12:$J12,1,$O$1))} | H34: =IF(ITEM!$B12="","",$F34+$G34) | I34: =IF(ITEM!$B12="","",$D34-$H34) | J34: =IF(ITEM!$B12="","",ITEM!$E12) | K34: =IF(ITEM!$B12="","",$G34*$J34)
A35: =IF(ITEM!$B13="","",ITEM!$A13) | B35: =IF(ITEM!$B13="","",ITEM!$B13) | D35: =IF(ITEM!$B13="","",ITEM!$D13) | E35: =IF(ITEM!$B13="","",ITEM!$C13) | F35: {=IF(ITEM!$B13="","",SUMPRODUCT((COLUMN(ITEM!$G13:$J13)-COLUMN(ITEM!$G13)+1<$O$1)*ITEM!$G13:$J13))} | G35: {=IF(ITEM!$B13="","",INDEX(ITEM!$G13:$J13,1,$O$1))} | H35: =IF(ITEM!$B13="","",$F35+$G35) | I35: =IF(ITEM!$B13="","",$D35-$H35) | J35: =IF(ITEM!$B13="","",ITEM!$E13) | K35: =IF(ITEM!$B13="","",$G35*$J35)
A36: =IF(ITEM!$B14="","",ITEM!$A14) | B36: =IF(ITEM!$B14="","",ITEM!$B14) | D36: =IF(ITEM!$B14="","",ITEM!$D14) | E36: =IF(ITEM!$B14="","",ITEM!$C14) | F36: {=IF(ITEM!$B14="","",SUMPRODUCT((COLUMN(ITEM!$G14:$J14)-COLUMN(ITEM!$G14)+1<$O$1)*ITEM!$G14:$J14))} | G36: {=IF(ITEM!$B14="","",INDEX(ITEM!$G14:$J14,1,$O$1))} | H36: =IF(ITEM!$B14="","",$F36+$G36) | I36: =IF(ITEM!$B14="","",$D36-$H36) | J36: =IF(ITEM!$B14="","",ITEM!$E14) | K36: =IF(ITEM!$B14="","",$G36*$J36)
A37: =IF(ITEM!$B15="","",ITEM!$A15) | B37: =IF(ITEM!$B15="","",ITEM!$B15) | D37: =IF(ITEM!$B15="","",ITEM!$D15) | E37: =IF(ITEM!$B15="","",ITEM!$C15) | F37: {=IF(ITEM!$B15="","",SUMPRODUCT((COLUMN(ITEM!$G15:$J15)-COLUMN(ITEM!$G15)+1<$O$1)*ITEM!$G15:$J15))} | G37: {=IF(ITEM!$B15="","",INDEX(ITEM!$G15:$J15,1,$O$1))} | H37: =IF(ITEM!$B15="","",$F37+$G37) | I37: =IF(ITEM!$B15="","",$D37-$H37) | J37: =IF(ITEM!$B15="","",ITEM!$E15) | K37: =IF(ITEM!$B15="","",$G37*$J37)
... A125: =IF(ITEM!$B103="","",ITEM!$A103) | B125: =IF(ITEM!$B103="","",ITEM!$B103) | D125: =IF(ITEM!$B103="","",ITEM!$D103) | E125: =IF(ITEM!$B103="","",ITEM!$C103) | F125: {=IF(ITEM!$B103="","",SUMPRODUCT((COLUMN(ITEM!$G103:$J103)-COLUMN(ITEM!$G103)+1<$O$1)*ITEM!$G103:$J103))} | G125: {=IF(ITEM!$B103="","",INDEX(ITEM!$G103:$J103,1,$O$1))} | H125: =IF(ITEM!$B103="","",$F125+$G125) | I125: =IF(ITEM!$B103="","",$D125-$H125) | J125: =IF(ITEM!$B103="","",ITEM!$E103) | K125: =IF(ITEM!$B103="","",$G125*$J125)
A126: JUMLAH | K126: =SUM(K26:K125)
A128: Maka Pihak Kedua berhak menerima pembayaran dengan perhitungan sebagai berikut :
A129: 1 | B129: Prestasi s/d saat ini | G129: : | H129: =IF(ITEM!$C$107=0,0,SUMPRODUCT($H$26:$H$125,$J$26:$J$125)/ITEM!$C$107) | I129: = | K129: =ROUND(H129*ITEM!$C$107,0)
A130: 2 | B130: Prestasi yang lalu | G130: : | H130: =IF(ITEM!$C$107=0,0,SUMPRODUCT($F$26:$F$125,$J$26:$J$125)/ITEM!$C$107) | I130: = | K130: =ROUND(H130*ITEM!$C$107,0)
A131: 3 | B131: Prestasi yang dapat dibayarkan | G131: : | H131: =H129-H130 | I131: = | K131: =K129-K130
A132: 4 | B132: Potongan :
B133: - Uang Muka | G133: : | H133: =INPUT!$B$47 | I133: = | J133: (-) | K133: =-ROUND(H133*K131,0)
B134: - Retensi | G134: : | H134: =INPUT!$B$46 | I134: = | J134: (-) | K134: =-ROUND(H134*K131,0)
A135: 5 | B135: Jumlah pembayaran yang diterima | G135: : | I135: = | K135: =K131+K133+K134
B137: Terbilang | C137: =": "&$O$14
A139: Material tersebut diatas dalam kondisi baik, perlengkapan serta surat-surat terlampir.
B141: ="Mengetahui," | F141: Yang Menerima, | I141: Yang Menyerahkan,
B142: =UPPER(INPUT!$B$6) | F142: =UPPER(INPUT!$B$6) | I142: =UPPER(INPUT!$B$24)
B146: =INPUT!$B$9 | F146: =INPUT!$B$12 | I146: =INPUT!$B$23
B147: =INPUT!$B$11 | F147: =INPUT!$B$13 | I147: Direktur
A149: Catatan :
A150: BAPM ini harus dilampirkan pada saat permintaan pembayaran.

Sheet BAPM 2
N1: TERMIN SHEET INI (jangan diubah kecuali perlu) | O1: 2
N2: Tanggal BAPM/BAP | O2: {=IF(IFERROR(INDEX(INPUT!$B$55:$B$58,$O$1),0)=0,"",INDEX(INPUT!$B$55:$B$58,$O$1))}
N3: Hari | O3: =IF($O$2="","",TEXT($O$2,"dddd"))
N4: Tanggal (huruf) | O4: =IF($O$2="","",IF(DAY($O$2)<20,VLOOKUP(DAY($O$2),HELPER!$A$3:$B$22,2,0),IF(DAY($O$2)<30,TRIM("Dua Puluh "&VLOOKUP(DAY($O$2)-20,HELPER!$A$3:$B$22,2,0)),TRIM("Tiga Puluh "&VLOOKUP(DAY($O$2)-30,HELPER!$A$3:$B$22,2,0)))))
A5: BERITA ACARA PENERIMAAN MATERIAL (BAPM) | N5: Bulan | O5: =IF($O$2="","",TEXT($O$2,"mmmm"))
A6: {=IF($O$2="","","Nomor : "&INDEX(INPUT!$C$55:$C$58,$O$1))} | N6: Tahun (huruf) | O6: =IF($O$2="","",TRIM(IF(INT(YEAR($O$2)/1000)=1,"Seribu ",IF(INT(YEAR($O$2)/1000)=0,"",IF(INT(INT(YEAR($O$2)/1000)/100)=0,"",IF(INT(INT(YEAR($O$2)/1000)/100)=1,"Seratus ",VLOOKUP(INT(INT(YEAR($O$2)/1000)/100),HELPER!$A$3:$B$22,2,0)&" Ratus "))&IF(MOD(INT(YEAR($O$2)/1000),100)=0,"",IF(MOD(INT(YEAR($O$2)/1000),100)<20,VLOOKUP(MOD(INT(YEAR($O$2)/1000),100),HELPER!$A$3:$B$22,2,0),VLOOKUP(INT(MOD(INT(YEAR($O$2)/1000),100)/10),HELPER!$A$3:$B$22,2,0)&" Puluh "&IF(MOD(INT(YEAR($O$2)/1000),10)=0,"",VLOOKUP(MOD(INT(YEAR($O$2)/1000),10),HELPER!$A$3:$B$22,2,0)))))&" Ribu ")&IF(MOD(YEAR($O$2),1000)=0,"",IF(INT(MOD(YEAR($O$2),1000)/100)=0,"",IF(INT(MOD(YEAR($O$2),1000)/100)=1,"Seratus ",VLOOKUP(INT(MOD(YEAR($O$2),1000)/100),HELPER!$A$3:$B$22,2,0)&" Ratus "))&IF(MOD(MOD(YEAR($O$2),1000),100)=0,"",IF(MOD(MOD(YEAR($O$2),1000),100)<20,VLOOKUP(MOD(MOD(YEAR($O$2),1000),100),HELPER!$A$3:$B$22,2,0),VLOOKUP(INT(MOD(MOD(YEAR($O$2),1000),100)/10),HELPER!$A$3:$B$22,2,0)&" Puluh "&IF(MOD(MOD(YEAR($O$2),1000),10)=0,"",VLOOKUP(MOD(MOD(YEAR($O$2),1000),10),HELPER!$A$3:$B$22,2,0)))))))
N7: Kalimat pembuka | O7: =IF($O$2="","","Pada hari ini "&$O$3&", tanggal "&$O$4&" bulan "&$O$5&" tahun "&$O$6&" ("&TEXT($O$2,"dd/mm/yyyy")&")")
A8: =IF($O$7="","",$O$7&", telah diterima alat :")
N9: Nilai diterima | O9: =$K$135
A10: I. | B10: Dari | C10: =": "&UPPER(INPUT!$B$24) | N10: Kelompok miliar | O10: =INT(ROUND($O$9,0)/1000000000)
C11: ="Sebagai Pihak Kedua" | N11: Kelompok juta | O11: =MOD(INT(ROUND($O$9,0)/1000000),1000)
A12: II. | B12: Kepada | C12: =": "&UPPER(INPUT!$B$6)&" Proyek Pekerjaan "&INPUT!$B$5 | N12: Kelompok ribu | O12: =MOD(INT(ROUND($O$9,0)/1000),1000)
C13: ="Sebagai Pihak Pertama" | N13: Kelompok satuan | O13: =MOD(ROUND($O$9,0),1000)
N14: Terbilang | O14: =IF(ROUND($O$9,0)=0,"== Nol Rupiah ==","== "&TRIM(IF($O$10=0,"",IF($O$10=0,"",IF(INT($O$10/100)=0,"",IF(INT($O$10/100)=1,"Seratus ",VLOOKUP(INT($O$10/100),HELPER!$A$3:$B$22,2,0)&" Ratus "))&IF(MOD($O$10,100)=0,"",IF(MOD($O$10,100)<20,VLOOKUP(MOD($O$10,100),HELPER!$A$3:$B$22,2,0),VLOOKUP(INT(MOD($O$10,100)/10),HELPER!$A$3:$B$22,2,0)&" Puluh "&IF(MOD($O$10,10)=0,"",VLOOKUP(MOD($O$10,10),HELPER!$A$3:$B$22,2,0)))))&" Miliar ")&IF($O$11=0,"",IF($O$11=1,"Satu Juta ",IF($O$11=0,"",IF(INT($O$11/100)=0,"",IF(INT($O$11/100)=1,"Seratus ",VLOOKUP(INT($O$11/100),HELPER!$A$3:$B$22,2,0)&" Ratus "))&IF(MOD($O$11,100)=0,"",IF(MOD($O$11,100)<20,VLOOKUP(MOD($O$11,100),HELPER!$A$3:$B$22,2,0),VLOOKUP(INT(MOD($O$11,100)/10),HELPER!$A$3:$B$22,2,0)&" Puluh "&IF(MOD($O$11,10)=0,"",VLOOKUP(MOD($O$11,10),HELPER!$A$3:$B$22,2,0)))))&" Juta "))&IF($O$12=0,"",IF($O$12=1,"Seribu ",IF($O$12=0,"",IF(INT($O$12/100)=0,"",IF(INT($O$12/100)=1,"Seratus ",VLOOKUP(INT($O$12/100),HELPER!$A$3:$B$22,2,0)&" Ratus "))&IF(MOD($O$12,100)=0,"",IF(MOD($O$12,100)<20,VLOOKUP(MOD($O$12,100),HELPER!$A$3:$B$22,2,0),VLOOKUP(INT(MOD($O$12,100)/10),HELPER!$A$3:$B$22,2,0)&" Puluh "&IF(MOD($O$12,10)=0,"",VLOOKUP(MOD($O$12,10),HELPER!$A$3:$B$22,2,0)))))&" Ribu "))&IF($O$13=0,"",IF(INT($O$13/100)=0,"",IF(INT($O$13/100)=1,"Seratus ",VLOOKUP(INT($O$13/100),HELPER!$A$3:$B$22,2,0)&" Ratus "))&IF(MOD($O$13,100)=0,"",IF(MOD($O$13,100)<20,VLOOKUP(MOD($O$13,100),HELPER!$A$3:$B$22,2,0),VLOOKUP(INT(MOD($O$13,100)/10),HELPER!$A$3:$B$22,2,0)&" Puluh "&IF(MOD($O$13,10)=0,"",VLOOKUP(MOD($O$13,10),HELPER!$A$3:$B$22,2,0))))))&" Rupiah ==")
A15: Menerangkan bahwa kedua belah pihak telah setuju dan sepakat melakukan pemeriksaan pengadaan dan serah terima berdasarkan :
A17: 1 | B17: Kontrak/SPM No. | C17: =": "&INPUT!$B$35&" Tanggal : "&TEXT(INPUT!$B$36,"dd mmmm yyyy")
A18: 2 | B18: Nilai Kontrak | C18: =": Rp "&HELPER!$I$28&" (Exclude PPN)"
A19: 3 | B19: Waktu Pelaksanaan | C19: =": "&TEXT(INPUT!$B$36,"dd mmmm yyyy")&" s/d "&TEXT(INPUT!$B$37,"dd mmmm yyyy")
A21: Dengan rincian sebagai berikut,
A23: NO. | B23: JENIS ITEM | D23: VOLUME KONTRAK | E23: SAT | F23: PROGRES REAL VOLUME | J23: HARGA (Rp) | K23: JUMLAH HARGA (Rp)
F24: YG LALU | G24: SAAT INI | H24: SD. SAAT INI | I24: SISA
A25: 1 | B25: 2 | D25: 3 | E25: 4 | F25: 5 | G25: 6 | H25: 7=5+6 | I25: 8=3-7 | J25: 9 | K25: 10 = 6 x 9
A26: =IF(ITEM!$B4="","",ITEM!$A4) | B26: =IF(ITEM!$B4="","",ITEM!$B4) | D26: =IF(ITEM!$B4="","",ITEM!$D4) | E26: =IF(ITEM!$B4="","",ITEM!$C4) | F26: {=IF(ITEM!$B4="","",SUMPRODUCT((COLUMN(ITEM!$G4:$J4)-COLUMN(ITEM!$G4)+1<$O$1)*ITEM!$G4:$J4))} | G26: {=IF(ITEM!$B4="","",INDEX(ITEM!$G4:$J4,1,$O$1))} | H26: =IF(ITEM!$B4="","",$F26+$G26) | I26: =IF(ITEM!$B4="","",$D26-$H26) | J26: =IF(ITEM!$B4="","",ITEM!$E4) | K26: =IF(ITEM!$B4="","",$G26*$J26)
A27: =IF(ITEM!$B5="","",ITEM!$A5) | B27: =IF(ITEM!$B5="","",ITEM!$B5) | D27: =IF(ITEM!$B5="","",ITEM!$D5) | E27: =IF(ITEM!$B5="","",ITEM!$C5) | F27: {=IF(ITEM!$B5="","",SUMPRODUCT((COLUMN(ITEM!$G5:$J5)-COLUMN(ITEM!$G5)+1<$O$1)*ITEM!$G5:$J5))} | G27: {=IF(ITEM!$B5="","",INDEX(ITEM!$G5:$J5,1,$O$1))} | H27: =IF(ITEM!$B5="","",$F27+$G27) | I27: =IF(ITEM!$B5="","",$D27-$H27) | J27: =IF(ITEM!$B5="","",ITEM!$E5) | K27: =IF(ITEM!$B5="","",$G27*$J27)
A28: =IF(ITEM!$B6="","",ITEM!$A6) | B28: =IF(ITEM!$B6="","",ITEM!$B6) | D28: =IF(ITEM!$B6="","",ITEM!$D6) | E28: =IF(ITEM!$B6="","",ITEM!$C6) | F28: {=IF(ITEM!$B6="","",SUMPRODUCT((COLUMN(ITEM!$G6:$J6)-COLUMN(ITEM!$G6)+1<$O$1)*ITEM!$G6:$J6))} | G28: {=IF(ITEM!$B6="","",INDEX(ITEM!$G6:$J6,1,$O$1))} | H28: =IF(ITEM!$B6="","",$F28+$G28) | I28: =IF(ITEM!$B6="","",$D28-$H28) | J28: =IF(ITEM!$B6="","",ITEM!$E6) | K28: =IF(ITEM!$B6="","",$G28*$J28)
A29: =IF(ITEM!$B7="","",ITEM!$A7) | B29: =IF(ITEM!$B7="","",ITEM!$B7) | D29: =IF(ITEM!$B7="","",ITEM!$D7) | E29: =IF(ITEM!$B7="","",ITEM!$C7) | F29: {=IF(ITEM!$B7="","",SUMPRODUCT((COLUMN(ITEM!$G7:$J7)-COLUMN(ITEM!$G7)+1<$O$1)*ITEM!$G7:$J7))} | G29: {=IF(ITEM!$B7="","",INDEX(ITEM!$G7:$J7,1,$O$1))} | H29: =IF(ITEM!$B7="","",$F29+$G29) | I29: =IF(ITEM!$B7="","",$D29-$H29) | J29: =IF(ITEM!$B7="","",ITEM!$E7) | K29: =IF(ITEM!$B7="","",$G29*$J29)
A30: =IF(ITEM!$B8="","",ITEM!$A8) | B30: =IF(ITEM!$B8="","",ITEM!$B8) | D30: =IF(ITEM!$B8="","",ITEM!$D8) | E30: =IF(ITEM!$B8="","",ITEM!$C8) | F30: {=IF(ITEM!$B8="","",SUMPRODUCT((COLUMN(ITEM!$G8:$J8)-COLUMN(ITEM!$G8)+1<$O$1)*ITEM!$G8:$J8))} | G30: {=IF(ITEM!$B8="","",INDEX(ITEM!$G8:$J8,1,$O$1))} | H30: =IF(ITEM!$B8="","",$F30+$G30) | I30: =IF(ITEM!$B8="","",$D30-$H30) | J30: =IF(ITEM!$B8="","",ITEM!$E8) | K30: =IF(ITEM!$B8="","",$G30*$J30)
A31: =IF(ITEM!$B9="","",ITEM!$A9) | B31: =IF(ITEM!$B9="","",ITEM!$B9) | D31: =IF(ITEM!$B9="","",ITEM!$D9) | E31: =IF(ITEM!$B9="","",ITEM!$C9) | F31: {=IF(ITEM!$B9="","",SUMPRODUCT((COLUMN(ITEM!$G9:$J9)-COLUMN(ITEM!$G9)+1<$O$1)*ITEM!$G9:$J9))} | G31: {=IF(ITEM!$B9="","",INDEX(ITEM!$G9:$J9,1,$O$1))} | H31: =IF(ITEM!$B9="","",$F31+$G31) | I31: =IF(ITEM!$B9="","",$D31-$H31) | J31: =IF(ITEM!$B9="","",ITEM!$E9) | K31: =IF(ITEM!$B9="","",$G31*$J31)
A32: =IF(ITEM!$B10="","",ITEM!$A10) | B32: =IF(ITEM!$B10="","",ITEM!$B10) | D32: =IF(ITEM!$B10="","",ITEM!$D10) | E32: =IF(ITEM!$B10="","",ITEM!$C10) | F32: {=IF(ITEM!$B10="","",SUMPRODUCT((COLUMN(ITEM!$G10:$J10)-COLUMN(ITEM!$G10)+1<$O$1)*ITEM!$G10:$J10))} | G32: {=IF(ITEM!$B10="","",INDEX(ITEM!$G10:$J10,1,$O$1))} | H32: =IF(ITEM!$B10="","",$F32+$G32) | I32: =IF(ITEM!$B10="","",$D32-$H32) | J32: =IF(ITEM!$B10="","",ITEM!$E10) | K32: =IF(ITEM!$B10="","",$G32*$J32)
A33: =IF(ITEM!$B11="","",ITEM!$A11) | B33: =IF(ITEM!$B11="","",ITEM!$B11) | D33: =IF(ITEM!$B11="","",ITEM!$D11) | E33: =IF(ITEM!$B11="","",ITEM!$C11) | F33: {=IF(ITEM!$B11="","",SUMPRODUCT((COLUMN(ITEM!$G11:$J11)-COLUMN(ITEM!$G11)+1<$O$1)*ITEM!$G11:$J11))} | G33: {=IF(ITEM!$B11="","",INDEX(ITEM!$G11:$J11,1,$O$1))} | H33: =IF(ITEM!$B11="","",$F33+$G33) | I33: =IF(ITEM!$B11="","",$D33-$H33) | J33: =IF(ITEM!$B11="","",ITEM!$E11) | K33: =IF(ITEM!$B11="","",$G33*$J33)
A34: =IF(ITEM!$B12="","",ITEM!$A12) | B34: =IF(ITEM!$B12="","",ITEM!$B12) | D34: =IF(ITEM!$B12="","",ITEM!$D12) | E34: =IF(ITEM!$B12="","",ITEM!$C12) | F34: {=IF(ITEM!$B12="","",SUMPRODUCT((COLUMN(ITEM!$G12:$J12)-COLUMN(ITEM!$G12)+1<$O$1)*ITEM!$G12:$J12))} | G34: {=IF(ITEM!$B12="","",INDEX(ITEM!$G12:$J12,1,$O$1))} | H34: =IF(ITEM!$B12="","",$F34+$G34) | I34: =IF(ITEM!$B12="","",$D34-$H34) | J34: =IF(ITEM!$B12="","",ITEM!$E12) | K34: =IF(ITEM!$B12="","",$G34*$J34)
A35: =IF(ITEM!$B13="","",ITEM!$A13) | B35: =IF(ITEM!$B13="","",ITEM!$B13) | D35: =IF(ITEM!$B13="","",ITEM!$D13) | E35: =IF(ITEM!$B13="","",ITEM!$C13) | F35: {=IF(ITEM!$B13="","",SUMPRODUCT((COLUMN(ITEM!$G13:$J13)-COLUMN(ITEM!$G13)+1<$O$1)*ITEM!$G13:$J13))} | G35: {=IF(ITEM!$B13="","",INDEX(ITEM!$G13:$J13,1,$O$1))} | H35: =IF(ITEM!$B13="","",$F35+$G35) | I35: =IF(ITEM!$B13="","",$D35-$H35) | J35: =IF(ITEM!$B13="","",ITEM!$E13) | K35: =IF(ITEM!$B13="","",$G35*$J35)
A36: =IF(ITEM!$B14="","",ITEM!$A14) | B36: =IF(ITEM!$B14="","",ITEM!$B14) | D36: =IF(ITEM!$B14="","",ITEM!$D14) | E36: =IF(ITEM!$B14="","",ITEM!$C14) | F36: {=IF(ITEM!$B14="","",SUMPRODUCT((COLUMN(ITEM!$G14:$J14)-COLUMN(ITEM!$G14)+1<$O$1)*ITEM!$G14:$J14))} | G36: {=IF(ITEM!$B14="","",INDEX(ITEM!$G14:$J14,1,$O$1))} | H36: =IF(ITEM!$B14="","",$F36+$G36) | I36: =IF(ITEM!$B14="","",$D36-$H36) | J36: =IF(ITEM!$B14="","",ITEM!$E14) | K36: =IF(ITEM!$B14="","",$G36*$J36)
A37: =IF(ITEM!$B15="","",ITEM!$A15) | B37: =IF(ITEM!$B15="","",ITEM!$B15) | D37: =IF(ITEM!$B15="","",ITEM!$D15) | E37: =IF(ITEM!$B15="","",ITEM!$C15) | F37: {=IF(ITEM!$B15="","",SUMPRODUCT((COLUMN(ITEM!$G15:$J15)-COLUMN(ITEM!$G15)+1<$O$1)*ITEM!$G15:$J15))} | G37: {=IF(ITEM!$B15="","",INDEX(ITEM!$G15:$J15,1,$O$1))} | H37: =IF(ITEM!$B15="","",$F37+$G37) | I37: =IF(ITEM!$B15="","",$D37-$H37) | J37: =IF(ITEM!$B15="","",ITEM!$E15) | K37: =IF(ITEM!$B15="","",$G37*$J37)
... A125: =IF(ITEM!$B103="","",ITEM!$A103) | B125: =IF(ITEM!$B103="","",ITEM!$B103) | D125: =IF(ITEM!$B103="","",ITEM!$D103) | E125: =IF(ITEM!$B103="","",ITEM!$C103) | F125: {=IF(ITEM!$B103="","",SUMPRODUCT((COLUMN(ITEM!$G103:$J103)-COLUMN(ITEM!$G103)+1<$O$1)*ITEM!$G103:$J103))} | G125: {=IF(ITEM!$B103="","",INDEX(ITEM!$G103:$J103,1,$O$1))} | H125: =IF(ITEM!$B103="","",$F125+$G125) | I125: =IF(ITEM!$B103="","",$D125-$H125) | J125: =IF(ITEM!$B103="","",ITEM!$E103) | K125: =IF(ITEM!$B103="","",$G125*$J125)
A126: JUMLAH | K126: =SUM(K26:K125)
A128: Maka Pihak Kedua berhak menerima pembayaran dengan perhitungan sebagai berikut :
A129: 1 | B129: Prestasi s/d saat ini | G129: : | H129: =IF(ITEM!$C$107=0,0,SUMPRODUCT($H$26:$H$125,$J$26:$J$125)/ITEM!$C$107) | I129: = | K129: =ROUND(H129*ITEM!$C$107,0)
A130: 2 | B130: Prestasi yang lalu | G130: : | H130: =IF(ITEM!$C$107=0,0,SUMPRODUCT($F$26:$F$125,$J$26:$J$125)/ITEM!$C$107) | I130: = | K130: =ROUND(H130*ITEM!$C$107,0)
A131: 3 | B131: Prestasi yang dapat dibayarkan | G131: : | H131: =H129-H130 | I131: = | K131: =K129-K130
A132: 4 | B132: Potongan :
B133: - Uang Muka | G133: : | H133: =INPUT!$B$47 | I133: = | J133: (-) | K133: =-ROUND(H133*K131,0)
B134: - Retensi | G134: : | H134: =INPUT!$B$46 | I134: = | J134: (-) | K134: =-ROUND(H134*K131,0)
A135: 5 | B135: Jumlah pembayaran yang diterima | G135: : | I135: = | K135: =K131+K133+K134
B137: Terbilang | C137: =": "&$O$14
A139: Material tersebut diatas dalam kondisi baik, perlengkapan serta surat-surat terlampir.
B141: ="Mengetahui," | F141: Yang Menerima, | I141: Yang Menyerahkan,
B142: =UPPER(INPUT!$B$6) | F142: =UPPER(INPUT!$B$6) | I142: =UPPER(INPUT!$B$24)
B146: =INPUT!$B$9 | F146: =INPUT!$B$12 | I146: =INPUT!$B$23
B147: =INPUT!$B$11 | F147: =INPUT!$B$13 | I147: Direktur
A149: Catatan :
A150: BAPM ini harus dilampirkan pada saat permintaan pembayaran.

Sheet BAPM 3
N1: TERMIN SHEET INI (jangan diubah kecuali perlu) | O1: 3
N2: Tanggal BAPM/BAP | O2: {=IF(IFERROR(INDEX(INPUT!$B$55:$B$58,$O$1),0)=0,"",INDEX(INPUT!$B$55:$B$58,$O$1))}
N3: Hari | O3: =IF($O$2="","",TEXT($O$2,"dddd"))
N4: Tanggal (huruf) | O4: =IF($O$2="","",IF(DAY($O$2)<20,VLOOKUP(DAY($O$2),HELPER!$A$3:$B$22,2,0),IF(DAY($O$2)<30,TRIM("Dua Puluh "&VLOOKUP(DAY($O$2)-20,HELPER!$A$3:$B$22,2,0)),TRIM("Tiga Puluh "&VLOOKUP(DAY($O$2)-30,HELPER!$A$3:$B$22,2,0)))))
A5: BERITA ACARA PENERIMAAN MATERIAL (BAPM) | N5: Bulan | O5: =IF($O$2="","",TEXT($O$2,"mmmm"))
A6: {=IF($O$2="","","Nomor : "&INDEX(INPUT!$C$55:$C$58,$O$1))} | N6: Tahun (huruf) | O6: =IF($O$2="","",TRIM(IF(INT(YEAR($O$2)/1000)=1,"Seribu ",IF(INT(YEAR($O$2)/1000)=0,"",IF(INT(INT(YEAR($O$2)/1000)/100)=0,"",IF(INT(INT(YEAR($O$2)/1000)/100)=1,"Seratus ",VLOOKUP(INT(INT(YEAR($O$2)/1000)/100),HELPER!$A$3:$B$22,2,0)&" Ratus "))&IF(MOD(INT(YEAR($O$2)/1000),100)=0,"",IF(MOD(INT(YEAR($O$2)/1000),100)<20,VLOOKUP(MOD(INT(YEAR($O$2)/1000),100),HELPER!$A$3:$B$22,2,0),VLOOKUP(INT(MOD(INT(YEAR($O$2)/1000),100)/10),HELPER!$A$3:$B$22,2,0)&" Puluh "&IF(MOD(INT(YEAR($O$2)/1000),10)=0,"",VLOOKUP(MOD(INT(YEAR($O$2)/1000),10),HELPER!$A$3:$B$22,2,0)))))&" Ribu ")&IF(MOD(YEAR($O$2),1000)=0,"",IF(INT(MOD(YEAR($O$2),1000)/100)=0,"",IF(INT(MOD(YEAR($O$2),1000)/100)=1,"Seratus ",VLOOKUP(INT(MOD(YEAR($O$2),1000)/100),HELPER!$A$3:$B$22,2,0)&" Ratus "))&IF(MOD(MOD(YEAR($O$2),1000),100)=0,"",IF(MOD(MOD(YEAR($O$2),1000),100)<20,VLOOKUP(MOD(MOD(YEAR($O$2),1000),100),HELPER!$A$3:$B$22,2,0),VLOOKUP(INT(MOD(MOD(YEAR($O$2),1000),100)/10),HELPER!$A$3:$B$22,2,0)&" Puluh "&IF(MOD(MOD(YEAR($O$2),1000),10)=0,"",VLOOKUP(MOD(MOD(YEAR($O$2),1000),10),HELPER!$A$3:$B$22,2,0)))))))
N7: Kalimat pembuka | O7: =IF($O$2="","","Pada hari ini "&$O$3&", tanggal "&$O$4&" bulan "&$O$5&" tahun "&$O$6&" ("&TEXT($O$2,"dd/mm/yyyy")&")")
A8: =IF($O$7="","",$O$7&", telah diterima alat :")
N9: Nilai diterima | O9: =$K$135
A10: I. | B10: Dari | C10: =": "&UPPER(INPUT!$B$24) | N10: Kelompok miliar | O10: =INT(ROUND($O$9,0)/1000000000)
C11: ="Sebagai Pihak Kedua" | N11: Kelompok juta | O11: =MOD(INT(ROUND($O$9,0)/1000000),1000)
A12: II. | B12: Kepada | C12: =": "&UPPER(INPUT!$B$6)&" Proyek Pekerjaan "&INPUT!$B$5 | N12: Kelompok ribu | O12: =MOD(INT(ROUND($O$9,0)/1000),1000)
C13: ="Sebagai Pihak Pertama" | N13: Kelompok satuan | O13: =MOD(ROUND($O$9,0),1000)
N14: Terbilang | O14: =IF(ROUND($O$9,0)=0,"== Nol Rupiah ==","== "&TRIM(IF($O$10=0,"",IF($O$10=0,"",IF(INT($O$10/100)=0,"",IF(INT($O$10/100)=1,"Seratus ",VLOOKUP(INT($O$10/100),HELPER!$A$3:$B$22,2,0)&" Ratus "))&IF(MOD($O$10,100)=0,"",IF(MOD($O$10,100)<20,VLOOKUP(MOD($O$10,100),HELPER!$A$3:$B$22,2,0),VLOOKUP(INT(MOD($O$10,100)/10),HELPER!$A$3:$B$22,2,0)&" Puluh "&IF(MOD($O$10,10)=0,"",VLOOKUP(MOD($O$10,10),HELPER!$A$3:$B$22,2,0)))))&" Miliar ")&IF($O$11=0,"",IF($O$11=1,"Satu Juta ",IF($O$11=0,"",IF(INT($O$11/100)=0,"",IF(INT($O$11/100)=1,"Seratus ",VLOOKUP(INT($O$11/100),HELPER!$A$3:$B$22,2,0)&" Ratus "))&IF(MOD($O$11,100)=0,"",IF(MOD($O$11,100)<20,VLOOKUP(MOD($O$11,100),HELPER!$A$3:$B$22,2,0),VLOOKUP(INT(MOD($O$11,100)/10),HELPER!$A$3:$B$22,2,0)&" Puluh "&IF(MOD($O$11,10)=0,"",VLOOKUP(MOD($O$11,10),HELPER!$A$3:$B$22,2,0)))))&" Juta "))&IF($O$12=0,"",IF($O$12=1,"Seribu ",IF($O$12=0,"",IF(INT($O$12/100)=0,"",IF(INT($O$12/100)=1,"Seratus ",VLOOKUP(INT($O$12/100),HELPER!$A$3:$B$22,2,0)&" Ratus "))&IF(MOD($O$12,100)=0,"",IF(MOD($O$12,100)<20,VLOOKUP(MOD($O$12,100),HELPER!$A$3:$B$22,2,0),VLOOKUP(INT(MOD($O$12,100)/10),HELPER!$A$3:$B$22,2,0)&" Puluh "&IF(MOD($O$12,10)=0,"",VLOOKUP(MOD($O$12,10),HELPER!$A$3:$B$22,2,0)))))&" Ribu "))&IF($O$13=0,"",IF(INT($O$13/100)=0,"",IF(INT($O$13/100)=1,"Seratus ",VLOOKUP(INT($O$13/100),HELPER!$A$3:$B$22,2,0)&" Ratus "))&IF(MOD($O$13,100)=0,"",IF(MOD($O$13,100)<20,VLOOKUP(MOD($O$13,100),HELPER!$A$3:$B$22,2,0),VLOOKUP(INT(MOD($O$13,100)/10),HELPER!$A$3:$B$22,2,0)&" Puluh "&IF(MOD($O$13,10)=0,"",VLOOKUP(MOD($O$13,10),HELPER!$A$3:$B$22,2,0))))))&" Rupiah ==")
A15: Menerangkan bahwa kedua belah pihak telah setuju dan sepakat melakukan pemeriksaan pengadaan dan serah terima berdasarkan :
A17: 1 | B17: Kontrak/SPM No. | C17: =": "&INPUT!$B$35&" Tanggal : "&TEXT(INPUT!$B$36,"dd mmmm yyyy")
A18: 2 | B18: Nilai Kontrak | C18: =": Rp "&HELPER!$I$28&" (Exclude PPN)"
A19: 3 | B19: Waktu Pelaksanaan | C19: =": "&TEXT(INPUT!$B$36,"dd mmmm yyyy")&" s/d "&TEXT(INPUT!$B$37,"dd mmmm yyyy")
A21: Dengan rincian sebagai berikut,
A23: NO. | B23: JENIS ITEM | D23: VOLUME KONTRAK | E23: SAT | F23: PROGRES REAL VOLUME | J23: HARGA (Rp) | K23: JUMLAH HARGA (Rp)
F24: YG LALU | G24: SAAT INI | H24: SD. SAAT INI | I24: SISA
A25: 1 | B25: 2 | D25: 3 | E25: 4 | F25: 5 | G25: 6 | H25: 7=5+6 | I25: 8=3-7 | J25: 9 | K25: 10 = 6 x 9
A26: =IF(ITEM!$B4="","",ITEM!$A4) | B26: =IF(ITEM!$B4="","",ITEM!$B4) | D26: =IF(ITEM!$B4="","",ITEM!$D4) | E26: =IF(ITEM!$B4="","",ITEM!$C4) | F26: {=IF(ITEM!$B4="","",SUMPRODUCT((COLUMN(ITEM!$G4:$J4)-COLUMN(ITEM!$G4)+1<$O$1)*ITEM!$G4:$J4))} | G26: {=IF(ITEM!$B4="","",INDEX(ITEM!$G4:$J4,1,$O$1))} | H26: =IF(ITEM!$B4="","",$F26+$G26) | I26: =IF(ITEM!$B4="","",$D26-$H26) | J26: =IF(ITEM!$B4="","",ITEM!$E4) | K26: =IF(ITEM!$B4="","",$G26*$J26)
A27: =IF(ITEM!$B5="","",ITEM!$A5) | B27: =IF(ITEM!$B5="","",ITEM!$B5) | D27: =IF(ITEM!$B5="","",ITEM!$D5) | E27: =IF(ITEM!$B5="","",ITEM!$C5) | F27: {=IF(ITEM!$B5="","",SUMPRODUCT((COLUMN(ITEM!$G5:$J5)-COLUMN(ITEM!$G5)+1<$O$1)*ITEM!$G5:$J5))} | G27: {=IF(ITEM!$B5="","",INDEX(ITEM!$G5:$J5,1,$O$1))} | H27: =IF(ITEM!$B5="","",$F27+$G27) | I27: =IF(ITEM!$B5="","",$D27-$H27) | J27: =IF(ITEM!$B5="","",ITEM!$E5) | K27: =IF(ITEM!$B5="","",$G27*$J27)
A28: =IF(ITEM!$B6="","",ITEM!$A6) | B28: =IF(ITEM!$B6="","",ITEM!$B6) | D28: =IF(ITEM!$B6="","",ITEM!$D6) | E28: =IF(ITEM!$B6="","",ITEM!$C6) | F28: {=IF(ITEM!$B6="","",SUMPRODUCT((COLUMN(ITEM!$G6:$J6)-COLUMN(ITEM!$G6)+1<$O$1)*ITEM!$G6:$J6))} | G28: {=IF(ITEM!$B6="","",INDEX(ITEM!$G6:$J6,1,$O$1))} | H28: =IF(ITEM!$B6="","",$F28+$G28) | I28: =IF(ITEM!$B6="","",$D28-$H28) | J28: =IF(ITEM!$B6="","",ITEM!$E6) | K28: =IF(ITEM!$B6="","",$G28*$J28)
A29: =IF(ITEM!$B7="","",ITEM!$A7) | B29: =IF(ITEM!$B7="","",ITEM!$B7) | D29: =IF(ITEM!$B7="","",ITEM!$D7) | E29: =IF(ITEM!$B7="","",ITEM!$C7) | F29: {=IF(ITEM!$B7="","",SUMPRODUCT((COLUMN(ITEM!$G7:$J7)-COLUMN(ITEM!$G7)+1<$O$1)*ITEM!$G7:$J7))} | G29: {=IF(ITEM!$B7="","",INDEX(ITEM!$G7:$J7,1,$O$1))} | H29: =IF(ITEM!$B7="","",$F29+$G29) | I29: =IF(ITEM!$B7="","",$D29-$H29) | J29: =IF(ITEM!$B7="","",ITEM!$E7) | K29: =IF(ITEM!$B7="","",$G29*$J29)
A30: =IF(ITEM!$B8="","",ITEM!$A8) | B30: =IF(ITEM!$B8="","",ITEM!$B8) | D30: =IF(ITEM!$B8="","",ITEM!$D8) | E30: =IF(ITEM!$B8="","",ITEM!$C8) | F30: {=IF(ITEM!$B8="","",SUMPRODUCT((COLUMN(ITEM!$G8:$J8)-COLUMN(ITEM!$G8)+1<$O$1)*ITEM!$G8:$J8))} | G30: {=IF(ITEM!$B8="","",INDEX(ITEM!$G8:$J8,1,$O$1))} | H30: =IF(ITEM!$B8="","",$F30+$G30) | I30: =IF(ITEM!$B8="","",$D30-$H30) | J30: =IF(ITEM!$B8="","",ITEM!$E8) | K30: =IF(ITEM!$B8="","",$G30*$J30)
A31: =IF(ITEM!$B9="","",ITEM!$A9) | B31: =IF(ITEM!$B9="","",ITEM!$B9) | D31: =IF(ITEM!$B9="","",ITEM!$D9) | E31: =IF(ITEM!$B9="","",ITEM!$C9) | F31: {=IF(ITEM!$B9="","",SUMPRODUCT((COLUMN(ITEM!$G9:$J9)-COLUMN(ITEM!$G9)+1<$O$1)*ITEM!$G9:$J9))} | G31: {=IF(ITEM!$B9="","",INDEX(ITEM!$G9:$J9,1,$O$1))} | H31: =IF(ITEM!$B9="","",$F31+$G31) | I31: =IF(ITEM!$B9="","",$D31-$H31) | J31: =IF(ITEM!$B9="","",ITEM!$E9) | K31: =IF(ITEM!$B9="","",$G31*$J31)
A32: =IF(ITEM!$B10="","",ITEM!$A10) | B32: =IF(ITEM!$B10="","",ITEM!$B10) | D32: =IF(ITEM!$B10="","",ITEM!$D10) | E32: =IF(ITEM!$B10="","",ITEM!$C10) | F32: {=IF(ITEM!$B10="","",SUMPRODUCT((COLUMN(ITEM!$G10:$J10)-COLUMN(ITEM!$G10)+1<$O$1)*ITEM!$G10:$J10))} | G32: {=IF(ITEM!$B10="","",INDEX(ITEM!$G10:$J10,1,$O$1))} | H32: =IF(ITEM!$B10="","",$F32+$G32) | I32: =IF(ITEM!$B10="","",$D32-$H32) | J32: =IF(ITEM!$B10="","",ITEM!$E10) | K32: =IF(ITEM!$B10="","",$G32*$J32)
A33: =IF(ITEM!$B11="","",ITEM!$A11) | B33: =IF(ITEM!$B11="","",ITEM!$B11) | D33: =IF(ITEM!$B11="","",ITEM!$D11) | E33: =IF(ITEM!$B11="","",ITEM!$C11) | F33: {=IF(ITEM!$B11="","",SUMPRODUCT((COLUMN(ITEM!$G11:$J11)-COLUMN(ITEM!$G11)+1<$O$1)*ITEM!$G11:$J11))} | G33: {=IF(ITEM!$B11="","",INDEX(ITEM!$G11:$J11,1,$O$1))} | H33: =IF(ITEM!$B11="","",$F33+$G33) | I33: =IF(ITEM!$B11="","",$D33-$H33) | J33: =IF(ITEM!$B11="","",ITEM!$E11) | K33: =IF(ITEM!$B11="","",$G33*$J33)
A34: =IF(ITEM!$B12="","",ITEM!$A12) | B34: =IF(ITEM!$B12="","",ITEM!$B12) | D34: =IF(ITEM!$B12="","",ITEM!$D12) | E34: =IF(ITEM!$B12="","",ITEM!$C12) | F34: {=IF(ITEM!$B12="","",SUMPRODUCT((COLUMN(ITEM!$G12:$J12)-COLUMN(ITEM!$G12)+1<$O$1)*ITEM!$G12:$J12))} | G34: {=IF(ITEM!$B12="","",INDEX(ITEM!$G12:$J12,1,$O$1))} | H34: =IF(ITEM!$B12="","",$F34+$G34) | I34: =IF(ITEM!$B12="","",$D34-$H34) | J34: =IF(ITEM!$B12="","",ITEM!$E12) | K34: =IF(ITEM!$B12="","",$G34*$J34)
A35: =IF(ITEM!$B13="","",ITEM!$A13) | B35: =IF(ITEM!$B13="","",ITEM!$B13) | D35: =IF(ITEM!$B13="","",ITEM!$D13) | E35: =IF(ITEM!$B13="","",ITEM!$C13) | F35: {=IF(ITEM!$B13="","",SUMPRODUCT((COLUMN(ITEM!$G13:$J13)-COLUMN(ITEM!$G13)+1<$O$1)*ITEM!$G13:$J13))} | G35: {=IF(ITEM!$B13="","",INDEX(ITEM!$G13:$J13,1,$O$1))} | H35: =IF(ITEM!$B13="","",$F35+$G35) | I35: =IF(ITEM!$B13="","",$D35-$H35) | J35: =IF(ITEM!$B13="","",ITEM!$E13) | K35: =IF(ITEM!$B13="","",$G35*$J35)
A36: =IF(ITEM!$B14="","",ITEM!$A14) | B36: =IF(ITEM!$B14="","",ITEM!$B14) | D36: =IF(ITEM!$B14="","",ITEM!$D14) | E36: =IF(ITEM!$B14="","",ITEM!$C14) | F36: {=IF(ITEM!$B14="","",SUMPRODUCT((COLUMN(ITEM!$G14:$J14)-COLUMN(ITEM!$G14)+1<$O$1)*ITEM!$G14:$J14))} | G36: {=IF(ITEM!$B14="","",INDEX(ITEM!$G14:$J14,1,$O$1))} | H36: =IF(ITEM!$B14="","",$F36+$G36) | I36: =IF(ITEM!$B14="","",$D36-$H36) | J36: =IF(ITEM!$B14="","",ITEM!$E14) | K36: =IF(ITEM!$B14="","",$G36*$J36)
A37: =IF(ITEM!$B15="","",ITEM!$A15) | B37: =IF(ITEM!$B15="","",ITEM!$B15) | D37: =IF(ITEM!$B15="","",ITEM!$D15) | E37: =IF(ITEM!$B15="","",ITEM!$C15) | F37: {=IF(ITEM!$B15="","",SUMPRODUCT((COLUMN(ITEM!$G15:$J15)-COLUMN(ITEM!$G15)+1<$O$1)*ITEM!$G15:$J15))} | G37: {=IF(ITEM!$B15="","",INDEX(ITEM!$G15:$J15,1,$O$1))} | H37: =IF(ITEM!$B15="","",$F37+$G37) | I37: =IF(ITEM!$B15="","",$D37-$H37) | J37: =IF(ITEM!$B15="","",ITEM!$E15) | K37: =IF(ITEM!$B15="","",$G37*$J37)
... A125: =IF(ITEM!$B103="","",ITEM!$A103) | B125: =IF(ITEM!$B103="","",ITEM!$B103) | D125: =IF(ITEM!$B103="","",ITEM!$D103) | E125: =IF(ITEM!$B103="","",ITEM!$C103) | F125: {=IF(ITEM!$B103="","",SUMPRODUCT((COLUMN(ITEM!$G103:$J103)-COLUMN(ITEM!$G103)+1<$O$1)*ITEM!$G103:$J103))} | G125: {=IF(ITEM!$B103="","",INDEX(ITEM!$G103:$J103,1,$O$1))} | H125: =IF(ITEM!$B103="","",$F125+$G125) | I125: =IF(ITEM!$B103="","",$D125-$H125) | J125: =IF(ITEM!$B103="","",ITEM!$E103) | K125: =IF(ITEM!$B103="","",$G125*$J125)
A126: JUMLAH | K126: =SUM(K26:K125)
A128: Maka Pihak Kedua berhak menerima pembayaran dengan perhitungan sebagai berikut :
A129: 1 | B129: Prestasi s/d saat ini | G129: : | H129: =IF(ITEM!$C$107=0,0,SUMPRODUCT($H$26:$H$125,$J$26:$J$125)/ITEM!$C$107) | I129: = | K129: =ROUND(H129*ITEM!$C$107,0)
A130: 2 | B130: Prestasi yang lalu | G130: : | H130: =IF(ITEM!$C$107=0,0,SUMPRODUCT($F$26:$F$125,$J$26:$J$125)/ITEM!$C$107) | I130: = | K130: =ROUND(H130*ITEM!$C$107,0)
A131: 3 | B131: Prestasi yang dapat dibayarkan | G131: : | H131: =H129-H130 | I131: = | K131: =K129-K130
A132: 4 | B132: Potongan :
B133: - Uang Muka | G133: : | H133: =INPUT!$B$47 | I133: = | J133: (-) | K133: =-ROUND(H133*K131,0)
B134: - Retensi | G134: : | H134: =INPUT!$B$46 | I134: = | J134: (-) | K134: =-ROUND(H134*K131,0)
A135: 5 | B135: Jumlah pembayaran yang diterima | G135: : | I135: = | K135: =K131+K133+K134
B137: Terbilang | C137: =": "&$O$14
A139: Material tersebut diatas dalam kondisi baik, perlengkapan serta surat-surat terlampir.
B141: ="Mengetahui," | F141: Yang Menerima, | I141: Yang Menyerahkan,
B142: =UPPER(INPUT!$B$6) | F142: =UPPER(INPUT!$B$6) | I142: =UPPER(INPUT!$B$24)
B146: =INPUT!$B$9 | F146: =INPUT!$B$12 | I146: =INPUT!$B$23
B147: =INPUT!$B$11 | F147: =INPUT!$B$13 | I147: Direktur
A149: Catatan :
A150: BAPM ini harus dilampirkan pada saat permintaan pembayaran.

Sheet BAPM 4
N1: TERMIN SHEET INI (jangan diubah kecuali perlu) | O1: 4
N2: Tanggal BAPM/BAP | O2: {=IF(IFERROR(INDEX(INPUT!$B$55:$B$58,$O$1),0)=0,"",INDEX(INPUT!$B$55:$B$58,$O$1))}
N3: Hari | O3: =IF($O$2="","",TEXT($O$2,"dddd"))
N4: Tanggal (huruf) | O4: =IF($O$2="","",IF(DAY($O$2)<20,VLOOKUP(DAY($O$2),HELPER!$A$3:$B$22,2,0),IF(DAY($O$2)<30,TRIM("Dua Puluh "&VLOOKUP(DAY($O$2)-20,HELPER!$A$3:$B$22,2,0)),TRIM("Tiga Puluh "&VLOOKUP(DAY($O$2)-30,HELPER!$A$3:$B$22,2,0)))))
A5: BERITA ACARA PENERIMAAN MATERIAL (BAPM) | N5: Bulan | O5: =IF($O$2="","",TEXT($O$2,"mmmm"))
A6: {=IF($O$2="","","Nomor : "&INDEX(INPUT!$C$55:$C$58,$O$1))} | N6: Tahun (huruf) | O6: =IF($O$2="","",TRIM(IF(INT(YEAR($O$2)/1000)=1,"Seribu ",IF(INT(YEAR($O$2)/1000)=0,"",IF(INT(INT(YEAR($O$2)/1000)/100)=0,"",IF(INT(INT(YEAR($O$2)/1000)/100)=1,"Seratus ",VLOOKUP(INT(INT(YEAR($O$2)/1000)/100),HELPER!$A$3:$B$22,2,0)&" Ratus "))&IF(MOD(INT(YEAR($O$2)/1000),100)=0,"",IF(MOD(INT(YEAR($O$2)/1000),100)<20,VLOOKUP(MOD(INT(YEAR($O$2)/1000),100),HELPER!$A$3:$B$22,2,0),VLOOKUP(INT(MOD(INT(YEAR($O$2)/1000),100)/10),HELPER!$A$3:$B$22,2,0)&" Puluh "&IF(MOD(INT(YEAR($O$2)/1000),10)=0,"",VLOOKUP(MOD(INT(YEAR($O$2)/1000),10),HELPER!$A$3:$B$22,2,0)))))&" Ribu ")&IF(MOD(YEAR($O$2),1000)=0,"",IF(INT(MOD(YEAR($O$2),1000)/100)=0,"",IF(INT(MOD(YEAR($O$2),1000)/100)=1,"Seratus ",VLOOKUP(INT(MOD(YEAR($O$2),1000)/100),HELPER!$A$3:$B$22,2,0)&" Ratus "))&IF(MOD(MOD(YEAR($O$2),1000),100)=0,"",IF(MOD(MOD(YEAR($O$2),1000),100)<20,VLOOKUP(MOD(MOD(YEAR($O$2),1000),100),HELPER!$A$3:$B$22,2,0),VLOOKUP(INT(MOD(MOD(YEAR($O$2),1000),100)/10),HELPER!$A$3:$B$22,2,0)&" Puluh "&IF(MOD(MOD(YEAR($O$2),1000),10)=0,"",VLOOKUP(MOD(MOD(YEAR($O$2),1000),10),HELPER!$A$3:$B$22,2,0)))))))
N7: Kalimat pembuka | O7: =IF($O$2="","","Pada hari ini "&$O$3&", tanggal "&$O$4&" bulan "&$O$5&" tahun "&$O$6&" ("&TEXT($O$2,"dd/mm/yyyy")&")")
A8: =IF($O$7="","",$O$7&", telah diterima alat :")
N9: Nilai diterima | O9: =$K$135
A10: I. | B10: Dari | C10: =": "&UPPER(INPUT!$B$24) | N10: Kelompok miliar | O10: =INT(ROUND($O$9,0)/1000000000)
C11: ="Sebagai Pihak Kedua" | N11: Kelompok juta | O11: =MOD(INT(ROUND($O$9,0)/1000000),1000)
A12: II. | B12: Kepada | C12: =": "&UPPER(INPUT!$B$6)&" Proyek Pekerjaan "&INPUT!$B$5 | N12: Kelompok ribu | O12: =MOD(INT(ROUND($O$9,0)/1000),1000)
C13: ="Sebagai Pihak Pertama" | N13: Kelompok satuan | O13: =MOD(ROUND($O$9,0),1000)
N14: Terbilang | O14: =IF(ROUND($O$9,0)=0,"== Nol Rupiah ==","== "&TRIM(IF($O$10=0,"",IF($O$10=0,"",IF(INT($O$10/100)=0,"",IF(INT($O$10/100)=1,"Seratus ",VLOOKUP(INT($O$10/100),HELPER!$A$3:$B$22,2,0)&" Ratus "))&IF(MOD($O$10,100)=0,"",IF(MOD($O$10,100)<20,VLOOKUP(MOD($O$10,100),HELPER!$A$3:$B$22,2,0),VLOOKUP(INT(MOD($O$10,100)/10),HELPER!$A$3:$B$22,2,0)&" Puluh "&IF(MOD($O$10,10)=0,"",VLOOKUP(MOD($O$10,10),HELPER!$A$3:$B$22,2,0)))))&" Miliar ")&IF($O$11=0,"",IF($O$11=1,"Satu Juta ",IF($O$11=0,"",IF(INT($O$11/100)=0,"",IF(INT($O$11/100)=1,"Seratus ",VLOOKUP(INT($O$11/100),HELPER!$A$3:$B$22,2,0)&" Ratus "))&IF(MOD($O$11,100)=0,"",IF(MOD($O$11,100)<20,VLOOKUP(MOD($O$11,100),HELPER!$A$3:$B$22,2,0),VLOOKUP(INT(MOD($O$11,100)/10),HELPER!$A$3:$B$22,2,0)&" Puluh "&IF(MOD($O$11,10)=0,"",VLOOKUP(MOD($O$11,10),HELPER!$A$3:$B$22,2,0)))))&" Juta "))&IF($O$12=0,"",IF($O$12=1,"Seribu ",IF($O$12=0,"",IF(INT($O$12/100)=0,"",IF(INT($O$12/100)=1,"Seratus ",VLOOKUP(INT($O$12/100),HELPER!$A$3:$B$22,2,0)&" Ratus "))&IF(MOD($O$12,100)=0,"",IF(MOD($O$12,100)<20,VLOOKUP(MOD($O$12,100),HELPER!$A$3:$B$22,2,0),VLOOKUP(INT(MOD($O$12,100)/10),HELPER!$A$3:$B$22,2,0)&" Puluh "&IF(MOD($O$12,10)=0,"",VLOOKUP(MOD($O$12,10),HELPER!$A$3:$B$22,2,0)))))&" Ribu "))&IF($O$13=0,"",IF(INT($O$13/100)=0,"",IF(INT($O$13/100)=1,"Seratus ",VLOOKUP(INT($O$13/100),HELPER!$A$3:$B$22,2,0)&" Ratus "))&IF(MOD($O$13,100)=0,"",IF(MOD($O$13,100)<20,VLOOKUP(MOD($O$13,100),HELPER!$A$3:$B$22,2,0),VLOOKUP(INT(MOD($O$13,100)/10),HELPER!$A$3:$B$22,2,0)&" Puluh "&IF(MOD($O$13,10)=0,"",VLOOKUP(MOD($O$13,10),HELPER!$A$3:$B$22,2,0))))))&" Rupiah ==")
A15: Menerangkan bahwa kedua belah pihak telah setuju dan sepakat melakukan pemeriksaan pengadaan dan serah terima berdasarkan :
A17: 1 | B17: Kontrak/SPM No. | C17: =": "&INPUT!$B$35&" Tanggal : "&TEXT(INPUT!$B$36,"dd mmmm yyyy")
A18: 2 | B18: Nilai Kontrak | C18: =": Rp "&HELPER!$I$28&" (Exclude PPN)"
A19: 3 | B19: Waktu Pelaksanaan | C19: =": "&TEXT(INPUT!$B$36,"dd mmmm yyyy")&" s/d "&TEXT(INPUT!$B$37,"dd mmmm yyyy")
A21: Dengan rincian sebagai berikut,
A23: NO. | B23: JENIS ITEM | D23: VOLUME KONTRAK | E23: SAT | F23: PROGRES REAL VOLUME | J23: HARGA (Rp) | K23: JUMLAH HARGA (Rp)
F24: YG LALU | G24: SAAT INI | H24: SD. SAAT INI | I24: SISA
A25: 1 | B25: 2 | D25: 3 | E25: 4 | F25: 5 | G25: 6 | H25: 7=5+6 | I25: 8=3-7 | J25: 9 | K25: 10 = 6 x 9
A26: =IF(ITEM!$B4="","",ITEM!$A4) | B26: =IF(ITEM!$B4="","",ITEM!$B4) | D26: =IF(ITEM!$B4="","",ITEM!$D4) | E26: =IF(ITEM!$B4="","",ITEM!$C4) | F26: {=IF(ITEM!$B4="","",SUMPRODUCT((COLUMN(ITEM!$G4:$J4)-COLUMN(ITEM!$G4)+1<$O$1)*ITEM!$G4:$J4))} | G26: {=IF(ITEM!$B4="","",INDEX(ITEM!$G4:$J4,1,$O$1))} | H26: =IF(ITEM!$B4="","",$F26+$G26) | I26: =IF(ITEM!$B4="","",$D26-$H26) | J26: =IF(ITEM!$B4="","",ITEM!$E4) | K26: =IF(ITEM!$B4="","",$G26*$J26)
A27: =IF(ITEM!$B5="","",ITEM!$A5) | B27: =IF(ITEM!$B5="","",ITEM!$B5) | D27: =IF(ITEM!$B5="","",ITEM!$D5) | E27: =IF(ITEM!$B5="","",ITEM!$C5) | F27: {=IF(ITEM!$B5="","",SUMPRODUCT((COLUMN(ITEM!$G5:$J5)-COLUMN(ITEM!$G5)+1<$O$1)*ITEM!$G5:$J5))} | G27: {=IF(ITEM!$B5="","",INDEX(ITEM!$G5:$J5,1,$O$1))} | H27: =IF(ITEM!$B5="","",$F27+$G27) | I27: =IF(ITEM!$B5="","",$D27-$H27) | J27: =IF(ITEM!$B5="","",ITEM!$E5) | K27: =IF(ITEM!$B5="","",$G27*$J27)
A28: =IF(ITEM!$B6="","",ITEM!$A6) | B28: =IF(ITEM!$B6="","",ITEM!$B6) | D28: =IF(ITEM!$B6="","",ITEM!$D6) | E28: =IF(ITEM!$B6="","",ITEM!$C6) | F28: {=IF(ITEM!$B6="","",SUMPRODUCT((COLUMN(ITEM!$G6:$J6)-COLUMN(ITEM!$G6)+1<$O$1)*ITEM!$G6:$J6))} | G28: {=IF(ITEM!$B6="","",INDEX(ITEM!$G6:$J6,1,$O$1))} | H28: =IF(ITEM!$B6="","",$F28+$G28) | I28: =IF(ITEM!$B6="","",$D28-$H28) | J28: =IF(ITEM!$B6="","",ITEM!$E6) | K28: =IF(ITEM!$B6="","",$G28*$J28)
A29: =IF(ITEM!$B7="","",ITEM!$A7) | B29: =IF(ITEM!$B7="","",ITEM!$B7) | D29: =IF(ITEM!$B7="","",ITEM!$D7) | E29: =IF(ITEM!$B7="","",ITEM!$C7) | F29: {=IF(ITEM!$B7="","",SUMPRODUCT((COLUMN(ITEM!$G7:$J7)-COLUMN(ITEM!$G7)+1<$O$1)*ITEM!$G7:$J7))} | G29: {=IF(ITEM!$B7="","",INDEX(ITEM!$G7:$J7,1,$O$1))} | H29: =IF(ITEM!$B7="","",$F29+$G29) | I29: =IF(ITEM!$B7="","",$D29-$H29) | J29: =IF(ITEM!$B7="","",ITEM!$E7) | K29: =IF(ITEM!$B7="","",$G29*$J29)
A30: =IF(ITEM!$B8="","",ITEM!$A8) | B30: =IF(ITEM!$B8="","",ITEM!$B8) | D30: =IF(ITEM!$B8="","",ITEM!$D8) | E30: =IF(ITEM!$B8="","",ITEM!$C8) | F30: {=IF(ITEM!$B8="","",SUMPRODUCT((COLUMN(ITEM!$G8:$J8)-COLUMN(ITEM!$G8)+1<$O$1)*ITEM!$G8:$J8))} | G30: {=IF(ITEM!$B8="","",INDEX(ITEM!$G8:$J8,1,$O$1))} | H30: =IF(ITEM!$B8="","",$F30+$G30) | I30: =IF(ITEM!$B8="","",$D30-$H30) | J30: =IF(ITEM!$B8="","",ITEM!$E8) | K30: =IF(ITEM!$B8="","",$G30*$J30)
A31: =IF(ITEM!$B9="","",ITEM!$A9) | B31: =IF(ITEM!$B9="","",ITEM!$B9) | D31: =IF(ITEM!$B9="","",ITEM!$D9) | E31: =IF(ITEM!$B9="","",ITEM!$C9) | F31: {=IF(ITEM!$B9="","",SUMPRODUCT((COLUMN(ITEM!$G9:$J9)-COLUMN(ITEM!$G9)+1<$O$1)*ITEM!$G9:$J9))} | G31: {=IF(ITEM!$B9="","",INDEX(ITEM!$G9:$J9,1,$O$1))} | H31: =IF(ITEM!$B9="","",$F31+$G31) | I31: =IF(ITEM!$B9="","",$D31-$H31) | J31: =IF(ITEM!$B9="","",ITEM!$E9) | K31: =IF(ITEM!$B9="","",$G31*$J31)
A32: =IF(ITEM!$B10="","",ITEM!$A10) | B32: =IF(ITEM!$B10="","",ITEM!$B10) | D32: =IF(ITEM!$B10="","",ITEM!$D10) | E32: =IF(ITEM!$B10="","",ITEM!$C10) | F32: {=IF(ITEM!$B10="","",SUMPRODUCT((COLUMN(ITEM!$G10:$J10)-COLUMN(ITEM!$G10)+1<$O$1)*ITEM!$G10:$J10))} | G32: {=IF(ITEM!$B10="","",INDEX(ITEM!$G10:$J10,1,$O$1))} | H32: =IF(ITEM!$B10="","",$F32+$G32) | I32: =IF(ITEM!$B10="","",$D32-$H32) | J32: =IF(ITEM!$B10="","",ITEM!$E10) | K32: =IF(ITEM!$B10="","",$G32*$J32)
A33: =IF(ITEM!$B11="","",ITEM!$A11) | B33: =IF(ITEM!$B11="","",ITEM!$B11) | D33: =IF(ITEM!$B11="","",ITEM!$D11) | E33: =IF(ITEM!$B11="","",ITEM!$C11) | F33: {=IF(ITEM!$B11="","",SUMPRODUCT((COLUMN(ITEM!$G11:$J11)-COLUMN(ITEM!$G11)+1<$O$1)*ITEM!$G11:$J11))} | G33: {=IF(ITEM!$B11="","",INDEX(ITEM!$G11:$J11,1,$O$1))} | H33: =IF(ITEM!$B11="","",$F33+$G33) | I33: =IF(ITEM!$B11="","",$D33-$H33) | J33: =IF(ITEM!$B11="","",ITEM!$E11) | K33: =IF(ITEM!$B11="","",$G33*$J33)
A34: =IF(ITEM!$B12="","",ITEM!$A12) | B34: =IF(ITEM!$B12="","",ITEM!$B12) | D34: =IF(ITEM!$B12="","",ITEM!$D12) | E34: =IF(ITEM!$B12="","",ITEM!$C12) | F34: {=IF(ITEM!$B12="","",SUMPRODUCT((COLUMN(ITEM!$G12:$J12)-COLUMN(ITEM!$G12)+1<$O$1)*ITEM!$G12:$J12))} | G34: {=IF(ITEM!$B12="","",INDEX(ITEM!$G12:$J12,1,$O$1))} | H34: =IF(ITEM!$B12="","",$F34+$G34) | I34: =IF(ITEM!$B12="","",$D34-$H34) | J34: =IF(ITEM!$B12="","",ITEM!$E12) | K34: =IF(ITEM!$B12="","",$G34*$J34)
A35: =IF(ITEM!$B13="","",ITEM!$A13) | B35: =IF(ITEM!$B13="","",ITEM!$B13) | D35: =IF(ITEM!$B13="","",ITEM!$D13) | E35: =IF(ITEM!$B13="","",ITEM!$C13) | F35: {=IF(ITEM!$B13="","",SUMPRODUCT((COLUMN(ITEM!$G13:$J13)-COLUMN(ITEM!$G13)+1<$O$1)*ITEM!$G13:$J13))} | G35: {=IF(ITEM!$B13="","",INDEX(ITEM!$G13:$J13,1,$O$1))} | H35: =IF(ITEM!$B13="","",$F35+$G35) | I35: =IF(ITEM!$B13="","",$D35-$H35) | J35: =IF(ITEM!$B13="","",ITEM!$E13) | K35: =IF(ITEM!$B13="","",$G35*$J35)
A36: =IF(ITEM!$B14="","",ITEM!$A14) | B36: =IF(ITEM!$B14="","",ITEM!$B14) | D36: =IF(ITEM!$B14="","",ITEM!$D14) | E36: =IF(ITEM!$B14="","",ITEM!$C14) | F36: {=IF(ITEM!$B14="","",SUMPRODUCT((COLUMN(ITEM!$G14:$J14)-COLUMN(ITEM!$G14)+1<$O$1)*ITEM!$G14:$J14))} | G36: {=IF(ITEM!$B14="","",INDEX(ITEM!$G14:$J14,1,$O$1))} | H36: =IF(ITEM!$B14="","",$F36+$G36) | I36: =IF(ITEM!$B14="","",$D36-$H36) | J36: =IF(ITEM!$B14="","",ITEM!$E14) | K36: =IF(ITEM!$B14="","",$G36*$J36)
A37: =IF(ITEM!$B15="","",ITEM!$A15) | B37: =IF(ITEM!$B15="","",ITEM!$B15) | D37: =IF(ITEM!$B15="","",ITEM!$D15) | E37: =IF(ITEM!$B15="","",ITEM!$C15) | F37: {=IF(ITEM!$B15="","",SUMPRODUCT((COLUMN(ITEM!$G15:$J15)-COLUMN(ITEM!$G15)+1<$O$1)*ITEM!$G15:$J15))} | G37: {=IF(ITEM!$B15="","",INDEX(ITEM!$G15:$J15,1,$O$1))} | H37: =IF(ITEM!$B15="","",$F37+$G37) | I37: =IF(ITEM!$B15="","",$D37-$H37) | J37: =IF(ITEM!$B15="","",ITEM!$E15) | K37: =IF(ITEM!$B15="","",$G37*$J37)
... A125: =IF(ITEM!$B103="","",ITEM!$A103) | B125: =IF(ITEM!$B103="","",ITEM!$B103) | D125: =IF(ITEM!$B103="","",ITEM!$D103) | E125: =IF(ITEM!$B103="","",ITEM!$C103) | F125: {=IF(ITEM!$B103="","",SUMPRODUCT((COLUMN(ITEM!$G103:$J103)-COLUMN(ITEM!$G103)+1<$O$1)*ITEM!$G103:$J103))} | G125: {=IF(ITEM!$B103="","",INDEX(ITEM!$G103:$J103,1,$O$1))} | H125: =IF(ITEM!$B103="","",$F125+$G125) | I125: =IF(ITEM!$B103="","",$D125-$H125) | J125: =IF(ITEM!$B103="","",ITEM!$E103) | K125: =IF(ITEM!$B103="","",$G125*$J125)
A126: JUMLAH | K126: =SUM(K26:K125)
A128: Maka Pihak Kedua berhak menerima pembayaran dengan perhitungan sebagai berikut :
A129: 1 | B129: Prestasi s/d saat ini | G129: : | H129: =IF(ITEM!$C$107=0,0,SUMPRODUCT($H$26:$H$125,$J$26:$J$125)/ITEM!$C$107) | I129: = | K129: =ROUND(H129*ITEM!$C$107,0)
A130: 2 | B130: Prestasi yang lalu | G130: : | H130: =IF(ITEM!$C$107=0,0,SUMPRODUCT($F$26:$F$125,$J$26:$J$125)/ITEM!$C$107) | I130: = | K130: =ROUND(H130*ITEM!$C$107,0)
A131: 3 | B131: Prestasi yang dapat dibayarkan | G131: : | H131: =H129-H130 | I131: = | K131: =K129-K130
A132: 4 | B132: Potongan :
B133: - Uang Muka | G133: : | H133: =INPUT!$B$47 | I133: = | J133: (-) | K133: =-ROUND(H133*K131,0)
B134: - Retensi | G134: : | H134: =INPUT!$B$46 | I134: = | J134: (-) | K134: =-ROUND(H134*K131,0)
A135: 5 | B135: Jumlah pembayaran yang diterima | G135: : | I135: = | K135: =K131+K133+K134
B137: Terbilang | C137: =": "&$O$14
A139: Material tersebut diatas dalam kondisi baik, perlengkapan serta surat-surat terlampir.
B141: ="Mengetahui," | F141: Yang Menerima, | I141: Yang Menyerahkan,
B142: =UPPER(INPUT!$B$6) | F142: =UPPER(INPUT!$B$6) | I142: =UPPER(INPUT!$B$24)
B146: =INPUT!$B$9 | F146: =INPUT!$B$12 | I146: =INPUT!$B$23
B147: =INPUT!$B$11 | F147: =INPUT!$B$13 | I147: Direktur
A149: Catatan :
A150: BAPM ini harus dilampirkan pada saat permintaan pembayaran.

Sheet BAP
M1: TERMIN SHEET INI (jangan diubah kecuali perlu) | N1: 1
M2: Tanggal BAPM/BAP | N2: {=IF(IFERROR(INDEX(INPUT!$B$55:$B$58,$N$1),0)=0,"",INDEX(INPUT!$B$55:$B$58,$N$1))}
M3: Hari | N3: =IF($N$2="","",TEXT($N$2,"dddd"))
A4: BERITA ACARA PEMBAYARAN (BAP) | M4: Tanggal (huruf) | N4: =IF($N$2="","",IF(DAY($N$2)<20,VLOOKUP(DAY($N$2),HELPER!$A$3:$B$22,2,0),IF(DAY($N$2)<30,TRIM("Dua Puluh "&VLOOKUP(DAY($N$2)-20,HELPER!$A$3:$B$22,2,0)),TRIM("Tiga Puluh "&VLOOKUP(DAY($N$2)-30,HELPER!$A$3:$B$22,2,0)))))
A5: {=IF($N$2="","","Nomor : "&INDEX(INPUT!$D$55:$D$58,$N$1))} | M5: Bulan | N5: =IF($N$2="","",TEXT($N$2,"mmmm"))
M6: Tahun (huruf) | N6: =IF($N$2="","",TRIM(IF(INT(YEAR($N$2)/1000)=1,"Seribu ",IF(INT(YEAR($N$2)/1000)=0,"",IF(INT(INT(YEAR($N$2)/1000)/100)=0,"",IF(INT(INT(YEAR($N$2)/1000)/100)=1,"Seratus ",VLOOKUP(INT(INT(YEAR($N$2)/1000)/100),HELPER!$A$3:$B$22,2,0)&" Ratus "))&IF(MOD(INT(YEAR($N$2)/1000),100)=0,"",IF(MOD(INT(YEAR($N$2)/1000),100)<20,VLOOKUP(MOD(INT(YEAR($N$2)/1000),100),HELPER!$A$3:$B$22,2,0),VLOOKUP(INT(MOD(INT(YEAR($N$2)/1000),100)/10),HELPER!$A$3:$B$22,2,0)&" Puluh "&IF(MOD(INT(YEAR($N$2)/1000),10)=0,"",VLOOKUP(MOD(INT(YEAR($N$2)/1000),10),HELPER!$A$3:$B$22,2,0)))))&" Ribu ")&IF(MOD(YEAR($N$2),1000)=0,"",IF(INT(MOD(YEAR($N$2),1000)/100)=0,"",IF(INT(MOD(YEAR($N$2),1000)/100)=1,"Seratus ",VLOOKUP(INT(MOD(YEAR($N$2),1000)/100),HELPER!$A$3:$B$22,2,0)&" Ratus "))&IF(MOD(MOD(YEAR($N$2),1000),100)=0,"",IF(MOD(MOD(YEAR($N$2),1000),100)<20,VLOOKUP(MOD(MOD(YEAR($N$2),1000),100),HELPER!$A$3:$B$22,2,0),VLOOKUP(INT(MOD(MOD(YEAR($N$2),1000),100)/10),HELPER!$A$3:$B$22,2,0)&" Puluh "&IF(MOD(MOD(YEAR($N$2),1000),10)=0,"",VLOOKUP(MOD(MOD(YEAR($N$2),1000),10),HELPER!$A$3:$B$22,2,0)))))))
A7: =IF($N$7="","",$N$7&", kami yang bertanda tangan dibawah ini :") | M7: Kalimat pembuka | N7: =IF($N$2="","","Pada hari ini "&$N$3&", tanggal "&$N$4&" bulan "&$N$5&" tahun "&$N$6&" ("&TEXT($N$2,"dd/mm/yyyy")&")")
A9: I. | B9: =INPUT!$B$19 | F9: : | G9: ="Selaku "&INPUT!$B$20&", Proyek Pekerjaan "&INPUT!$B$5&" - Jakarta, dalam hal ini bertindak untuk dan atas nama "&INPUT!$B$6&" "&INPUT!$B$7&" yang berkedudukan di "&INPUT!$B$8&", (untuk selanjutnya disebut "&_xlfn.UNICHAR(8220)&"Pihak Pertama"&_xlfn.UNICHAR(8221)&")" | M9: Nilai total BAP | N9: =$L$47
M10: Kelompok miliar | N10: =INT(ROUND($N$9,0)/1000000000)
M11: Kelompok juta | N11: =MOD(INT(ROUND($N$9,0)/1000000),1000)
M12: Kelompok ribu | N12: =MOD(INT(ROUND($N$9,0)/1000),1000)
A13: II. | B13: =INPUT!$B$23 | F13: : | G13: ="Selaku Direktur "&UPPER(INPUT!$B$24)&", dalam hal ini bertindak untuk dan atas nama "&UPPER(INPUT!$B$24)&" yang berkedudukan di "&INPUT!$B$25&", (untuk selanjutnya disebut "&_xlfn.UNICHAR(8220)&"Pihak Kedua"&_xlfn.UNICHAR(8221)&")." | M13: Kelompok satuan | N13: =MOD(ROUND($N$9,0),1000)
M14: Terbilang | N14: =IF(ROUND($N$9,0)=0,"== Nol Rupiah ==","== "&TRIM(IF($N$10=0,"",IF($N$10=0,"",IF(INT($N$10/100)=0,"",IF(INT($N$10/100)=1,"Seratus ",VLOOKUP(INT($N$10/100),HELPER!$A$3:$B$22,2,0)&" Ratus "))&IF(MOD($N$10,100)=0,"",IF(MOD($N$10,100)<20,VLOOKUP(MOD($N$10,100),HELPER!$A$3:$B$22,2,0),VLOOKUP(INT(MOD($N$10,100)/10),HELPER!$A$3:$B$22,2,0)&" Puluh "&IF(MOD($N$10,10)=0,"",VLOOKUP(MOD($N$10,10),HELPER!$A$3:$B$22,2,0)))))&" Miliar ")&IF($N$11=0,"",IF($N$11=1,"Satu Juta ",IF($N$11=0,"",IF(INT($N$11/100)=0,"",IF(INT($N$11/100)=1,"Seratus ",VLOOKUP(INT($N$11/100),HELPER!$A$3:$B$22,2,0)&" Ratus "))&IF(MOD($N$11,100)=0,"",IF(MOD($N$11,100)<20,VLOOKUP(MOD($N$11,100),HELPER!$A$3:$B$22,2,0),VLOOKUP(INT(MOD($N$11,100)/10),HELPER!$A$3:$B$22,2,0)&" Puluh "&IF(MOD($N$11,10)=0,"",VLOOKUP(MOD($N$11,10),HELPER!$A$3:$B$22,2,0)))))&" Juta "))&IF($N$12=0,"",IF($N$12=1,"Seribu ",IF($N$12=0,"",IF(INT($N$12/100)=0,"",IF(INT($N$12/100)=1,"Seratus ",VLOOKUP(INT($N$12/100),HELPER!$A$3:$B$22,2,0)&" Ratus "))&IF(MOD($N$12,100)=0,"",IF(MOD($N$12,100)<20,VLOOKUP(MOD($N$12,100),HELPER!$A$3:$B$22,2,0),VLOOKUP(INT(MOD($N$12,100)/10),HELPER!$A$3:$B$22,2,0)&" Puluh "&IF(MOD($N$12,10)=0,"",VLOOKUP(MOD($N$12,10),HELPER!$A$3:$B$22,2,0)))))&" Ribu "))&IF($N$13=0,"",IF(INT($N$13/100)=0,"",IF(INT($N$13/100)=1,"Seratus ",VLOOKUP(INT($N$13/100),HELPER!$A$3:$B$22,2,0)&" Ratus "))&IF(MOD($N$13,100)=0,"",IF(MOD($N$13,100)<20,VLOOKUP(MOD($N$13,100),HELPER!$A$3:$B$22,2,0),VLOOKUP(INT(MOD($N$13,100)/10),HELPER!$A$3:$B$22,2,0)&" Puluh "&IF(MOD($N$13,10)=0,"",VLOOKUP(MOD($N$13,10),HELPER!$A$3:$B$22,2,0))))))&" Rupiah ==")
M16: Prestasi s/d saat ini | N16: {=IF(ITEM!$C$107=0,0,SUMPRODUCT((ROW($N$20:$N$23)-ROW($N$20)+1<=$N$1)*$N$20:$N$23)/ITEM!$C$107)}
A17: ="Menerangkan bahwa kedua belah pihak telah melakukan pemeriksaan atas pengadaan material "&$N$31&" sesuai lampiran pada Proyek Pekerjaan "&INPUT!$B$5&" berdasarkan :" | M17: Prestasi yang lalu | N17: {=IF(ITEM!$C$107=0,0,SUMPRODUCT((ROW($N$20:$N$23)-ROW($N$20)+1<$N$1)*$N$20:$N$23)/ITEM!$C$107)}
M18: Prestasi saat ini | N18: =$N$16-$N$17
A20: 1 | B20: Kontrak/SPM No. | D20: =": "&INPUT!$B$35&" Tanggal, "&TEXT(INPUT!$B$36,"dd mmmm yyyy") | M20: Nilai termin 1 | N20: =SUMPRODUCT(INDEX(ITEM!$G$4:$J$103,0,1),ITEM!$E$4:$E$103)
A21: 2 | B21: Jangka Waktu Pengadaan | D21: =": "&TEXT(INPUT!$B$36,"dd mmmm yyyy")&" s/d "&TEXT(INPUT!$B$37,"dd mmmm yyyy") | M21: Nilai termin 2 | N21: =SUMPRODUCT(INDEX(ITEM!$G$4:$J$103,0,2),ITEM!$E$4:$E$103)
A22: 3 | B22: Nilai Kontrak | D22: =": Rp "&HELPER!$H$28&" (Exclude PPN)" | M22: Nilai termin 3 | N22: =SUMPRODUCT(INDEX(ITEM!$G$4:$J$103,0,3),ITEM!$E$4:$E$103)
M23: Nilai termin 4 | N23: =SUMPRODUCT(INDEX(ITEM!$G$4:$J$103,0,4),ITEM!$E$4:$E$103)
A24: {=IF($N$2="","","Menyatakan bahwa prestasi Pihak Kedua s/d tanggal "&TEXT($N$2,"dd mmmm yyyy")&" telah mencapai "&TEXT($N$16,"0.00%")&" sesuai dengan Berita Acara Penerimaan Material Nomor : "&INDEX(INPUT!$C$55:$C$58,$N$1)&" pada tanggal "&TEXT($N$2,"dd mmmm yyyy")&". Maka Pihak Kedua berhak menerima pembayaran dengan perincian sebagai berikut :")}
M26: 3 MATERIAL TERBESAR DI BAPM TERMIN INI
A27: a | B27: Perhitungan Pembayaran | M27: Jml item diterima termin ini | N27: =COUNT(INDEX(ITEM!$O$4:$R$103,0,$N$1))
B28: - Prestasi s/d saat ini | E28: = | F28: =$N$16 | G28: x | H28: Rp | I28: =ITEM!$C$107 | J28: = Rp | K28: =ROUND(F28*I28,0) | M28: Peringkat 1 (harga termahal) | N28: =IFERROR(INDEX(ITEM!$B$4:$B$103,MATCH(LARGE(INDEX(ITEM!$O$4:$R$103,0,$N$1),1),INDEX(ITEM!$O$4:$R$103,0,$N$1),0)),"")
B29: - Prestasi yang lalu | E29: = | F29: =$N$17 | G29: x | H29: Rp | I29: =ITEM!$C$107 | J29: = Rp | K29: =ROUND(F29*I29,0) | M29: Peringkat 2 | N29: =IFERROR(INDEX(ITEM!$B$4:$B$103,MATCH(LARGE(INDEX(ITEM!$O$4:$R$103,0,$N$1),2),INDEX(ITEM!$O$4:$R$103,0,$N$1),0)),"")
B30: - Prestasi saat ini | E30: = | F30: =$N$18 | G30: x | H30: Rp | I30: =ITEM!$C$107 | J30: = Rp | K30: =K28-K29 | M30: Peringkat 3 | N30: =IFERROR(INDEX(ITEM!$B$4:$B$103,MATCH(LARGE(INDEX(ITEM!$O$4:$R$103,0,$N$1),3),INDEX(ITEM!$O$4:$R$103,0,$N$1),0)),"")
K31: Rp | L31: =K30 | M31: Kalimat daftar material | N31: =IF($N$27=0,"-",_xlfn.TEXTJOIN(", ",TRUE,$N$28:$N$30)&IF($N$27>3,", dll.",""))
A32: b | B32: Potongan Retensi
B33: Potongan Retensi s/d saat ini | E33: = | F33: =INPUT!$B$46 | G33: x | H33: Rp | I33: =$K$28 | J33: = Rp | K33: =ROUND(F33*I33,0)
B34: Potongan Retensi yang lalu | E34: = | F34: =INPUT!$B$46*$N$17 | G34: x | H34: Rp | I34: =$K$29 | J34: = Rp | K34: =ROUND(F34*I34,0)
B35: Potongan Retensi saat ini | E35: = | F35: =F33-F34 | G35: x | H35: Rp | I35: =$K$30 | J35: = Rp | K35: =K33-K34
K36: Rp | L36: =K35
A37: c | B37: Pengembalian Uang Muka
B38: Pengembalian Uang Muka s/d saat ini | E38: = | F38: =INPUT!$B$47 | G38: x | H38: Rp | I38: =$K$28 | J38: = Rp | K38: =ROUND(F38*I38,0)
B39: Pengembalian Uang Muka yang lalu | E39: = | F39: =INPUT!$B$47*$N$17 | G39: x | H39: Rp | I39: =$K$29 | J39: = Rp | K39: =ROUND(F39*I39,0)
B40: Pengembalian Uang Muka saat ini | E40: = | F40: =F38-F39 | G40: x | H40: Rp | I40: =$K$30 | J40: = Rp | K40: =K38-K39
K41: Rp | L41: =K40
B43: JUMLAH SETELAH DIKURANGI RETENSI, UANG MUKA (a-b-c) | K43: Rp | L43: =L31-L36-L41
B45: PAJAK PERTAMBAHAN NILAI (PPN) | K45: Rp | L45: =ROUND(L43*INPUT!$B$45,0)
B47: TOTAL | K47: Rp | L47: =L43+L45
A49: Terbilang | C49: =": "&$N$14
A51: Demikian Berita Acara Pembayaran ini dibuat untuk dapat dipergunakan sebagaimana mestinya.
C53: PIHAK KEDUA | I53: PIHAK PERTAMA
C54: =UPPER(INPUT!$B$24) | I54: =UPPER(INPUT!$B$6)
C58: =INPUT!$B$23 | I58: =INPUT!$B$19
C59: Direktur | I59: =INPUT!$B$20

Sheet BAP 2
M1: TERMIN SHEET INI (jangan diubah kecuali perlu) | N1: 2
M2: Tanggal BAPM/BAP | N2: {=IF(IFERROR(INDEX(INPUT!$B$55:$B$58,$N$1),0)=0,"",INDEX(INPUT!$B$55:$B$58,$N$1))}
M3: Hari | N3: =IF($N$2="","",TEXT($N$2,"dddd"))
A4: BERITA ACARA PEMBAYARAN (BAP) | M4: Tanggal (huruf) | N4: =IF($N$2="","",IF(DAY($N$2)<20,VLOOKUP(DAY($N$2),HELPER!$A$3:$B$22,2,0),IF(DAY($N$2)<30,TRIM("Dua Puluh "&VLOOKUP(DAY($N$2)-20,HELPER!$A$3:$B$22,2,0)),TRIM("Tiga Puluh "&VLOOKUP(DAY($N$2)-30,HELPER!$A$3:$B$22,2,0)))))
A5: {=IF($N$2="","","Nomor : "&INDEX(INPUT!$D$55:$D$58,$N$1))} | M5: Bulan | N5: =IF($N$2="","",TEXT($N$2,"mmmm"))
M6: Tahun (huruf) | N6: =IF($N$2="","",TRIM(IF(INT(YEAR($N$2)/1000)=1,"Seribu ",IF(INT(YEAR($N$2)/1000)=0,"",IF(INT(INT(YEAR($N$2)/1000)/100)=0,"",IF(INT(INT(YEAR($N$2)/1000)/100)=1,"Seratus ",VLOOKUP(INT(INT(YEAR($N$2)/1000)/100),HELPER!$A$3:$B$22,2,0)&" Ratus "))&IF(MOD(INT(YEAR($N$2)/1000),100)=0,"",IF(MOD(INT(YEAR($N$2)/1000),100)<20,VLOOKUP(MOD(INT(YEAR($N$2)/1000),100),HELPER!$A$3:$B$22,2,0),VLOOKUP(INT(MOD(INT(YEAR($N$2)/1000),100)/10),HELPER!$A$3:$B$22,2,0)&" Puluh "&IF(MOD(INT(YEAR($N$2)/1000),10)=0,"",VLOOKUP(MOD(INT(YEAR($N$2)/1000),10),HELPER!$A$3:$B$22,2,0)))))&" Ribu ")&IF(MOD(YEAR($N$2),1000)=0,"",IF(INT(MOD(YEAR($N$2),1000)/100)=0,"",IF(INT(MOD(YEAR($N$2),1000)/100)=1,"Seratus ",VLOOKUP(INT(MOD(YEAR($N$2),1000)/100),HELPER!$A$3:$B$22,2,0)&" Ratus "))&IF(MOD(MOD(YEAR($N$2),1000),100)=0,"",IF(MOD(MOD(YEAR($N$2),1000),100)<20,VLOOKUP(MOD(MOD(YEAR($N$2),1000),100),HELPER!$A$3:$B$22,2,0),VLOOKUP(INT(MOD(MOD(YEAR($N$2),1000),100)/10),HELPER!$A$3:$B$22,2,0)&" Puluh "&IF(MOD(MOD(YEAR($N$2),1000),10)=0,"",VLOOKUP(MOD(MOD(YEAR($N$2),1000),10),HELPER!$A$3:$B$22,2,0)))))))
A7: =IF($N$7="","",$N$7&", kami yang bertanda tangan dibawah ini :") | M7: Kalimat pembuka | N7: =IF($N$2="","","Pada hari ini "&$N$3&", tanggal "&$N$4&" bulan "&$N$5&" tahun "&$N$6&" ("&TEXT($N$2,"dd/mm/yyyy")&")")
A9: I. | B9: =INPUT!$B$19 | F9: : | G9: ="Selaku "&INPUT!$B$20&", Proyek Pekerjaan "&INPUT!$B$5&" - Jakarta, dalam hal ini bertindak untuk dan atas nama "&INPUT!$B$6&" "&INPUT!$B$7&" yang berkedudukan di "&INPUT!$B$8&", (untuk selanjutnya disebut "&_xlfn.UNICHAR(8220)&"Pihak Pertama"&_xlfn.UNICHAR(8221)&")" | M9: Nilai total BAP | N9: =$L$47
M10: Kelompok miliar | N10: =INT(ROUND($N$9,0)/1000000000)
M11: Kelompok juta | N11: =MOD(INT(ROUND($N$9,0)/1000000),1000)
M12: Kelompok ribu | N12: =MOD(INT(ROUND($N$9,0)/1000),1000)
A13: II. | B13: =INPUT!$B$23 | F13: : | G13: ="Selaku Direktur "&UPPER(INPUT!$B$24)&", dalam hal ini bertindak untuk dan atas nama "&UPPER(INPUT!$B$24)&" yang berkedudukan di "&INPUT!$B$25&", (untuk selanjutnya disebut "&_xlfn.UNICHAR(8220)&"Pihak Kedua"&_xlfn.UNICHAR(8221)&")." | M13: Kelompok satuan | N13: =MOD(ROUND($N$9,0),1000)
M14: Terbilang | N14: =IF(ROUND($N$9,0)=0,"== Nol Rupiah ==","== "&TRIM(IF($N$10=0,"",IF($N$10=0,"",IF(INT($N$10/100)=0,"",IF(INT($N$10/100)=1,"Seratus ",VLOOKUP(INT($N$10/100),HELPER!$A$3:$B$22,2,0)&" Ratus "))&IF(MOD($N$10,100)=0,"",IF(MOD($N$10,100)<20,VLOOKUP(MOD($N$10,100),HELPER!$A$3:$B$22,2,0),VLOOKUP(INT(MOD($N$10,100)/10),HELPER!$A$3:$B$22,2,0)&" Puluh "&IF(MOD($N$10,10)=0,"",VLOOKUP(MOD($N$10,10),HELPER!$A$3:$B$22,2,0)))))&" Miliar ")&IF($N$11=0,"",IF($N$11=1,"Satu Juta ",IF($N$11=0,"",IF(INT($N$11/100)=0,"",IF(INT($N$11/100)=1,"Seratus ",VLOOKUP(INT($N$11/100),HELPER!$A$3:$B$22,2,0)&" Ratus "))&IF(MOD($N$11,100)=0,"",IF(MOD($N$11,100)<20,VLOOKUP(MOD($N$11,100),HELPER!$A$3:$B$22,2,0),VLOOKUP(INT(MOD($N$11,100)/10),HELPER!$A$3:$B$22,2,0)&" Puluh "&IF(MOD($N$11,10)=0,"",VLOOKUP(MOD($N$11,10),HELPER!$A$3:$B$22,2,0)))))&" Juta "))&IF($N$12=0,"",IF($N$12=1,"Seribu ",IF($N$12=0,"",IF(INT($N$12/100)=0,"",IF(INT($N$12/100)=1,"Seratus ",VLOOKUP(INT($N$12/100),HELPER!$A$3:$B$22,2,0)&" Ratus "))&IF(MOD($N$12,100)=0,"",IF(MOD($N$12,100)<20,VLOOKUP(MOD($N$12,100),HELPER!$A$3:$B$22,2,0),VLOOKUP(INT(MOD($N$12,100)/10),HELPER!$A$3:$B$22,2,0)&" Puluh "&IF(MOD($N$12,10)=0,"",VLOOKUP(MOD($N$12,10),HELPER!$A$3:$B$22,2,0)))))&" Ribu "))&IF($N$13=0,"",IF(INT($N$13/100)=0,"",IF(INT($N$13/100)=1,"Seratus ",VLOOKUP(INT($N$13/100),HELPER!$A$3:$B$22,2,0)&" Ratus "))&IF(MOD($N$13,100)=0,"",IF(MOD($N$13,100)<20,VLOOKUP(MOD($N$13,100),HELPER!$A$3:$B$22,2,0),VLOOKUP(INT(MOD($N$13,100)/10),HELPER!$A$3:$B$22,2,0)&" Puluh "&IF(MOD($N$13,10)=0,"",VLOOKUP(MOD($N$13,10),HELPER!$A$3:$B$22,2,0))))))&" Rupiah ==")
M16: Prestasi s/d saat ini | N16: {=IF(ITEM!$C$107=0,0,SUMPRODUCT((ROW($N$20:$N$23)-ROW($N$20)+1<=$N$1)*$N$20:$N$23)/ITEM!$C$107)}
A17: ="Menerangkan bahwa kedua belah pihak telah melakukan pemeriksaan atas pengadaan material "&$N$31&" sesuai lampiran pada Proyek Pekerjaan "&INPUT!$B$5&" berdasarkan :" | M17: Prestasi yang lalu | N17: {=IF(ITEM!$C$107=0,0,SUMPRODUCT((ROW($N$20:$N$23)-ROW($N$20)+1<$N$1)*$N$20:$N$23)/ITEM!$C$107)}
M18: Prestasi saat ini | N18: =$N$16-$N$17
A20: 1 | B20: Kontrak/SPM No. | D20: =": "&INPUT!$B$35&" Tanggal, "&TEXT(INPUT!$B$36,"dd mmmm yyyy") | M20: Nilai termin 1 | N20: =SUMPRODUCT(INDEX(ITEM!$G$4:$J$103,0,1),ITEM!$E$4:$E$103)
A21: 2 | B21: Jangka Waktu Pengadaan | D21: =": "&TEXT(INPUT!$B$36,"dd mmmm yyyy")&" s/d "&TEXT(INPUT!$B$37,"dd mmmm yyyy") | M21: Nilai termin 2 | N21: =SUMPRODUCT(INDEX(ITEM!$G$4:$J$103,0,2),ITEM!$E$4:$E$103)
A22: 3 | B22: Nilai Kontrak | D22: =": Rp "&HELPER!$H$28&" (Exclude PPN)" | M22: Nilai termin 3 | N22: =SUMPRODUCT(INDEX(ITEM!$G$4:$J$103,0,3),ITEM!$E$4:$E$103)
M23: Nilai termin 4 | N23: =SUMPRODUCT(INDEX(ITEM!$G$4:$J$103,0,4),ITEM!$E$4:$E$103)
A24: {=IF($N$2="","","Menyatakan bahwa prestasi Pihak Kedua s/d tanggal "&TEXT($N$2,"dd mmmm yyyy")&" telah mencapai "&TEXT($N$16,"0.00%")&" sesuai dengan Berita Acara Penerimaan Material Nomor : "&INDEX(INPUT!$C$55:$C$58,$N$1)&" pada tanggal "&TEXT($N$2,"dd mmmm yyyy")&". Maka Pihak Kedua berhak menerima pembayaran dengan perincian sebagai berikut :")}
M26: 3 MATERIAL TERBESAR DI BAPM TERMIN INI
A27: a | B27: Perhitungan Pembayaran | M27: Jml item diterima termin ini | N27: =COUNT(INDEX(ITEM!$O$4:$R$103,0,$N$1))
B28: - Prestasi s/d saat ini | E28: = | F28: =$N$16 | G28: x | H28: Rp | I28: =ITEM!$C$107 | J28: = Rp | K28: =ROUND(F28*I28,0) | M28: Peringkat 1 (harga termahal) | N28: =IFERROR(INDEX(ITEM!$B$4:$B$103,MATCH(LARGE(INDEX(ITEM!$O$4:$R$103,0,$N$1),1),INDEX(ITEM!$O$4:$R$103,0,$N$1),0)),"")
B29: - Prestasi yang lalu | E29: = | F29: =$N$17 | G29: x | H29: Rp | I29: =ITEM!$C$107 | J29: = Rp | K29: =ROUND(F29*I29,0) | M29: Peringkat 2 | N29: =IFERROR(INDEX(ITEM!$B$4:$B$103,MATCH(LARGE(INDEX(ITEM!$O$4:$R$103,0,$N$1),2),INDEX(ITEM!$O$4:$R$103,0,$N$1),0)),"")
B30: - Prestasi saat ini | E30: = | F30: =$N$18 | G30: x | H30: Rp | I30: =ITEM!$C$107 | J30: = Rp | K30: =K28-K29 | M30: Peringkat 3 | N30: =IFERROR(INDEX(ITEM!$B$4:$B$103,MATCH(LARGE(INDEX(ITEM!$O$4:$R$103,0,$N$1),3),INDEX(ITEM!$O$4:$R$103,0,$N$1),0)),"")
K31: Rp | L31: =K30 | M31: Kalimat daftar material | N31: =IF($N$27=0,"-",_xlfn.TEXTJOIN(", ",TRUE,$N$28:$N$30)&IF($N$27>3,", dll.",""))
A32: b | B32: Potongan Retensi
B33: Potongan Retensi s/d saat ini | E33: = | F33: =INPUT!$B$46 | G33: x | H33: Rp | I33: =$K$28 | J33: = Rp | K33: =ROUND(F33*I33,0)
B34: Potongan Retensi yang lalu | E34: = | F34: =INPUT!$B$46*$N$17 | G34: x | H34: Rp | I34: =$K$29 | J34: = Rp | K34: =ROUND(F34*I34,0)
B35: Potongan Retensi saat ini | E35: = | F35: =F33-F34 | G35: x | H35: Rp | I35: =$K$30 | J35: = Rp | K35: =K33-K34
K36: Rp | L36: =K35
A37: c | B37: Pengembalian Uang Muka
B38: Pengembalian Uang Muka s/d saat ini | E38: = | F38: =INPUT!$B$47 | G38: x | H38: Rp | I38: =$K$28 | J38: = Rp | K38: =ROUND(F38*I38,0)
B39: Pengembalian Uang Muka yang lalu | E39: = | F39: =INPUT!$B$47*$N$17 | G39: x | H39: Rp | I39: =$K$29 | J39: = Rp | K39: =ROUND(F39*I39,0)
B40: Pengembalian Uang Muka saat ini | E40: = | F40: =F38-F39 | G40: x | H40: Rp | I40: =$K$30 | J40: = Rp | K40: =K38-K39
K41: Rp | L41: =K40
B43: JUMLAH SETELAH DIKURANGI RETENSI, UANG MUKA (a-b-c) | K43: Rp | L43: =L31-L36-L41
B45: PAJAK PERTAMBAHAN NILAI (PPN) | K45: Rp | L45: =ROUND(L43*INPUT!$B$45,0)
B47: TOTAL | K47: Rp | L47: =L43+L45
A49: Terbilang | C49: =": "&$N$14
A51: Demikian Berita Acara Pembayaran ini dibuat untuk dapat dipergunakan sebagaimana mestinya.
C53: PIHAK KEDUA | I53: PIHAK PERTAMA
C54: =UPPER(INPUT!$B$24) | I54: =UPPER(INPUT!$B$6)
C58: =INPUT!$B$23 | I58: =INPUT!$B$19
C59: Direktur | I59: =INPUT!$B$20

Sheet BAP 3
M1: TERMIN SHEET INI (jangan diubah kecuali perlu) | N1: 3
M2: Tanggal BAPM/BAP | N2: {=IF(IFERROR(INDEX(INPUT!$B$55:$B$58,$N$1),0)=0,"",INDEX(INPUT!$B$55:$B$58,$N$1))}
M3: Hari | N3: =IF($N$2="","",TEXT($N$2,"dddd"))
A4: BERITA ACARA PEMBAYARAN (BAP) | M4: Tanggal (huruf) | N4: =IF($N$2="","",IF(DAY($N$2)<20,VLOOKUP(DAY($N$2),HELPER!$A$3:$B$22,2,0),IF(DAY($N$2)<30,TRIM("Dua Puluh "&VLOOKUP(DAY($N$2)-20,HELPER!$A$3:$B$22,2,0)),TRIM("Tiga Puluh "&VLOOKUP(DAY($N$2)-30,HELPER!$A$3:$B$22,2,0)))))
A5: {=IF($N$2="","","Nomor : "&INDEX(INPUT!$D$55:$D$58,$N$1))} | M5: Bulan | N5: =IF($N$2="","",TEXT($N$2,"mmmm"))
M6: Tahun (huruf) | N6: =IF($N$2="","",TRIM(IF(INT(YEAR($N$2)/1000)=1,"Seribu ",IF(INT(YEAR($N$2)/1000)=0,"",IF(INT(INT(YEAR($N$2)/1000)/100)=0,"",IF(INT(INT(YEAR($N$2)/1000)/100)=1,"Seratus ",VLOOKUP(INT(INT(YEAR($N$2)/1000)/100),HELPER!$A$3:$B$22,2,0)&" Ratus "))&IF(MOD(INT(YEAR($N$2)/1000),100)=0,"",IF(MOD(INT(YEAR($N$2)/1000),100)<20,VLOOKUP(MOD(INT(YEAR($N$2)/1000),100),HELPER!$A$3:$B$22,2,0),VLOOKUP(INT(MOD(INT(YEAR($N$2)/1000),100)/10),HELPER!$A$3:$B$22,2,0)&" Puluh "&IF(MOD(INT(YEAR($N$2)/1000),10)=0,"",VLOOKUP(MOD(INT(YEAR($N$2)/1000),10),HELPER!$A$3:$B$22,2,0)))))&" Ribu ")&IF(MOD(YEAR($N$2),1000)=0,"",IF(INT(MOD(YEAR($N$2),1000)/100)=0,"",IF(INT(MOD(YEAR($N$2),1000)/100)=1,"Seratus ",VLOOKUP(INT(MOD(YEAR($N$2),1000)/100),HELPER!$A$3:$B$22,2,0)&" Ratus "))&IF(MOD(MOD(YEAR($N$2),1000),100)=0,"",IF(MOD(MOD(YEAR($N$2),1000),100)<20,VLOOKUP(MOD(MOD(YEAR($N$2),1000),100),HELPER!$A$3:$B$22,2,0),VLOOKUP(INT(MOD(MOD(YEAR($N$2),1000),100)/10),HELPER!$A$3:$B$22,2,0)&" Puluh "&IF(MOD(MOD(YEAR($N$2),1000),10)=0,"",VLOOKUP(MOD(MOD(YEAR($N$2),1000),10),HELPER!$A$3:$B$22,2,0)))))))
A7: =IF($N$7="","",$N$7&", kami yang bertanda tangan dibawah ini :") | M7: Kalimat pembuka | N7: =IF($N$2="","","Pada hari ini "&$N$3&", tanggal "&$N$4&" bulan "&$N$5&" tahun "&$N$6&" ("&TEXT($N$2,"dd/mm/yyyy")&")")
A9: I. | B9: =INPUT!$B$19 | F9: : | G9: ="Selaku "&INPUT!$B$20&", Proyek Pekerjaan "&INPUT!$B$5&" - Jakarta, dalam hal ini bertindak untuk dan atas nama "&INPUT!$B$6&" "&INPUT!$B$7&" yang berkedudukan di "&INPUT!$B$8&", (untuk selanjutnya disebut "&_xlfn.UNICHAR(8220)&"Pihak Pertama"&_xlfn.UNICHAR(8221)&")" | M9: Nilai total BAP | N9: =$L$47
M10: Kelompok miliar | N10: =INT(ROUND($N$9,0)/1000000000)
M11: Kelompok juta | N11: =MOD(INT(ROUND($N$9,0)/1000000),1000)
M12: Kelompok ribu | N12: =MOD(INT(ROUND($N$9,0)/1000),1000)
A13: II. | B13: =INPUT!$B$23 | F13: : | G13: ="Selaku Direktur "&UPPER(INPUT!$B$24)&", dalam hal ini bertindak untuk dan atas nama "&UPPER(INPUT!$B$24)&" yang berkedudukan di "&INPUT!$B$25&", (untuk selanjutnya disebut "&_xlfn.UNICHAR(8220)&"Pihak Kedua"&_xlfn.UNICHAR(8221)&")." | M13: Kelompok satuan | N13: =MOD(ROUND($N$9,0),1000)
M14: Terbilang | N14: =IF(ROUND($N$9,0)=0,"== Nol Rupiah ==","== "&TRIM(IF($N$10=0,"",IF($N$10=0,"",IF(INT($N$10/100)=0,"",IF(INT($N$10/100)=1,"Seratus ",VLOOKUP(INT($N$10/100),HELPER!$A$3:$B$22,2,0)&" Ratus "))&IF(MOD($N$10,100)=0,"",IF(MOD($N$10,100)<20,VLOOKUP(MOD($N$10,100),HELPER!$A$3:$B$22,2,0),VLOOKUP(INT(MOD($N$10,100)/10),HELPER!$A$3:$B$22,2,0)&" Puluh "&IF(MOD($N$10,10)=0,"",VLOOKUP(MOD($N$10,10),HELPER!$A$3:$B$22,2,0)))))&" Miliar ")&IF($N$11=0,"",IF($N$11=1,"Satu Juta ",IF($N$11=0,"",IF(INT($N$11/100)=0,"",IF(INT($N$11/100)=1,"Seratus ",VLOOKUP(INT($N$11/100),HELPER!$A$3:$B$22,2,0)&" Ratus "))&IF(MOD($N$11,100)=0,"",IF(MOD($N$11,100)<20,VLOOKUP(MOD($N$11,100),HELPER!$A$3:$B$22,2,0),VLOOKUP(INT(MOD($N$11,100)/10),HELPER!$A$3:$B$22,2,0)&" Puluh "&IF(MOD($N$11,10)=0,"",VLOOKUP(MOD($N$11,10),HELPER!$A$3:$B$22,2,0)))))&" Juta "))&IF($N$12=0,"",IF($N$12=1,"Seribu ",IF($N$12=0,"",IF(INT($N$12/100)=0,"",IF(INT($N$12/100)=1,"Seratus ",VLOOKUP(INT($N$12/100),HELPER!$A$3:$B$22,2,0)&" Ratus "))&IF(MOD($N$12,100)=0,"",IF(MOD($N$12,100)<20,VLOOKUP(MOD($N$12,100),HELPER!$A$3:$B$22,2,0),VLOOKUP(INT(MOD($N$12,100)/10),HELPER!$A$3:$B$22,2,0)&" Puluh "&IF(MOD($N$12,10)=0,"",VLOOKUP(MOD($N$12,10),HELPER!$A$3:$B$22,2,0)))))&" Ribu "))&IF($N$13=0,"",IF(INT($N$13/100)=0,"",IF(INT($N$13/100)=1,"Seratus ",VLOOKUP(INT($N$13/100),HELPER!$A$3:$B$22,2,0)&" Ratus "))&IF(MOD($N$13,100)=0,"",IF(MOD($N$13,100)<20,VLOOKUP(MOD($N$13,100),HELPER!$A$3:$B$22,2,0),VLOOKUP(INT(MOD($N$13,100)/10),HELPER!$A$3:$B$22,2,0)&" Puluh "&IF(MOD($N$13,10)=0,"",VLOOKUP(MOD($N$13,10),HELPER!$A$3:$B$22,2,0))))))&" Rupiah ==")
M16: Prestasi s/d saat ini | N16: {=IF(ITEM!$C$107=0,0,SUMPRODUCT((ROW($N$20:$N$23)-ROW($N$20)+1<=$N$1)*$N$20:$N$23)/ITEM!$C$107)}
A17: ="Menerangkan bahwa kedua belah pihak telah melakukan pemeriksaan atas pengadaan material "&$N$31&" sesuai lampiran pada Proyek Pekerjaan "&INPUT!$B$5&" berdasarkan :" | M17: Prestasi yang lalu | N17: {=IF(ITEM!$C$107=0,0,SUMPRODUCT((ROW($N$20:$N$23)-ROW($N$20)+1<$N$1)*$N$20:$N$23)/ITEM!$C$107)}
M18: Prestasi saat ini | N18: =$N$16-$N$17
A20: 1 | B20: Kontrak/SPM No. | D20: =": "&INPUT!$B$35&" Tanggal, "&TEXT(INPUT!$B$36,"dd mmmm yyyy") | M20: Nilai termin 1 | N20: =SUMPRODUCT(INDEX(ITEM!$G$4:$J$103,0,1),ITEM!$E$4:$E$103)
A21: 2 | B21: Jangka Waktu Pengadaan | D21: =": "&TEXT(INPUT!$B$36,"dd mmmm yyyy")&" s/d "&TEXT(INPUT!$B$37,"dd mmmm yyyy") | M21: Nilai termin 2 | N21: =SUMPRODUCT(INDEX(ITEM!$G$4:$J$103,0,2),ITEM!$E$4:$E$103)
A22: 3 | B22: Nilai Kontrak | D22: =": Rp "&HELPER!$H$28&" (Exclude PPN)" | M22: Nilai termin 3 | N22: =SUMPRODUCT(INDEX(ITEM!$G$4:$J$103,0,3),ITEM!$E$4:$E$103)
M23: Nilai termin 4 | N23: =SUMPRODUCT(INDEX(ITEM!$G$4:$J$103,0,4),ITEM!$E$4:$E$103)
A24: {=IF($N$2="","","Menyatakan bahwa prestasi Pihak Kedua s/d tanggal "&TEXT($N$2,"dd mmmm yyyy")&" telah mencapai "&TEXT($N$16,"0.00%")&" sesuai dengan Berita Acara Penerimaan Material Nomor : "&INDEX(INPUT!$C$55:$C$58,$N$1)&" pada tanggal "&TEXT($N$2,"dd mmmm yyyy")&". Maka Pihak Kedua berhak menerima pembayaran dengan perincian sebagai berikut :")}
M26: 3 MATERIAL TERBESAR DI BAPM TERMIN INI
A27: a | B27: Perhitungan Pembayaran | M27: Jml item diterima termin ini | N27: =COUNT(INDEX(ITEM!$O$4:$R$103,0,$N$1))
B28: - Prestasi s/d saat ini | E28: = | F28: =$N$16 | G28: x | H28: Rp | I28: =ITEM!$C$107 | J28: = Rp | K28: =ROUND(F28*I28,0) | M28: Peringkat 1 (harga termahal) | N28: =IFERROR(INDEX(ITEM!$B$4:$B$103,MATCH(LARGE(INDEX(ITEM!$O$4:$R$103,0,$N$1),1),INDEX(ITEM!$O$4:$R$103,0,$N$1),0)),"")
B29: - Prestasi yang lalu | E29: = | F29: =$N$17 | G29: x | H29: Rp | I29: =ITEM!$C$107 | J29: = Rp | K29: =ROUND(F29*I29,0) | M29: Peringkat 2 | N29: =IFERROR(INDEX(ITEM!$B$4:$B$103,MATCH(LARGE(INDEX(ITEM!$O$4:$R$103,0,$N$1),2),INDEX(ITEM!$O$4:$R$103,0,$N$1),0)),"")
B30: - Prestasi saat ini | E30: = | F30: =$N$18 | G30: x | H30: Rp | I30: =ITEM!$C$107 | J30: = Rp | K30: =K28-K29 | M30: Peringkat 3 | N30: =IFERROR(INDEX(ITEM!$B$4:$B$103,MATCH(LARGE(INDEX(ITEM!$O$4:$R$103,0,$N$1),3),INDEX(ITEM!$O$4:$R$103,0,$N$1),0)),"")
K31: Rp | L31: =K30 | M31: Kalimat daftar material | N31: =IF($N$27=0,"-",_xlfn.TEXTJOIN(", ",TRUE,$N$28:$N$30)&IF($N$27>3,", dll.",""))
A32: b | B32: Potongan Retensi
B33: Potongan Retensi s/d saat ini | E33: = | F33: =INPUT!$B$46 | G33: x | H33: Rp | I33: =$K$28 | J33: = Rp | K33: =ROUND(F33*I33,0)
B34: Potongan Retensi yang lalu | E34: = | F34: =INPUT!$B$46*$N$17 | G34: x | H34: Rp | I34: =$K$29 | J34: = Rp | K34: =ROUND(F34*I34,0)
B35: Potongan Retensi saat ini | E35: = | F35: =F33-F34 | G35: x | H35: Rp | I35: =$K$30 | J35: = Rp | K35: =K33-K34
K36: Rp | L36: =K35
A37: c | B37: Pengembalian Uang Muka
B38: Pengembalian Uang Muka s/d saat ini | E38: = | F38: =INPUT!$B$47 | G38: x | H38: Rp | I38: =$K$28 | J38: = Rp | K38: =ROUND(F38*I38,0)
B39: Pengembalian Uang Muka yang lalu | E39: = | F39: =INPUT!$B$47*$N$17 | G39: x | H39: Rp | I39: =$K$29 | J39: = Rp | K39: =ROUND(F39*I39,0)
B40: Pengembalian Uang Muka saat ini | E40: = | F40: =F38-F39 | G40: x | H40: Rp | I40: =$K$30 | J40: = Rp | K40: =K38-K39
K41: Rp | L41: =K40
B43: JUMLAH SETELAH DIKURANGI RETENSI, UANG MUKA (a-b-c) | K43: Rp | L43: =L31-L36-L41
B45: PAJAK PERTAMBAHAN NILAI (PPN) | K45: Rp | L45: =ROUND(L43*INPUT!$B$45,0)
B47: TOTAL | K47: Rp | L47: =L43+L45
A49: Terbilang | C49: =": "&$N$14
A51: Demikian Berita Acara Pembayaran ini dibuat untuk dapat dipergunakan sebagaimana mestinya.
C53: PIHAK KEDUA | I53: PIHAK PERTAMA
C54: =UPPER(INPUT!$B$24) | I54: =UPPER(INPUT!$B$6)
C58: =INPUT!$B$23 | I58: =INPUT!$B$19
C59: Direktur | I59: =INPUT!$B$20

Sheet BAP 4
M1: TERMIN SHEET INI (jangan diubah kecuali perlu) | N1: 4
M2: Tanggal BAPM/BAP | N2: {=IF(IFERROR(INDEX(INPUT!$B$55:$B$58,$N$1),0)=0,"",INDEX(INPUT!$B$55:$B$58,$N$1))}
M3: Hari | N3: =IF($N$2="","",TEXT($N$2,"dddd"))
A4: BERITA ACARA PEMBAYARAN (BAP) | M4: Tanggal (huruf) | N4: =IF($N$2="","",IF(DAY($N$2)<20,VLOOKUP(DAY($N$2),HELPER!$A$3:$B$22,2,0),IF(DAY($N$2)<30,TRIM("Dua Puluh "&VLOOKUP(DAY($N$2)-20,HELPER!$A$3:$B$22,2,0)),TRIM("Tiga Puluh "&VLOOKUP(DAY($N$2)-30,HELPER!$A$3:$B$22,2,0)))))
A5: {=IF($N$2="","","Nomor : "&INDEX(INPUT!$D$55:$D$58,$N$1))} | M5: Bulan | N5: =IF($N$2="","",TEXT($N$2,"mmmm"))
M6: Tahun (huruf) | N6: =IF($N$2="","",TRIM(IF(INT(YEAR($N$2)/1000)=1,"Seribu ",IF(INT(YEAR($N$2)/1000)=0,"",IF(INT(INT(YEAR($N$2)/1000)/100)=0,"",IF(INT(INT(YEAR($N$2)/1000)/100)=1,"Seratus ",VLOOKUP(INT(INT(YEAR($N$2)/1000)/100),HELPER!$A$3:$B$22,2,0)&" Ratus "))&IF(MOD(INT(YEAR($N$2)/1000),100)=0,"",IF(MOD(INT(YEAR($N$2)/1000),100)<20,VLOOKUP(MOD(INT(YEAR($N$2)/1000),100),HELPER!$A$3:$B$22,2,0),VLOOKUP(INT(MOD(INT(YEAR($N$2)/1000),100)/10),HELPER!$A$3:$B$22,2,0)&" Puluh "&IF(MOD(INT(YEAR($N$2)/1000),10)=0,"",VLOOKUP(MOD(INT(YEAR($N$2)/1000),10),HELPER!$A$3:$B$22,2,0)))))&" Ribu ")&IF(MOD(YEAR($N$2),1000)=0,"",IF(INT(MOD(YEAR($N$2),1000)/100)=0,"",IF(INT(MOD(YEAR($N$2),1000)/100)=1,"Seratus ",VLOOKUP(INT(MOD(YEAR($N$2),1000)/100),HELPER!$A$3:$B$22,2,0)&" Ratus "))&IF(MOD(MOD(YEAR($N$2),1000),100)=0,"",IF(MOD(MOD(YEAR($N$2),1000),100)<20,VLOOKUP(MOD(MOD(YEAR($N$2),1000),100),HELPER!$A$3:$B$22,2,0),VLOOKUP(INT(MOD(MOD(YEAR($N$2),1000),100)/10),HELPER!$A$3:$B$22,2,0)&" Puluh "&IF(MOD(MOD(YEAR($N$2),1000),10)=0,"",VLOOKUP(MOD(MOD(YEAR($N$2),1000),10),HELPER!$A$3:$B$22,2,0)))))))
A7: =IF($N$7="","",$N$7&", kami yang bertanda tangan dibawah ini :") | M7: Kalimat pembuka | N7: =IF($N$2="","","Pada hari ini "&$N$3&", tanggal "&$N$4&" bulan "&$N$5&" tahun "&$N$6&" ("&TEXT($N$2,"dd/mm/yyyy")&")")
A9: I. | B9: =INPUT!$B$19 | F9: : | G9: ="Selaku "&INPUT!$B$20&", Proyek Pekerjaan "&INPUT!$B$5&" - Jakarta, dalam hal ini bertindak untuk dan atas nama "&INPUT!$B$6&" "&INPUT!$B$7&" yang berkedudukan di "&INPUT!$B$8&", (untuk selanjutnya disebut "&_xlfn.UNICHAR(8220)&"Pihak Pertama"&_xlfn.UNICHAR(8221)&")" | M9: Nilai total BAP | N9: =$L$47
M10: Kelompok miliar | N10: =INT(ROUND($N$9,0)/1000000000)
M11: Kelompok juta | N11: =MOD(INT(ROUND($N$9,0)/1000000),1000)
M12: Kelompok ribu | N12: =MOD(INT(ROUND($N$9,0)/1000),1000)
A13: II. | B13: =INPUT!$B$23 | F13: : | G13: ="Selaku Direktur "&UPPER(INPUT!$B$24)&", dalam hal ini bertindak untuk dan atas nama "&UPPER(INPUT!$B$24)&" yang berkedudukan di "&INPUT!$B$25&", (untuk selanjutnya disebut "&_xlfn.UNICHAR(8220)&"Pihak Kedua"&_xlfn.UNICHAR(8221)&")." | M13: Kelompok satuan | N13: =MOD(ROUND($N$9,0),1000)
M14: Terbilang | N14: =IF(ROUND($N$9,0)=0,"== Nol Rupiah ==","== "&TRIM(IF($N$10=0,"",IF($N$10=0,"",IF(INT($N$10/100)=0,"",IF(INT($N$10/100)=1,"Seratus ",VLOOKUP(INT($N$10/100),HELPER!$A$3:$B$22,2,0)&" Ratus "))&IF(MOD($N$10,100)=0,"",IF(MOD($N$10,100)<20,VLOOKUP(MOD($N$10,100),HELPER!$A$3:$B$22,2,0),VLOOKUP(INT(MOD($N$10,100)/10),HELPER!$A$3:$B$22,2,0)&" Puluh "&IF(MOD($N$10,10)=0,"",VLOOKUP(MOD($N$10,10),HELPER!$A$3:$B$22,2,0)))))&" Miliar ")&IF($N$11=0,"",IF($N$11=1,"Satu Juta ",IF($N$11=0,"",IF(INT($N$11/100)=0,"",IF(INT($N$11/100)=1,"Seratus ",VLOOKUP(INT($N$11/100),HELPER!$A$3:$B$22,2,0)&" Ratus "))&IF(MOD($N$11,100)=0,"",IF(MOD($N$11,100)<20,VLOOKUP(MOD($N$11,100),HELPER!$A$3:$B$22,2,0),VLOOKUP(INT(MOD($N$11,100)/10),HELPER!$A$3:$B$22,2,0)&" Puluh "&IF(MOD($N$11,10)=0,"",VLOOKUP(MOD($N$11,10),HELPER!$A$3:$B$22,2,0)))))&" Juta "))&IF($N$12=0,"",IF($N$12=1,"Seribu ",IF($N$12=0,"",IF(INT($N$12/100)=0,"",IF(INT($N$12/100)=1,"Seratus ",VLOOKUP(INT($N$12/100),HELPER!$A$3:$B$22,2,0)&" Ratus "))&IF(MOD($N$12,100)=0,"",IF(MOD($N$12,100)<20,VLOOKUP(MOD($N$12,100),HELPER!$A$3:$B$22,2,0),VLOOKUP(INT(MOD($N$12,100)/10),HELPER!$A$3:$B$22,2,0)&" Puluh "&IF(MOD($N$12,10)=0,"",VLOOKUP(MOD($N$12,10),HELPER!$A$3:$B$22,2,0)))))&" Ribu "))&IF($N$13=0,"",IF(INT($N$13/100)=0,"",IF(INT($N$13/100)=1,"Seratus ",VLOOKUP(INT($N$13/100),HELPER!$A$3:$B$22,2,0)&" Ratus "))&IF(MOD($N$13,100)=0,"",IF(MOD($N$13,100)<20,VLOOKUP(MOD($N$13,100),HELPER!$A$3:$B$22,2,0),VLOOKUP(INT(MOD($N$13,100)/10),HELPER!$A$3:$B$22,2,0)&" Puluh "&IF(MOD($N$13,10)=0,"",VLOOKUP(MOD($N$13,10),HELPER!$A$3:$B$22,2,0))))))&" Rupiah ==")
M16: Prestasi s/d saat ini | N16: {=IF(ITEM!$C$107=0,0,SUMPRODUCT((ROW($N$20:$N$23)-ROW($N$20)+1<=$N$1)*$N$20:$N$23)/ITEM!$C$107)}
A17: ="Menerangkan bahwa kedua belah pihak telah melakukan pemeriksaan atas pengadaan material "&$N$31&" sesuai lampiran pada Proyek Pekerjaan "&INPUT!$B$5&" berdasarkan :" | M17: Prestasi yang lalu | N17: {=IF(ITEM!$C$107=0,0,SUMPRODUCT((ROW($N$20:$N$23)-ROW($N$20)+1<$N$1)*$N$20:$N$23)/ITEM!$C$107)}
M18: Prestasi saat ini | N18: =$N$16-$N$17
A20: 1 | B20: Kontrak/SPM No. | D20: =": "&INPUT!$B$35&" Tanggal, "&TEXT(INPUT!$B$36,"dd mmmm yyyy") | M20: Nilai termin 1 | N20: =SUMPRODUCT(INDEX(ITEM!$G$4:$J$103,0,1),ITEM!$E$4:$E$103)
A21: 2 | B21: Jangka Waktu Pengadaan | D21: =": "&TEXT(INPUT!$B$36,"dd mmmm yyyy")&" s/d "&TEXT(INPUT!$B$37,"dd mmmm yyyy") | M21: Nilai termin 2 | N21: =SUMPRODUCT(INDEX(ITEM!$G$4:$J$103,0,2),ITEM!$E$4:$E$103)
A22: 3 | B22: Nilai Kontrak | D22: =": Rp "&HELPER!$H$28&" (Exclude PPN)" | M22: Nilai termin 3 | N22: =SUMPRODUCT(INDEX(ITEM!$G$4:$J$103,0,3),ITEM!$E$4:$E$103)
M23: Nilai termin 4 | N23: =SUMPRODUCT(INDEX(ITEM!$G$4:$J$103,0,4),ITEM!$E$4:$E$103)
A24: {=IF($N$2="","","Menyatakan bahwa prestasi Pihak Kedua s/d tanggal "&TEXT($N$2,"dd mmmm yyyy")&" telah mencapai "&TEXT($N$16,"0.00%")&" sesuai dengan Berita Acara Penerimaan Material Nomor : "&INDEX(INPUT!$C$55:$C$58,$N$1)&" pada tanggal "&TEXT($N$2,"dd mmmm yyyy")&". Maka Pihak Kedua berhak menerima pembayaran dengan perincian sebagai berikut :")}
M26: 3 MATERIAL TERBESAR DI BAPM TERMIN INI
A27: a | B27: Perhitungan Pembayaran | M27: Jml item diterima termin ini | N27: =COUNT(INDEX(ITEM!$O$4:$R$103,0,$N$1))
B28: - Prestasi s/d saat ini | E28: = | F28: =$N$16 | G28: x | H28: Rp | I28: =ITEM!$C$107 | J28: = Rp | K28: =ROUND(F28*I28,0) | M28: Peringkat 1 (harga termahal) | N28: =IFERROR(INDEX(ITEM!$B$4:$B$103,MATCH(LARGE(INDEX(ITEM!$O$4:$R$103,0,$N$1),1),INDEX(ITEM!$O$4:$R$103,0,$N$1),0)),"")
B29: - Prestasi yang lalu | E29: = | F29: =$N$17 | G29: x | H29: Rp | I29: =ITEM!$C$107 | J29: = Rp | K29: =ROUND(F29*I29,0) | M29: Peringkat 2 | N29: =IFERROR(INDEX(ITEM!$B$4:$B$103,MATCH(LARGE(INDEX(ITEM!$O$4:$R$103,0,$N$1),2),INDEX(ITEM!$O$4:$R$103,0,$N$1),0)),"")
B30: - Prestasi saat ini | E30: = | F30: =$N$18 | G30: x | H30: Rp | I30: =ITEM!$C$107 | J30: = Rp | K30: =K28-K29 | M30: Peringkat 3 | N30: =IFERROR(INDEX(ITEM!$B$4:$B$103,MATCH(LARGE(INDEX(ITEM!$O$4:$R$103,0,$N$1),3),INDEX(ITEM!$O$4:$R$103,0,$N$1),0)),"")
K31: Rp | L31: =K30 | M31: Kalimat daftar material | N31: =IF($N$27=0,"-",_xlfn.TEXTJOIN(", ",TRUE,$N$28:$N$30)&IF($N$27>3,", dll.",""))
A32: b | B32: Potongan Retensi
B33: Potongan Retensi s/d saat ini | E33: = | F33: =INPUT!$B$46 | G33: x | H33: Rp | I33: =$K$28 | J33: = Rp | K33: =ROUND(F33*I33,0)
B34: Potongan Retensi yang lalu | E34: = | F34: =INPUT!$B$46*$N$17 | G34: x | H34: Rp | I34: =$K$29 | J34: = Rp | K34: =ROUND(F34*I34,0)
B35: Potongan Retensi saat ini | E35: = | F35: =F33-F34 | G35: x | H35: Rp | I35: =$K$30 | J35: = Rp | K35: =K33-K34
K36: Rp | L36: =K35
A37: c | B37: Pengembalian Uang Muka
B38: Pengembalian Uang Muka s/d saat ini | E38: = | F38: =INPUT!$B$47 | G38: x | H38: Rp | I38: =$K$28 | J38: = Rp | K38: =ROUND(F38*I38,0)
B39: Pengembalian Uang Muka yang lalu | E39: = | F39: =INPUT!$B$47*$N$17 | G39: x | H39: Rp | I39: =$K$29 | J39: = Rp | K39: =ROUND(F39*I39,0)
B40: Pengembalian Uang Muka saat ini | E40: = | F40: =F38-F39 | G40: x | H40: Rp | I40: =$K$30 | J40: = Rp | K40: =K38-K39
K41: Rp | L41: =K40
B43: JUMLAH SETELAH DIKURANGI RETENSI, UANG MUKA (a-b-c) | K43: Rp | L43: =L31-L36-L41
B45: PAJAK PERTAMBAHAN NILAI (PPN) | K45: Rp | L45: =ROUND(L43*INPUT!$B$45,0)
B47: TOTAL | K47: Rp | L47: =L43+L45
A49: Terbilang | C49: =": "&$N$14
A51: Demikian Berita Acara Pembayaran ini dibuat untuk dapat dipergunakan sebagaimana mestinya.
C53: PIHAK KEDUA | I53: PIHAK PERTAMA
C54: =UPPER(INPUT!$B$24) | I54: =UPPER(INPUT!$B$6)
C58: =INPUT!$B$23 | I58: =INPUT!$B$19
C59: Direktur | I59: =INPUT!$B$20

Sheet REKAP
A1: REKAP TAGIHAN PENGADAAN BARANG (SUMBER DATA PIVOT)
A2: Satu baris = satu BAP. Baris terisi otomatis dari sheet INPUT & ITEM. Tambahkan baris riwayat bulan lain di bawah tabel bila perlu.
A3: Bulan Tagihan | B3: No. SPM | C3: Vendor | D3: Direktur | E3: Termin | F3: No. BAPM | G3: No. BAP | H3: Tanggal BAP | I3: Nilai Kontrak (Exc. PPN) | J3: Progres Kumulatif | K3: Nilai Prestasi Saat Ini | L3: Potongan Retensi | M3: Pengembalian Uang Muka | N3: DPP Bersih | O3: PPN | P3: Total Tagihan | Q3: Jatuh Tempo | R3: Status
A4: =IF($K4=0,"(Belum ada pengiriman)",INPUT!$B$38) | B4: =IF($K4=0,"-",INPUT!$B$35) | C4: =IF($K4=0,"-",INPUT!$B$24) | D4: =IF($K4=0,"",INPUT!$B$23) | E4: Termin 1 | F4: =IF($K4=0,"",INDEX(INPUT!$C$55:$C$58,1)) | G4: =IF($K4=0,"",INDEX(INPUT!$D$55:$D$58,1)) | H4: =IF($K4=0,"",INDEX(INPUT!$B$55:$B$58,1)) | I4: =IF($K4=0,"",ITEM!$C$107) | J4: =IF($K4=0,"",SUM($K$4:$K4)/ITEM!$C$107) | K4: =ROUND(SUMPRODUCT(INDEX(ITEM!$G$4:$J$23,0,1),ITEM!$E$4:$E$23),0) | L4: =IF($K4=0,"",ROUND(INPUT!$B$46*$K4,0)) | M4: =IF($K4=0,"",ROUND(INPUT!$B$47*$K4,0)) | N4: =IF($K4=0,"",$K4-$L4-$M4) | O4: =IF($K4=0,"",ROUND($N4*INPUT!$B$45,0)) | P4: =IF($K4=0,"",$N4+$O4) | Q4: =IF($K4=0,"",INDEX(INPUT!$E$55:$E$58,1)) | R4: =IF($K4=0,"Belum ada pengiriman",IF(1>INPUT!$B$48,"Di luar termin","Siap ditagihkan"))
A5: =IF($K5=0,"(Belum ada pengiriman)",INPUT!$B$38) | B5: =IF($K5=0,"-",INPUT!$B$35) | C5: =IF($K5=0,"-",INPUT!$B$24) | D5: =IF($K5=0,"",INPUT!$B$23) | E5: Termin 2 | F5: =IF($K5=0,"",INDEX(INPUT!$C$55:$C$58,2)) | G5: =IF($K5=0,"",INDEX(INPUT!$D$55:$D$58,2)) | H5: =IF($K5=0,"",INDEX(INPUT!$B$55:$B$58,2)) | I5: =IF($K5=0,"",ITEM!$C$107) | J5: =IF($K5=0,"",SUM($K$4:$K5)/ITEM!$C$107) | K5: =ROUND(SUMPRODUCT(INDEX(ITEM!$G$4:$J$23,0,2),ITEM!$E$4:$E$23),0) | L5: =IF($K5=0,"",ROUND(INPUT!$B$46*$K5,0)) | M5: =IF($K5=0,"",ROUND(INPUT!$B$47*$K5,0)) | N5: =IF($K5=0,"",$K5-$L5-$M5) | O5: =IF($K5=0,"",ROUND($N5*INPUT!$B$45,0)) | P5: =IF($K5=0,"",$N5+$O5) | Q5: =IF($K5=0,"",INDEX(INPUT!$E$55:$E$58,2)) | R5: =IF($K5=0,"Belum ada pengiriman",IF(2>INPUT!$B$48,"Di luar termin","Siap ditagihkan"))
A6: =IF($K6=0,"(Belum ada pengiriman)",INPUT!$B$38) | B6: =IF($K6=0,"-",INPUT!$B$35) | C6: =IF($K6=0,"-",INPUT!$B$24) | D6: =IF($K6=0,"",INPUT!$B$23) | E6: Termin 3 | F6: =IF($K6=0,"",INDEX(INPUT!$C$55:$C$58,3)) | G6: =IF($K6=0,"",INDEX(INPUT!$D$55:$D$58,3)) | H6: =IF($K6=0,"",INDEX(INPUT!$B$55:$B$58,3)) | I6: =IF($K6=0,"",ITEM!$C$107) | J6: =IF($K6=0,"",SUM($K$4:$K6)/ITEM!$C$107) | K6: =ROUND(SUMPRODUCT(INDEX(ITEM!$G$4:$J$23,0,3),ITEM!$E$4:$E$23),0) | L6: =IF($K6=0,"",ROUND(INPUT!$B$46*$K6,0)) | M6: =IF($K6=0,"",ROUND(INPUT!$B$47*$K6,0)) | N6: =IF($K6=0,"",$K6-$L6-$M6) | O6: =IF($K6=0,"",ROUND($N6*INPUT!$B$45,0)) | P6: =IF($K6=0,"",$N6+$O6) | Q6: =IF($K6=0,"",INDEX(INPUT!$E$55:$E$58,3)) | R6: =IF($K6=0,"Belum ada pengiriman",IF(3>INPUT!$B$48,"Di luar termin","Siap ditagihkan"))
A7: =IF($K7=0,"(Belum ada pengiriman)",INPUT!$B$38) | B7: =IF($K7=0,"-",INPUT!$B$35) | C7: =IF($K7=0,"-",INPUT!$B$24) | D7: =IF($K7=0,"",INPUT!$B$23) | E7: Termin 4 | F7: =IF($K7=0,"",INDEX(INPUT!$C$55:$C$58,4)) | G7: =IF($K7=0,"",INDEX(INPUT!$D$55:$D$58,4)) | H7: =IF($K7=0,"",INDEX(INPUT!$B$55:$B$58,4)) | I7: =IF($K7=0,"",ITEM!$C$107) | J7: =IF($K7=0,"",SUM($K$4:$K7)/ITEM!$C$107) | K7: =ROUND(SUMPRODUCT(INDEX(ITEM!$G$4:$J$23,0,4),ITEM!$E$4:$E$23),0) | L7: =IF($K7=0,"",ROUND(INPUT!$B$46*$K7,0)) | M7: =IF($K7=0,"",ROUND(INPUT!$B$47*$K7,0)) | N7: =IF($K7=0,"",$K7-$L7-$M7) | O7: =IF($K7=0,"",ROUND($N7*INPUT!$B$45,0)) | P7: =IF($K7=0,"",$N7+$O7) | Q7: =IF($K7=0,"",INDEX(INPUT!$E$55:$E$58,4)) | R7: =IF($K7=0,"Belum ada pengiriman",IF(4>INPUT!$B$48,"Di luar termin","Siap ditagihkan"))

Sheet PIVOT
A1: REKAP OTOMATIS TAGIHAN — MENGIKUTI SHEET BAPM / BAP YANG ADA
A2: Seluruh angka adalah rumus langsung dari sheet BAPM, BAP dan ITEM. Tidak perlu Refresh — otomatis ikut berubah saat ITEM / INPUT diubah.
A4: TERMIN | B4: NOMOR BAPM | C4: NOMOR BAP | D4: TANGGAL | E4: PROGRES YG LALU | F4: PROGRES SAAT INI | G4: PROGRES S/D SAAT INI | H4: NILAI PRESTASI (DPP) | I4: RETENSI | J4: UANG MUKA | K4: DPP BERSIH | L4: PPN | M4: TOTAL TAGIHAN | N4: JATUH TEMPO | O4: STATUS | P4: (bulan)
A5: Termin 1 | B5: =IF(BAPM!$O$2="","",SUBSTITUTE(BAPM!$A$6,"Nomor : ","")) | C5: =IF(BAP!$N$2="","",SUBSTITUTE(BAP!$A$5,"Nomor : ","")) | D5: =BAPM!$O$2 | E5: =BAPM!$H$130 | F5: =BAPM!$H$131 | G5: =BAPM!$H$129 | H5: =BAPM!$K$131 | I5: =BAP!$L$36 | J5: =BAP!$L$41 | K5: =BAP!$L$43 | L5: =BAP!$L$45 | M5: =BAP!$L$47 | N5: =IFERROR(INDEX(INPUT!$E$55:$E$58,1),"") | O5: =IF(1>INPUT!$B$48,"Di luar termin",IF($D5="","Tanggal termin belum diisi",IF($H5=0,"Belum ada pengiriman","Siap ditagihkan"))) | P5: =IF($D5="","",TEXT($D5,"mmmm yyyy"))
A6: Termin 2 | B6: =IF(BAPM!$O$2="","",SUBSTITUTE(BAPM!$A$6,"Nomor : ","")) | C6: =IF(BAP!$N$2="","",SUBSTITUTE(BAP!$A$5,"Nomor : ","")) | D6: =BAPM!$O$2 | E6: ='BAPM 2'!$H$130 | F6: ='BAPM 2'!$H$131 | G6: ='BAPM 2'!$H$129 | H6: ='BAPM 2'!$K$131 | I6: ='BAP 2'!$L$36 | J6: ='BAP 2'!$L$41 | K6: ='BAP 2'!$L$43 | L6: ='BAP 2'!$L$45 | M6: ='BAP 2'!$L$47 | N6: =IFERROR(INDEX(INPUT!$E$55:$E$58,2),"") | O6: =IF(2>INPUT!$B$48,"Di luar termin",IF($D6="","Tanggal termin belum diisi",IF($H6=0,"Belum ada pengiriman","Siap ditagihkan"))) | P6: =IF($D6="","",TEXT($D6,"mmmm yyyy"))
A7: Termin 3 | B7: =IF(BAPM!$O$2="","",SUBSTITUTE(BAPM!$A$6,"Nomor : ","")) | C7: =IF(BAP!$N$2="","",SUBSTITUTE(BAP!$A$5,"Nomor : ","")) | D7: =BAPM!$O$2 | E7: ='BAPM 3'!$H$130 | F7: ='BAPM 3'!$H$131 | G7: ='BAPM 3'!$H$129 | H7: ='BAPM 3'!$K$131 | I7: ='BAP 3'!$L$36 | J7: ='BAP 3'!$L$41 | K7: ='BAP 3'!$L$43 | L7: ='BAP 3'!$L$45 | M7: ='BAP 3'!$L$47 | N7: =IFERROR(INDEX(INPUT!$E$55:$E$58,3),"") | O7: =IF(3>INPUT!$B$48,"Di luar termin",IF($D7="","Tanggal termin belum diisi",IF($H7=0,"Belum ada pengiriman","Siap ditagihkan"))) | P7: =IF($D7="","",TEXT($D7,"mmmm yyyy"))
A8: Termin 4 | B8: =IF('BAPM 4'!$O$2="","",SUBSTITUTE('BAPM 4'!$A$6,"Nomor : ","")) | C8: =IF('BAP 4'!$N$2="","",SUBSTITUTE('BAP 4'!$A$5,"Nomor : ","")) | D8: ='BAPM 4'!$O$2 | E8: ='BAPM 4'!$H$130 | F8: ='BAPM 4'!$H$131 | G8: ='BAPM 4'!$H$129 | H8: ='BAPM 4'!$K$131 | I8: ='BAP 4'!$L$36 | J8: ='BAP 4'!$L$41 | K8: ='BAP 4'!$L$43 | L8: ='BAP 4'!$L$45 | M8: ='BAP 4'!$L$47 | N8: =IFERROR(INDEX(INPUT!$E$55:$E$58,4),"") | O8: =IF(4>INPUT!$B$48,"Di luar termin",IF($D8="","Tanggal termin belum diisi",IF($H8=0,"Belum ada pengiriman","Siap ditagihkan"))) | P8: =IF($D8="","",TEXT($D8,"mmmm yyyy"))
A9: TOTAL | H9: =SUM(H5:H8) | I9: =SUM(I5:I8) | J9: =SUM(J5:J8) | K9: =SUM(K5:K8) | L9: =SUM(L5:L8) | M9: =SUM(M5:M8)
A11: PENGENDALIAN NILAI KONTRAK
A12: Nilai Kontrak (Exclude PPN) | C12: =ITEM!$C$107
A13: Total DPP seluruh termin | C13: =$H$9
A14: Selisih (harus 0 bila sudah 100%) | C14: =$C$12-$C$13
A15: Progres kumulatif akhir | C15: =IF($C$12=0,0,$C$13/$C$12)
A16: PPN seluruh termin | C16: =$L$9
A17: Total tagihan termasuk PPN | C17: =$M$9
A19: REKAP PER BULAN (berdasarkan tanggal BAP)
A20: BULAN | B20: JUMLAH BAP | C20: DPP BERSIH | D20: PPN | E20: TOTAL TAGIHAN
A21: =IF($P$5="","",$P$5) | B21: =IF($A21="","",COUNTIF($P$5:$P$8,$A21)) | C21: =IF($A21="","",SUMIF($P$5:$P$8,$A21,$K$5:$K$8)) | D21: =IF($A21="","",SUMIF($P$5:$P$8,$A21,$L$5:$L$8)) | E21: =IF($A21="","",SUMIF($P$5:$P$8,$A21,$M$5:$M$8))
A22: =IF($P$6="","",IF(COUNTIF($A$21:$A21,$P$6)>0,"",$P$6)) | B22: =IF($A22="","",COUNTIF($P$5:$P$8,$A22)) | C22: =IF($A22="","",SUMIF($P$5:$P$8,$A22,$K$5:$K$8)) | D22: =IF($A22="","",SUMIF($P$5:$P$8,$A22,$L$5:$L$8)) | E22: =IF($A22="","",SUMIF($P$5:$P$8,$A22,$M$5:$M$8))
A23: =IF($P$7="","",IF(COUNTIF($A$21:$A22,$P$7)>0,"",$P$7)) | B23: =IF($A23="","",COUNTIF($P$5:$P$8,$A23)) | C23: =IF($A23="","",SUMIF($P$5:$P$8,$A23,$K$5:$K$8)) | D23: =IF($A23="","",SUMIF($P$5:$P$8,$A23,$L$5:$L$8)) | E23: =IF($A23="","",SUMIF($P$5:$P$8,$A23,$M$5:$M$8))
A24: =IF($P$8="","",IF(COUNTIF($A$21:$A23,$P$8)>0,"",$P$8)) | B24: =IF($A24="","",COUNTIF($P$5:$P$8,$A24)) | C24: =IF($A24="","",SUMIF($P$5:$P$8,$A24,$K$5:$K$8)) | D24: =IF($A24="","",SUMIF($P$5:$P$8,$A24,$L$5:$L$8)) | E24: =IF($A24="","",SUMIF($P$5:$P$8,$A24,$M$5:$M$8))

Sheet HELPER
A1: TABEL BANTU KONVERSI ANGKA KE HURUF (TERBILANG)
A2: ANGKA | B2: HURUF | D2: KETERANGAN | E2: NILAI | F2: MILIAR | G2: JUTA | H2: RIBU | I2: SATUAN | J2: (kata miliar) | K2: (kata juta/ribu/satuan) | L2: TERBILANG | N2: TANGGAL AKTIF (TERMIN) | O2: HARI | P2: TANGGAL (HURUF) | Q2: BULAN | R2: TAHUN (HURUF) | S2: KALIMAT PEMBUKA | U2: BARIS DATA REKANAN (pencocokan Nama Vendor)
A3: 0 | D3: Nilai Kontrak (Exclude PPN) | E3: =ROUND(ITEM!$C$107,0) | F3: =INT($E3/1000000000) | G3: =MOD(INT($E3/1000000),1000) | H3: =MOD(INT($E3/1000),1000) | I3: =MOD($E3,1000) | J3: =IF($F3=0,"",IF($F3=0,"",IF(INT($F3/100)=0,"",IF(INT($F3/100)=1,"Seratus ",VLOOKUP(INT($F3/100),$A$3:$B$22,2,0)&" Ratus "))&IF(MOD($F3,100)=0,"",IF(MOD($F3,100)<20,VLOOKUP(MOD($F3,100),$A$3:$B$22,2,0),VLOOKUP(INT(MOD($F3,100)/10),$A$3:$B$22,2,0)&" Puluh "&IF(MOD($F3,10)=0,"",VLOOKUP(MOD($F3,10),$A$3:$B$22,2,0)))))&" Miliar ") | K3: =IF($G3=0,"",IF($G3=1,"Satu Juta ",IF($G3=0,"",IF(INT($G3/100)=0,"",IF(INT($G3/100)=1,"Seratus ",VLOOKUP(INT($G3/100),$A$3:$B$22,2,0)&" Ratus "))&IF(MOD($G3,100)=0,"",IF(MOD($G3,100)<20,VLOOKUP(MOD($G3,100),$A$3:$B$22,2,0),VLOOKUP(INT(MOD($G3,100)/10),$A$3:$B$22,2,0)&" Puluh "&IF(MOD($G3,10)=0,"",VLOOKUP(MOD($G3,10),$A$3:$B$22,2,0)))))&" Juta "))&IF($H3=0,"",IF($H3=1,"Seribu ",IF($H3=0,"",IF(INT($H3/100)=0,"",IF(INT($H3/100)=1,"Seratus ",VLOOKUP(INT($H3/100),$A$3:$B$22,2,0)&" Ratus "))&IF(MOD($H3,100)=0,"",IF(MOD($H3,100)<20,VLOOKUP(MOD($H3,100),$A$3:$B$22,2,0),VLOOKUP(INT(MOD($H3,100)/10),$A$3:$B$22,2,0)&" Puluh "&IF(MOD($H3,10)=0,"",VLOOKUP(MOD($H3,10),$A$3:$B$22,2,0)))))&" Ribu "))&IF($I3=0,"",IF(INT($I3/100)=0,"",IF(INT($I3/100)=1,"Seratus ",VLOOKUP(INT($I3/100),$A$3:$B$22,2,0)&" Ratus "))&IF(MOD($I3,100)=0,"",IF(MOD($I3,100)<20,VLOOKUP(MOD($I3,100),$A$3:$B$22,2,0),VLOOKUP(INT(MOD($I3,100)/10),$A$3:$B$22,2,0)&" Puluh "&IF(MOD($I3,10)=0,"",VLOOKUP(MOD($I3,10),$A$3:$B$22,2,0))))) | L3: =IF($E3=0,"== Nol Rupiah ==","== "&TRIM($J3&$K3)&" Rupiah ==") | N3: {=INDEX(INPUT!$B$55:$B$57,INPUT!$B$49)} | O3: =TEXT($N$3,"dddd") | P3: =IF(DAY($N$3)<20,VLOOKUP(DAY($N$3),$A$3:$B$22,2,0),IF(DAY($N$3)<30,TRIM("Dua Puluh "&VLOOKUP(DAY($N$3)-20,$A$3:$B$22,2,0)),TRIM("Tiga Puluh "&VLOOKUP(DAY($N$3)-30,$A$3:$B$22,2,0)))) | Q3: =TEXT($N$3,"mmmm") | R3: =TRIM(IF(INT(YEAR($N$3)/1000)=1,"Seribu ",IF(INT(YEAR($N$3)/1000)=0,"",IF(INT(INT(YEAR($N$3)/1000)/100)=0,"",IF(INT(INT(YEAR($N$3)/1000)/100)=1,"Seratus ",VLOOKUP(INT(INT(YEAR($N$3)/1000)/100),$A$3:$B$22,2,0)&" Ratus "))&IF(MOD(INT(YEAR($N$3)/1000),100)=0,"",IF(MOD(INT(YEAR($N$3)/1000),100)<20,VLOOKUP(MOD(INT(YEAR($N$3)/1000),100),$A$3:$B$22,2,0),VLOOKUP(INT(MOD(INT(YEAR($N$3)/1000),100)/10),$A$3:$B$22,2,0)&" Puluh "&IF(MOD(INT(YEAR($N$3)/1000),10)=0,"",VLOOKUP(MOD(INT(YEAR($N$3)/1000),10),$A$3:$B$22,2,0)))))&" Ribu ")&IF(MOD(YEAR($N$3),1000)=0,"",IF(INT(MOD(YEAR($N$3),1000)/100)=0,"",IF(INT(MOD(YEAR($N$3),1000)/100)=1,"Seratus ",VLOOKUP(INT(MOD(YEAR($N$3),1000)/100),$A$3:$B$22,2,0)&" Ratus "))&IF(MOD(MOD(YEAR($N$3),1000),100)=0,"",IF(MOD(MOD(YEAR($N$3),1000),100)<20,VLOOKUP(MOD(MOD(YEAR($N$3),1000),100),$A$3:$B$22,2,0),VLOOKUP(INT(MOD(MOD(YEAR($N$3),1000),100)/10),$A$3:$B$22,2,0)&" Puluh "&IF(MOD(MOD(YEAR($N$3),1000),10)=0,"",VLOOKUP(MOD(MOD(YEAR($N$3),1000),10),$A$3:$B$22,2,0)))))) | S3: ="Pada hari ini "&$O$3&", tanggal "&$P$3&" bulan "&$Q$3&" tahun "&$R$3&" ("&TEXT($N$3,"dd/mm/yyyy")&")"
A4: 1 | B4: Satu | D4: TOTAL SPM (Include PPN) | E4: =ROUND(ITEM!$C$109,0) | F4: =INT($E4/1000000000) | G4: =MOD(INT($E4/1000000),1000) | H4: =MOD(INT($E4/1000),1000) | I4: =MOD($E4,1000) | J4: =IF($F4=0,"",IF($F4=0,"",IF(INT($F4/100)=0,"",IF(INT($F4/100)=1,"Seratus ",VLOOKUP(INT($F4/100),$A$3:$B$22,2,0)&" Ratus "))&IF(MOD($F4,100)=0,"",IF(MOD($F4,100)<20,VLOOKUP(MOD($F4,100),$A$3:$B$22,2,0),VLOOKUP(INT(MOD($F4,100)/10),$A$3:$B$22,2,0)&" Puluh "&IF(MOD($F4,10)=0,"",VLOOKUP(MOD($F4,10),$A$3:$B$22,2,0)))))&" Miliar ") | K4: =IF($G4=0,"",IF($G4=1,"Satu Juta ",IF($G4=0,"",IF(INT($G4/100)=0,"",IF(INT($G4/100)=1,"Seratus ",VLOOKUP(INT($G4/100),$A$3:$B$22,2,0)&" Ratus "))&IF(MOD($G4,100)=0,"",IF(MOD($G4,100)<20,VLOOKUP(MOD($G4,100),$A$3:$B$22,2,0),VLOOKUP(INT(MOD($G4,100)/10),$A$3:$B$22,2,0)&" Puluh "&IF(MOD($G4,10)=0,"",VLOOKUP(MOD($G4,10),$A$3:$B$22,2,0)))))&" Juta "))&IF($H4=0,"",IF($H4=1,"Seribu ",IF($H4=0,"",IF(INT($H4/100)=0,"",IF(INT($H4/100)=1,"Seratus ",VLOOKUP(INT($H4/100),$A$3:$B$22,2,0)&" Ratus "))&IF(MOD($H4,100)=0,"",IF(MOD($H4,100)<20,VLOOKUP(MOD($H4,100),$A$3:$B$22,2,0),VLOOKUP(INT(MOD($H4,100)/10),$A$3:$B$22,2,0)&" Puluh "&IF(MOD($H4,10)=0,"",VLOOKUP(MOD($H4,10),$A$3:$B$22,2,0)))))&" Ribu "))&IF($I4=0,"",IF(INT($I4/100)=0,"",IF(INT($I4/100)=1,"Seratus ",VLOOKUP(INT($I4/100),$A$3:$B$22,2,0)&" Ratus "))&IF(MOD($I4,100)=0,"",IF(MOD($I4,100)<20,VLOOKUP(MOD($I4,100),$A$3:$B$22,2,0),VLOOKUP(INT(MOD($I4,100)/10),$A$3:$B$22,2,0)&" Puluh "&IF(MOD($I4,10)=0,"",VLOOKUP(MOD($I4,10),$A$3:$B$22,2,0))))) | L4: =IF($E4=0,"== Nol Rupiah ==","== "&TRIM($J4&$K4)&" Rupiah ==")
A5: 2 | B5: Dua | D5: BAPM - Jumlah Pembayaran Diterima | E5: =ROUND(BAPM!$K$135,0) | F5: =INT($E5/1000000000) | G5: =MOD(INT($E5/1000000),1000) | H5: =MOD(INT($E5/1000),1000) | I5: =MOD($E5,1000) | J5: =IF($F5=0,"",IF($F5=0,"",IF(INT($F5/100)=0,"",IF(INT($F5/100)=1,"Seratus ",VLOOKUP(INT($F5/100),$A$3:$B$22,2,0)&" Ratus "))&IF(MOD($F5,100)=0,"",IF(MOD($F5,100)<20,VLOOKUP(MOD($F5,100),$A$3:$B$22,2,0),VLOOKUP(INT(MOD($F5,100)/10),$A$3:$B$22,2,0)&" Puluh "&IF(MOD($F5,10)=0,"",VLOOKUP(MOD($F5,10),$A$3:$B$22,2,0)))))&" Miliar ") | K5: =IF($G5=0,"",IF($G5=1,"Satu Juta ",IF($G5=0,"",IF(INT($G5/100)=0,"",IF(INT($G5/100)=1,"Seratus ",VLOOKUP(INT($G5/100),$A$3:$B$22,2,0)&" Ratus "))&IF(MOD($G5,100)=0,"",IF(MOD($G5,100)<20,VLOOKUP(MOD($G5,100),$A$3:$B$22,2,0),VLOOKUP(INT(MOD($G5,100)/10),$A$3:$B$22,2,0)&" Puluh "&IF(MOD($G5,10)=0,"",VLOOKUP(MOD($G5,10),$A$3:$B$22,2,0)))))&" Juta "))&IF($H5=0,"",IF($H5=1,"Seribu ",IF($H5=0,"",IF(INT($H5/100)=0,"",IF(INT($H5/100)=1,"Seratus ",VLOOKUP(INT($H5/100),$A$3:$B$22,2,0)&" Ratus "))&IF(MOD($H5,100)=0,"",IF(MOD($H5,100)<20,VLOOKUP(MOD($H5,100),$A$3:$B$22,2,0),VLOOKUP(INT(MOD($H5,100)/10),$A$3:$B$22,2,0)&" Puluh "&IF(MOD($H5,10)=0,"",VLOOKUP(MOD($H5,10),$A$3:$B$22,2,0)))))&" Ribu "))&IF($I5=0,"",IF(INT($I5/100)=0,"",IF(INT($I5/100)=1,"Seratus ",VLOOKUP(INT($I5/100),$A$3:$B$22,2,0)&" Ratus "))&IF(MOD($I5,100)=0,"",IF(MOD($I5,100)<20,VLOOKUP(MOD($I5,100),$A$3:$B$22,2,0),VLOOKUP(INT(MOD($I5,100)/10),$A$3:$B$22,2,0)&" Puluh "&IF(MOD($I5,10)=0,"",VLOOKUP(MOD($I5,10),$A$3:$B$22,2,0))))) | L5: =IF($E5=0,"== Nol Rupiah ==","== "&TRIM($J5&$K5)&" Rupiah ==")
A6: 3 | B6: Tiga | D6: BAP - TOTAL (Include PPN) | E6: =ROUND(BAP!$L$47,0) | F6: =INT($E6/1000000000) | G6: =MOD(INT($E6/1000000),1000) | H6: =MOD(INT($E6/1000),1000) | I6: =MOD($E6,1000) | J6: =IF($F6=0,"",IF($F6=0,"",IF(INT($F6/100)=0,"",IF(INT($F6/100)=1,"Seratus ",VLOOKUP(INT($F6/100),$A$3:$B$22,2,0)&" Ratus "))&IF(MOD($F6,100)=0,"",IF(MOD($F6,100)<20,VLOOKUP(MOD($F6,100),$A$3:$B$22,2,0),VLOOKUP(INT(MOD($F6,100)/10),$A$3:$B$22,2,0)&" Puluh "&IF(MOD($F6,10)=0,"",VLOOKUP(MOD($F6,10),$A$3:$B$22,2,0)))))&" Miliar ") | K6: =IF($G6=0,"",IF($G6=1,"Satu Juta ",IF($G6=0,"",IF(INT($G6/100)=0,"",IF(INT($G6/100)=1,"Seratus ",VLOOKUP(INT($G6/100),$A$3:$B$22,2,0)&" Ratus "))&IF(MOD($G6,100)=0,"",IF(MOD($G6,100)<20,VLOOKUP(MOD($G6,100),$A$3:$B$22,2,0),VLOOKUP(INT(MOD($G6,100)/10),$A$3:$B$22,2,0)&" Puluh "&IF(MOD($G6,10)=0,"",VLOOKUP(MOD($G6,10),$A$3:$B$22,2,0)))))&" Juta "))&IF($H6=0,"",IF($H6=1,"Seribu ",IF($H6=0,"",IF(INT($H6/100)=0,"",IF(INT($H6/100)=1,"Seratus ",VLOOKUP(INT($H6/100),$A$3:$B$22,2,0)&" Ratus "))&IF(MOD($H6,100)=0,"",IF(MOD($H6,100)<20,VLOOKUP(MOD($H6,100),$A$3:$B$22,2,0),VLOOKUP(INT(MOD($H6,100)/10),$A$3:$B$22,2,0)&" Puluh "&IF(MOD($H6,10)=0,"",VLOOKUP(MOD($H6,10),$A$3:$B$22,2,0)))))&" Ribu "))&IF($I6=0,"",IF(INT($I6/100)=0,"",IF(INT($I6/100)=1,"Seratus ",VLOOKUP(INT($I6/100),$A$3:$B$22,2,0)&" Ratus "))&IF(MOD($I6,100)=0,"",IF(MOD($I6,100)<20,VLOOKUP(MOD($I6,100),$A$3:$B$22,2,0),VLOOKUP(INT(MOD($I6,100)/10),$A$3:$B$22,2,0)&" Puluh "&IF(MOD($I6,10)=0,"",VLOOKUP(MOD($I6,10),$A$3:$B$22,2,0))))) | L6: =IF($E6=0,"== Nol Rupiah ==","== "&TRIM($J6&$K6)&" Rupiah ==")
A7: 4 | B7: Empat
A8: 5 | B8: Lima
A9: 6 | B9: Enam
A10: 7 | B10: Tujuh
A11: 8 | B11: Delapan
A12: 9 | B12: Sembilan
A13: 10 | B13: Sepuluh
A14: 11 | B14: Sebelas
A15: 12 | B15: Dua Belas
A16: 13 | B16: Tiga Belas
A17: 14 | B17: Empat Belas
A18: 15 | B18: Lima Belas
... A22: 19 | B22: Sembilan Belas
A25: PEMFORMAT RUPIAH ANTI-BEDA REGIONAL (selalu titik ribuan & koma desimal)
A26: Keterangan | B26: Nilai | C26: Miliar | D26: Juta | E26: Ribu | F26: Satuan | G26: Desimal | H26: Teks (0 desimal) | I26: Teks (2 desimal)
A27: Total termasuk PPN (SPM) | B27: =ITEM!$C$109 | C27: =INT(ABS($B27)/1000000000) | D27: =MOD(INT(ABS($B27)/1000000),1000) | E27: =MOD(INT(ABS($B27)/1000),1000) | F27: =MOD(INT(ABS($B27)),1000) | G27: =RIGHT("0"&ROUND(MOD(ABS($B27),1)*100,0),2) | H27: =IF($B27<0,"-","")&IF($C27>0,$C27&"."&RIGHT("00"&$D27,3)&"."&RIGHT("00"&$E27,3)&"."&RIGHT("00"&$F27,3),IF($D27>0,$D27&"."&RIGHT("00"&$E27,3)&"."&RIGHT("00"&$F27,3),IF($E27>0,$E27&"."&RIGHT("00"&$F27,3),$F27&""))) | I27: =$H27&","&$G27
A28: Nilai kontrak exclude PPN (BAPM/BAP) | B28: =ITEM!$C$107 | C28: =INT(ABS($B28)/1000000000) | D28: =MOD(INT(ABS($B28)/1000000),1000) | E28: =MOD(INT(ABS($B28)/1000),1000) | F28: =MOD(INT(ABS($B28)),1000) | G28: =RIGHT("0"&ROUND(MOD(ABS($B28),1)*100,0),2) | H28: =IF($B28<0,"-","")&IF($C28>0,$C28&"."&RIGHT("00"&$D28,3)&"."&RIGHT("00"&$E28,3)&"."&RIGHT("00"&$F28,3),IF($D28>0,$D28&"."&RIGHT("00"&$E28,3)&"."&RIGHT("00"&$F28,3),IF($E28>0,$E28&"."&RIGHT("00"&$F28,3),$F28&""))) | I28: =$H28&","&$G28
A31: KONTROL BARIS CETAK
A32: Jumlah item terisi (ITEM!B4:B103) | B32: =COUNTA(ITEM!$B$4:$B$103)
A33: Baris kosong yang ditampilkan | B33: 2
A34: SPM - baris item terakhir yang tampil | B34: =12+B32+B33
A35: BAPM - baris item terakhir yang tampil | B35: =25+B32+B33
A36: Cara refresh: sembunyikan baris item di bawah baris B34 (SPM) / B35 (BAPM) agar cetakan hanya menyisakan 2 baris kosong.
